SET session_replication_role = replica;

--
-- PostgreSQL database dump
--

-- \restrict 3aMAU4XYZNNWtCVyKj7b6Cp4FRMd5hTvCTKoki5TcXHOYVAXVaRhm1bzxX7njqv

-- Dumped from database version 17.6
-- Dumped by pg_dump version 17.6

SET statement_timeout = 0;
SET lock_timeout = 0;
SET idle_in_transaction_session_timeout = 0;
SET transaction_timeout = 0;
SET client_encoding = 'UTF8';
SET standard_conforming_strings = on;
SELECT pg_catalog.set_config('search_path', '', false);
SET check_function_bodies = false;
SET xmloption = content;
SET client_min_messages = warning;
SET row_security = off;

--
-- Data for Name: audit_log_entries; Type: TABLE DATA; Schema: auth; Owner: supabase_auth_admin
--

COPY "auth"."audit_log_entries" ("instance_id", "id", "payload", "created_at", "ip_address") FROM stdin;
\.


--
-- Data for Name: custom_oauth_providers; Type: TABLE DATA; Schema: auth; Owner: supabase_auth_admin
--

COPY "auth"."custom_oauth_providers" ("id", "provider_type", "identifier", "name", "client_id", "client_secret", "acceptable_client_ids", "scopes", "pkce_enabled", "attribute_mapping", "authorization_params", "enabled", "email_optional", "issuer", "discovery_url", "skip_nonce_check", "cached_discovery", "discovery_cached_at", "authorization_url", "token_url", "userinfo_url", "jwks_uri", "created_at", "updated_at") FROM stdin;
\.


--
-- Data for Name: flow_state; Type: TABLE DATA; Schema: auth; Owner: supabase_auth_admin
--

COPY "auth"."flow_state" ("id", "user_id", "auth_code", "code_challenge_method", "code_challenge", "provider_type", "provider_access_token", "provider_refresh_token", "created_at", "updated_at", "authentication_method", "auth_code_issued_at", "invite_token", "referrer", "oauth_client_state_id", "linking_target_id", "email_optional") FROM stdin;
10763f44-325b-49c1-ada6-08407558f844	a6ecd637-a278-49c1-a87e-98fb77bcb9e0	a2b9a939-b5e3-4288-a9f6-6817c59b3653	s256	wGcTHejgLvlugQjb_ai3ucxO_2WVxaGhuv0CRiej-dc	magiclink			2026-01-15 09:31:03.314593+00	2026-01-15 09:31:45.087893+00	magiclink	2026-01-15 09:31:45.087837+00	\N	\N	\N	\N	f
5c1a4b5d-ff96-4a33-bbed-f5f1f07a1e21	a6ecd637-a278-49c1-a87e-98fb77bcb9e0	3a37b89f-d88f-4be0-93fe-852d57743e68	s256	BXKskTJvvpU7wQE8at20a6EeBR9n_CFCBMKNUQZrCb8	magiclink			2026-01-14 19:54:05.394621+00	2026-01-14 19:54:05.394621+00	magiclink	\N	\N	\N	\N	\N	f
c67202b6-6cf8-4076-ac00-0862aa7cad93	a6ecd637-a278-49c1-a87e-98fb77bcb9e0	c3b5fef6-0e0b-4545-87a6-91e7c24d12dc	s256	_PWdKGvCY2HWxfcro8s3py0XNRLH0X8HWQ4G3A3MT9c	magiclink			2026-01-14 19:59:24.944413+00	2026-01-14 19:59:24.944413+00	magiclink	\N	\N	\N	\N	\N	f
8bd73101-84af-4945-af26-512459f0e866	a6ecd637-a278-49c1-a87e-98fb77bcb9e0	dfff0851-7d50-42ad-9d38-3fc9d64d0713	s256	duXAxw7OCC0A3-_8Fz0eceJWM057b4XpDrZC5gN00NA	magiclink			2026-01-14 19:59:54.306779+00	2026-01-14 19:59:54.306779+00	magiclink	\N	\N	\N	\N	\N	f
c563f219-c9c0-44ae-b02d-91442d9b1622	a6ecd637-a278-49c1-a87e-98fb77bcb9e0	36ed12a7-29cf-4270-b2d0-d6410d6acd7d	s256	ELC6dMkcEEI4R10VjVmQirJVder5fR2e5pzEGrbCz1o	magiclink			2026-01-14 20:30:19.648831+00	2026-01-14 20:30:19.648831+00	magiclink	\N	\N	\N	\N	\N	f
8130ed0b-3e58-40c8-b62a-31d20d0aed3c	a6ecd637-a278-49c1-a87e-98fb77bcb9e0	2319195b-3b30-457c-9c3a-c43a61157e54	s256	wEpNEIDo1Iz-_fDGoFqbaOJXv58aer9dBeI95nPZzcE	magiclink			2026-01-14 20:30:22.092458+00	2026-01-14 20:30:22.092458+00	magiclink	\N	\N	\N	\N	\N	f
c9303cba-9f9a-4fff-89a6-71fa02dc89ba	a6ecd637-a278-49c1-a87e-98fb77bcb9e0	829c4db8-990c-4683-b0aa-bba9398bdeb0	s256	po2ctcYMNECXbiH_72iZei8dCVxG4E-ciiqj7FosBcQ	magiclink			2026-01-15 08:44:17.530716+00	2026-01-15 08:44:29.269624+00	magiclink	2026-01-15 08:44:29.26958+00	\N	\N	\N	\N	f
3c5f16f8-03e2-4333-b4dc-58b1be769ce0	a6ecd637-a278-49c1-a87e-98fb77bcb9e0	0e5e08bf-9a39-4fdd-a3db-900f3ea09318	s256	vLNMvaIPT8XXwOkWeR415YoNQNTntDJ0tokL0DHxnIY	magiclink			2026-01-15 08:48:42.939582+00	2026-01-15 08:48:55.151402+00	magiclink	2026-01-15 08:48:55.151357+00	\N	\N	\N	\N	f
cb1efaad-d768-418b-b1e6-2cd8c36d7367	a6ecd637-a278-49c1-a87e-98fb77bcb9e0	f0ac82e0-0229-4977-a747-84679437a180	s256	9MHrmfrt3tZ5Xc3lHwoi5gbCRI07FOL0wonqcyKpBrg	magiclink			2026-01-15 08:50:40.942886+00	2026-01-15 08:50:54.529726+00	magiclink	2026-01-15 08:50:54.529673+00	\N	\N	\N	\N	f
38afea1a-94f6-4928-a5bf-fc99b4b096e1	a6ecd637-a278-49c1-a87e-98fb77bcb9e0	cfb3021b-c1bb-491c-88dc-74fc07e411e4	s256	TyBfCIJyNtKt0vOxMmwQpc1nSgTu6Jj5SN6QOXCxqn4	magiclink			2026-01-15 08:51:41.18053+00	2026-01-15 08:52:03.312078+00	magiclink	2026-01-15 08:52:03.312043+00	\N	\N	\N	\N	f
a6d3d89f-7527-4068-bbde-b5af9afc3a0b	a6ecd637-a278-49c1-a87e-98fb77bcb9e0	f510c4d0-aa00-4ba9-b4a0-52f7121891c5	s256	NkYGzDGTrEW7gTCwR5B2K49U467Ulf0JGIi7sVydnK4	magiclink			2026-01-15 08:54:50.236108+00	2026-01-15 08:55:02.895737+00	magiclink	2026-01-15 08:55:02.895697+00	\N	\N	\N	\N	f
03cdb92d-568c-442c-be17-3f5d0e55fa1a	a6ecd637-a278-49c1-a87e-98fb77bcb9e0	04068b36-f411-46af-adc2-176ddbf28c2b	s256	Aul-OQZbTkGIay7TjHBo9OWTtrEworze9as7r3aB4A0	magiclink			2026-01-15 08:56:55.788191+00	2026-01-15 08:57:10.549437+00	magiclink	2026-01-15 08:57:10.549398+00	\N	\N	\N	\N	f
e329ccbe-cf5c-4964-acc3-d62181e6d33a	a6ecd637-a278-49c1-a87e-98fb77bcb9e0	0de51aa6-d40e-44ef-920f-c83f3591c454	s256	v86k789hq5zXR36WYAJCHyOCGXtOHBeDA89U06TLslo	magiclink			2026-01-15 08:58:15.813425+00	2026-01-15 08:58:26.79466+00	magiclink	2026-01-15 08:58:26.794617+00	\N	\N	\N	\N	f
46c299dd-e780-49e8-b53c-29fe3953342e	a6ecd637-a278-49c1-a87e-98fb77bcb9e0	5ff02718-6627-487b-9302-c56e0121e8ee	s256	eH0GUm4LRG8ogmpDr-x1Nx9U-QXDeA7UwYgC1Y3ktdU	magiclink			2026-01-15 09:04:15.572218+00	2026-01-15 09:04:29.229917+00	magiclink	2026-01-15 09:04:29.229873+00	\N	\N	\N	\N	f
c378bc35-5d60-4d3e-8f67-b8ebe4b9942c	a6ecd637-a278-49c1-a87e-98fb77bcb9e0	3d2d6c56-a11b-4648-93b3-90d6bd938349	s256	F1eq2yUDdpO3yG8ezEtxP6J1_fsuDhIY8DEahl18WPk	magiclink			2026-01-15 09:06:16.403809+00	2026-01-15 09:06:44.171503+00	magiclink	2026-01-15 09:06:44.171465+00	\N	\N	\N	\N	f
f05e0676-952a-4880-b674-d44948b2c103	a6ecd637-a278-49c1-a87e-98fb77bcb9e0	eafd0835-774a-4c29-b343-b33c58814063	s256	_rsBkLq5WSq7mjAsGX23XSLQbB9-6lGwWQDRWzl_ues	magiclink			2026-01-15 09:11:49.08488+00	2026-01-15 09:12:09.804411+00	magiclink	2026-01-15 09:12:09.804368+00	\N	\N	\N	\N	f
47b779be-b05a-458a-9e1f-c9e13847e0b6	a6ecd637-a278-49c1-a87e-98fb77bcb9e0	8709c033-9a45-424d-b43d-7066b8fe5555	s256	gMZsgH7jLP8mXWspnTF9_d9uq7M0hXQUkUzD2ZMOh3I	magiclink			2026-01-15 09:16:45.71597+00	2026-01-15 09:17:03.659732+00	magiclink	2026-01-15 09:17:03.659689+00	\N	\N	\N	\N	f
10c0434b-3c0e-4e5f-884a-6287403f7532	a6ecd637-a278-49c1-a87e-98fb77bcb9e0	74c929a5-3411-4a31-9578-07a677f3e067	s256	mDElBakX7Qu8ARljH7hNAZaPxemkrGb_KgjSyQLoIV0	magiclink			2026-01-15 09:29:23.342963+00	2026-01-15 09:30:03.945989+00	magiclink	2026-01-15 09:30:03.945949+00	\N	\N	\N	\N	f
3db4d352-67e9-4761-872a-8ed177a7b5b2	a6ecd637-a278-49c1-a87e-98fb77bcb9e0	22ea9c37-858e-4cda-837d-df78d85f9456	s256	ldkiLaSau0XdDh8U9MUCdEEFJRBwZq8wwDT6PDxrGDk	magiclink			2026-01-16 21:23:53.155896+00	2026-01-16 21:23:53.155896+00	magiclink	\N	\N	\N	\N	\N	f
ce24eb4f-1155-415b-8cb4-6a704f0d2fe5	a6ecd637-a278-49c1-a87e-98fb77bcb9e0	025e140d-331d-4d71-8804-a1ba9efc11d6	s256	DsxSDOzgl1SNZqstcFwYn9kyl7thheKcrPcZdDJI-kk	magiclink			2026-01-16 21:37:37.197877+00	2026-01-16 21:37:37.197877+00	magiclink	\N	\N	\N	\N	\N	f
49dd6754-3832-48bb-bdc4-2fa9124d55e2	a6ecd637-a278-49c1-a87e-98fb77bcb9e0	9fe25300-75f0-4486-9bb5-f1f268b1644b	s256	4L8H8JoM45hQJ3P1csxUyDGoltVMKTHN-YhVGMf2od4	magiclink			2026-01-16 21:41:00.016984+00	2026-01-16 21:41:00.016984+00	magiclink	\N	\N	\N	\N	\N	f
50a630ec-ed27-4774-8244-fe96db9e07da	5beea7ab-c8e8-423e-8092-b4e65b163cf7	927d046b-4b8d-41cd-ae2b-237f51615317	s256	YuIix3OZY7YEeB8HG0__OWPVsY7kqLRe9Aow5ZJr5A8	google	ya29.A0AUMWg_L76cV4kLd5BXbT_2Og4wgpy8nENWQrs36EIziFXLQ8UHrnAWHW_mOKM3EyaWF9OzH5nA3VTDuYQM9z-VCKQiBb6uBcVHpXfPeb79w-7vukc51xwWG8tDaO9QJt1Jya0n5LdwAxaLlRUxdEx0uFsmNeEXxAgdRA_uOMBeVi767ms7NMDOHhU7WZ1gmZHKB7g8uEANUvXHC_6zczAbR948LHlLToec2PbiicAiDyT1trBrP7jK3UEWcf_83ywPyLk5Z0HwCyY_Hx2u_efhDiUCC9KQaCgYKAbYSARQSFQHGX2MiOlJ2cO0592EzvU73-pCqBg0293		2026-01-23 19:52:49.592638+00	2026-01-23 19:53:02.374088+00	oauth	2026-01-23 19:53:02.374031+00	\N	\N	\N	\N	f
ecb03ebe-a4ce-460b-8d82-1ed052c97155	a6ecd637-a278-49c1-a87e-98fb77bcb9e0	b61b2db3-8434-431d-a2b3-e832e2b5cbc2	s256	ePLRZN5pAFj5SyPge_0rihCnpaakLQHia925g-RN3Bg	recovery			2026-01-15 17:50:35.825967+00	2026-01-15 17:50:35.825967+00	recovery	\N	\N	\N	\N	\N	f
9bbfd19b-77f3-4807-b856-fab84be7853d	a6ecd637-a278-49c1-a87e-98fb77bcb9e0	5dc88671-ea91-4b29-82de-a78e6d0750b3	s256	Q0y8dwIONjSXnTXBy4L-qFfc7huD6Lr7UbrVVNYNu_I	magiclink			2026-01-15 17:50:59.795173+00	2026-01-15 17:50:59.795173+00	magiclink	\N	\N	\N	\N	\N	f
de01f8e1-564f-496c-9fed-7b269516a4c5	e5484882-26c8-430d-9c84-7ce112269fe8	dcefe49e-5a62-4fdf-b3e0-5973020d6978	s256	U3yfktrMk2X2uXyoOIYy7jWwIkaNjR1Mitx814V9IcQ	magiclink			2026-01-17 12:27:49.627865+00	2026-01-17 12:28:08.562871+00	magiclink	2026-01-17 12:28:08.562832+00	\N	\N	\N	\N	f
6c313a2d-c075-41e2-8e59-4cf8b746a4ae	\N	01925fc1-8ed8-4158-b2a4-a18e96521dfe	s256	hdWidBLZgWFGCF4LftsfdLpMITIDCrGzEJNpLCp8Z6Y	google			2026-01-17 12:39:57.699378+00	2026-01-17 12:39:57.699378+00	oauth	\N	\N	\N	\N	\N	f
3caa2308-cef9-4ec7-b2bd-39a04d7e7231	\N	a46380cd-5ef7-42af-a6e7-e58abf239825	s256	T7tuF9XrZKQM0ZNFY5lgtPdn3w_r2LxOjbYMHu41k-A	google			2026-01-17 12:41:17.908601+00	2026-01-17 12:41:17.908601+00	oauth	\N	\N	\N	\N	\N	f
7df87655-d5d9-4a26-a3c5-dacd5da9b1eb	\N	ae27caf6-7392-46a5-8188-5eaa0df062dd	s256	hed3tDkYyWAz4esTYdVKDNgruRnYFXRBuWce27PsFo0	google			2026-01-17 12:43:42.233006+00	2026-01-17 12:43:42.233006+00	oauth	\N	\N	\N	\N	\N	f
53f454e5-59b4-4054-890c-b6c40646c0bd	\N	6bfa10e5-722d-4503-9185-d5a8afdc263c	s256	mn3rKYrEhpnyB4pUlc8JjmicMSMz-4lCDbW8SNQwAhQ	google			2026-01-17 12:46:00.801286+00	2026-01-17 12:46:00.801286+00	oauth	\N	\N	\N	\N	\N	f
4f0d9e1c-aaf6-4b60-aa16-620d42fc6ae5	\N	f07904e0-28ae-4428-8fe1-4cd4ea97dd5b	s256	OZ1REqoDdT5HAy9T4nkaV1gTO0ZJuPlREEt-CwJ7iBU	google			2026-01-17 12:46:30.064928+00	2026-01-17 12:46:30.064928+00	oauth	\N	\N	\N	\N	\N	f
1a09ee68-666d-4088-b34a-0977749660d8	\N	6741d3ee-9642-4d5a-a16c-215429aa2805	s256	Qfbh5ZaHCoDQBrCZaFDuPZ5YrEY2PbPXFoIF1DIZWD8	google			2026-01-17 12:48:21.303693+00	2026-01-17 12:48:21.303693+00	oauth	\N	\N	\N	\N	\N	f
369ea245-3b03-4cd9-ad58-7580fc5798e8	\N	7431a584-e53a-48a1-bb13-eaa0725e0352	s256	qtWMHmzGssHuukzy94Y9WLjl3OpckG4XgVn4RQ1bR_k	google			2026-01-17 12:52:46.067462+00	2026-01-17 12:52:46.067462+00	oauth	\N	\N	\N	\N	\N	f
bf6cc543-835b-48f1-a540-4308595ad86d	\N	9dc36051-2b43-493b-97a7-935e64263019	s256	SEm0qr7eD8u-8Gz1kfFsuyHsnGZsm8DYzgZbYNRHrPI	azure			2026-01-17 13:05:37.753902+00	2026-01-17 13:05:37.753902+00	oauth	\N	\N	\N	\N	\N	f
54cc4b99-3ede-4664-b0a9-bffb002af030	\N	cfd5b84e-fcf1-4386-9c4e-8b486c7c7272	s256	GYGPJmJQrsxKlkPoou6lnXR7Ab-kV9qrhvhvp3JjiZI	google			2026-01-17 16:09:51.638542+00	2026-01-17 16:09:51.638542+00	oauth	\N	\N	\N	\N	\N	f
752de245-065c-4609-9718-9b6e2016e13f	\N	cd80edde-22d4-453f-ae59-b496021a01e3	s256	eYqhO48QXSJ-fLzANwqizXjrksYSCH-ZR_DNI-eDbtg	google			2026-01-17 16:10:56.881994+00	2026-01-17 16:10:56.881994+00	oauth	\N	\N	\N	\N	\N	f
0087a332-a0ac-4a99-8345-47b83e084337	e5484882-26c8-430d-9c84-7ce112269fe8	ee5af83f-d867-44d6-b116-41cb06c14293	s256	7mB4DKTRL5CRjHAG6Grtc-XQWV8PpABr4KyZXxz603U	google	ya29.A0AUMWg_JzGsIpruW5bIVn9Ba4Rmhj3GpCVb5hDUGEEAnN0Z_sSN5X4Xc2RX602Kk1_kPa4Wu-wFNiWddaqs4wAo5Ew2S5Wl4xJ1oYv3FvGaU0fGHv-JL6WMHHNCNeMYMwabKxHX8R6sWtHDse_rks68UxABFASQfWzV7RxOpRUJLxPahDluqJB6_vyf8T3xMtTqi_Pwea5a2Mfgbm2bVMfpUHCMun21p2Wv6uS64LSRR1YEvLjXNBWrdG-CC78FTa4n5J8PLH8PvxIhQDiuPPbYksxlyJaCgYKAbQSAQ4SFQHGX2MiB62zrT2GdrV1zlXpdZvgaQ0291		2026-01-18 13:27:04.891173+00	2026-01-18 13:27:06.141727+00	oauth	2026-01-18 13:27:06.14168+00	\N	\N	\N	\N	f
4c61bec0-9511-4251-b935-4e6f046e9507	a6ecd637-a278-49c1-a87e-98fb77bcb9e0	61270b68-924d-4752-81e2-1c922fc73cc7	plain	67968b43e47368c0ed16a316389bee53e2adb367a4343218ed399d61f6b3d0f8c709dd665d8d96e85e1d54de1889318a052df9b3e8c03f32	google	ya29.A0AUMWg_J_8qL7KouFJVrFYeQcVZ4dXDhyR3q7ce_d4rO4DTdE-4L_RlgrSuNZ1xuXBwZAX-yWY6mhKPa9KuckBps7eUL_7FRthFDRQubd40QhCg7pLCLXzGKnOC6PgKxNKru71WEMwo7bcritHprhmaEeTfVgUjphlJPu_0NahbY6HoOvSj32o9XoyC0zX0exIZkTnYCCf6Xam_CNmGI13rA4Ei1PCN4Ehb8eq_lpoOBFHg0f7j8WQplZCFHYCnS0772rpsPxRzklqHwCuZ-fRIPNyEvrggaCgYKATYSARQSFQHGX2MiZcOQP_itrtSeAr9NASbhsA0293		2026-01-18 14:22:50.01258+00	2026-01-18 14:22:54.603314+00	oauth	2026-01-18 14:22:54.603265+00	\N	\N	\N	\N	f
905fd836-96ac-483c-bcfd-57811075c060	3d4fcee7-7b78-42a5-bac5-8293378a86b2	620942df-7653-45c3-ba4c-52373323ad84	s256	IGuxNuu6ijs43My0T7dCJZlFzm2Ee7Gzmi5hIpa5QFc	google	ya29.A0AUMWg_IegDymOyGCiIMX5URDMnAXDr8knLIKNhhXWVGL0MbBzBKRXPX2Fn0QPCrFks1YFQx-LzT3aonGqLNGpTwDBOziTJLn8sj2J3Exa9uoRYR_0dSms04n9I_-QpadmpPDaAZO_YJxQ99O-_WqhHTP9Pv7qQcfdfqB2j1lldh6PG-h-FneQg39htJ7aA__xFD_YRUtVjdRenXbDI2vX6U7zu5KptpRSlhsthMRT0597_dxzu7eIIUiBKFvqr36MUJR_h5Fyv884PjaJsvU-wJwKJ8uaCgYKAdgSARQSFQHGX2MiD4TaFN2XtShN0IDVpogYJQ0291		2026-01-26 12:06:40.709493+00	2026-01-26 12:06:44.400231+00	oauth	2026-01-26 12:06:44.400187+00	\N	\N	\N	\N	f
974dc299-bfa2-4207-b384-b1154e857f08	\N	4e1e3585-c0db-4992-92cc-fc9a9717c657	s256	sAjps5d5v5l0mpvS3HkZbgElu1mi8ARLrG4iZXbnH18	google			2026-01-23 17:53:34.097342+00	2026-01-23 17:53:34.097342+00	oauth	\N	\N	\N	\N	\N	f
c927d347-2476-4557-8e91-d4516ed065f6	3d4fcee7-7b78-42a5-bac5-8293378a86b2	93ac3c23-3e66-48ab-a4ba-217f1251a6dd	s256	2pe94WsYwwxqCUfMs57rvHhVMdsINDKmaNJR7rbDPlY	magiclink			2026-01-28 00:15:06.470239+00	2026-01-28 00:15:06.470239+00	magiclink	\N	\N	\N	\N	\N	f
07331d63-3edc-4086-b606-b308bbd20b1d	\N	16ced1fc-1c13-42d0-9d1a-13e01adbf518	s256	S9_wUffHFEL5riqJt7rEO5uxUZlC1EO8DE2UhNKYi4A	discord			2026-01-28 00:21:47.785301+00	2026-01-28 00:21:47.785301+00	oauth	\N	\N	\N	\N	\N	f
88e97b0f-68ae-442d-ba89-33274b611750	3d4fcee7-7b78-42a5-bac5-8293378a86b2	136074ac-1ee7-466a-8042-20449e43eaad	s256	Uwm4eV-rxs0b1l_tJ-A6STcQyEyExFwxF7gieCUGzO8	google	ya29.A0AUMWg_JFJU_RzovDFAjDEJta4w5OX7nmV2zZf1of-4iUgm8txDxcFxEvl3ML184UdAn3dPYEhsYKCD4k7nc3u7E_sRICAaGsR_COokr_rPHf_mW8GEVTyHkMG_v-n1AXh3i6Hn3r2jLbwhDWG8jcU7Y7lOR3c1CiR3Z_CXTij5Fffk-orPHtr2efkPiiQy7gr7_FzGxeHXT2-EmQCsek2WLgh3dOAaKz49DbzTz8X3PbeGLv9TZNL820naTgDFqO3p_DWxBXqL0RvfYIIff380I-OVyVhQaCgYKAQQSARQSFQHGX2Mimk8MK5yjITkxYmpd088HWQ0293		2026-01-28 00:23:48.975067+00	2026-01-28 00:23:52.833625+00	oauth	2026-01-28 00:23:52.833584+00	\N	\N	\N	\N	f
ea657de6-6e84-49ec-9626-04e1de4d4c7a	3d4fcee7-7b78-42a5-bac5-8293378a86b2	d622c46a-6f99-4670-9ade-cb4622eff08d	s256	lBnC-B1XrJoscpbwU3rMcsy_qtFZmAG0ZG2rPJ-6O3o	magiclink			2026-01-28 00:29:13.370538+00	2026-01-28 00:29:13.370538+00	magiclink	\N	\N	\N	\N	\N	f
9d2d243a-b639-4be6-a612-e533b86824c8	170703e4-242e-47aa-9042-2b150614574c	09f5d57b-abfd-4586-9783-f988d83d4efe	s256	iaQ39C2BJgr-wn2MOFLacLp0AxcwO2VooPkeivBHwtI	email			2026-01-23 20:43:10.954481+00	2026-01-23 20:43:10.954481+00	email/signup	\N	\N	\N	\N	\N	f
f589575c-ce98-4bb7-a468-7ef9645d898e	3d4fcee7-7b78-42a5-bac5-8293378a86b2	a9caa77d-3d1a-42c7-a823-11e884d16519	s256	aigrk6AJScQ4gvQTG_OIQjdA7ek1znMuYgo18xPGNL4	magiclink			2026-01-28 00:29:20.348423+00	2026-01-28 00:29:20.348423+00	magiclink	\N	\N	\N	\N	\N	f
bba5238f-d78a-419b-ac2b-b92d6824c3e8	3d4fcee7-7b78-42a5-bac5-8293378a86b2	eaed373b-a75f-4cc1-95f9-a03910d0b6e3	s256	W5u-YVHQNl2uZzhl2Moag5hluYftTRGV9gBP03hh6c4	magiclink			2026-01-28 00:33:11.265959+00	2026-01-28 00:33:11.265959+00	magiclink	\N	\N	\N	\N	\N	f
af3c2950-c041-412f-8348-2bcadb53b324	3d4fcee7-7b78-42a5-bac5-8293378a86b2	0c03d1b0-48be-4bb6-b090-cc17c2c94612	s256	8O4veX8xtDopVr5xaWFqjofz8DlQcccUqTq-AMQF5D4	magiclink			2026-01-28 00:34:41.116701+00	2026-01-28 00:34:41.116701+00	magiclink	\N	\N	\N	\N	\N	f
7d8df687-6056-483f-bdb0-a9b7ef233cfa	3d4fcee7-7b78-42a5-bac5-8293378a86b2	2908e9bb-d484-436e-87dc-48e69aaa3f09	s256	aVZteblnvA96wW148n7eCw1_T_NeeiKgdOzOKCdfJ_w	magiclink			2026-01-28 00:34:47.377245+00	2026-01-28 00:34:47.377245+00	magiclink	\N	\N	\N	\N	\N	f
945dcda7-face-422d-895d-de94967cf3cf	cd4bc3f3-6576-4257-9969-e880e1e5a516	423e105f-0456-4716-8020-40d6a46204e5	s256	ph6DdzDFwnxMX4BJLLUu89JMsMzCroJxxI1uyI_stEI	google	ya29.A0AUMWg_Ifdwl-zoV2gGx2DxdjT5J4o8N2Jy-hRSDi6oZLvNKWr9Jc5oT1V0as7y4_9bMG6RTqaUcalLg_hhHcBkuMmLc-f0v2bdh35EqjQHC9WPQl_5EAEho09vzuhXkfc7SXwhVuyT6YFB9-zcGb9fTUUybfeCIorA2cPVkUW6HI5tkxbSjU8WAWTsmzHY9UCxIUZSVjQQiANYfv34XlLtvxkt0pPZOnEnBvQqjm0MPUw_KsYFopf-IMjcmPF5Pe_nbCqHaX-ui4M3tFKpNxDBYnoPxLEQaCgYKAfYSARQSFQHGX2MieKeqo2gpkqxKJPoWxU3yiA0293		2026-01-19 20:40:52.662896+00	2026-01-19 20:40:58.204203+00	oauth	2026-01-19 20:40:58.204148+00	\N	\N	\N	\N	f
b0424dc1-f236-4b09-b0cf-dbd95283f25d	3d4fcee7-7b78-42a5-bac5-8293378a86b2	5c817dbe-847f-4142-9710-8791eb394f20	s256	xlN8joowNCYNT1fhsn1nZLUnwVPBGG1J3OOa_sGTCWw	magiclink			2026-01-28 00:35:18.667353+00	2026-01-28 00:35:18.667353+00	magiclink	\N	\N	\N	\N	\N	f
9494ab27-4f1c-4830-aeb0-ab6491253ae5	\N	81315a56-6bed-40c7-b4ea-51d50a35c855	s256	VnZ3PTptOJZA2je6j_q-bJv1Rr1-rhfJdtQmbU8gwvc	google			2026-01-24 12:36:19.80017+00	2026-01-24 12:36:19.80017+00	oauth	\N	\N	\N	\N	\N	f
e5278232-b8d1-4f40-bd8c-b5a3179b99d3	\N	f53704c5-4f49-4317-be68-3d12fc07f958	s256	4S-XOoTBafrMHvUNHlvWQLF30gJaChVihnCN0_Wu8Sw	discord			2026-01-24 12:39:28.424259+00	2026-01-24 12:39:28.424259+00	oauth	\N	\N	\N	\N	\N	f
59e23e50-ef3a-4bde-b5ea-916b90014cbc	\N	33f596fc-ba41-4955-bfd5-0361b638bc26	s256	AK7oGar_SrRxRS7D3r0m2-M_Mi4mGKDbWbfcLJtg0Gw	discord			2026-01-24 12:40:26.062196+00	2026-01-24 12:40:26.062196+00	oauth	\N	\N	\N	\N	\N	f
4033eaf1-9797-4d16-98f1-fba77548a035	\N	6d70fd1e-e064-4397-ab2d-95d11daff990	s256	AVdbcDa5XuUzyjLS8x77FUKZM4slOmR3iTTO1lH8uQ0	google			2026-01-24 12:41:34.500509+00	2026-01-24 12:41:34.500509+00	oauth	\N	\N	\N	\N	\N	f
b1ecd1fa-efef-4790-b1dc-6cd20aa9662f	\N	e0f0f661-5c4a-41f5-a1bf-ef50351a36b7	s256	kCSdxabQqXdHVwEw6v0vNEgDG1SO67V5pIv9F85zswQ	discord			2026-01-24 12:44:11.814105+00	2026-01-24 12:44:11.814105+00	oauth	\N	\N	\N	\N	\N	f
c7d6c7a4-1edd-4e62-968d-f7811f4bb81f	\N	ffb2a794-e6d7-469c-aebd-027530f6f8fe	s256	3O-8wTbvrF_gG4ONKRKAgDMGnVhJW5kCCO_dp0dsGVQ	google			2026-01-24 12:45:01.451085+00	2026-01-24 12:45:01.451085+00	oauth	\N	\N	\N	\N	\N	f
8cd115f0-4be4-4abe-9a89-f017a3b097fd	\N	e0192c62-9d16-4599-87dc-1b6d789f0a2b	s256	EE_k_oucOVdEUkrnLSdDT_GiEJAyitD_lUmJurrdOBY	google			2026-01-24 12:50:17.328212+00	2026-01-24 12:50:17.328212+00	oauth	\N	\N	\N	\N	\N	f
9f09b77e-aa81-4c1c-b5bb-54e6adf80816	\N	f7b5e63e-d76b-4a41-b392-49d5c64e3b2d	s256	aMGZpFrQwX061CvGP3kegTAGyb2DXWjVyZa6nXyxZJo	discord			2026-01-24 12:50:25.814621+00	2026-01-24 12:50:25.814621+00	oauth	\N	\N	\N	\N	\N	f
4d38ef56-759b-488d-932f-f9ce3c7d32d8	\N	8c6f53c4-1901-407b-8894-dd0de96ee662	s256	qhQqt0kH9SrUj8F-MWEqEj1MuGnX0m-0eit6otWrZUw	google			2026-01-24 12:50:36.71544+00	2026-01-24 12:50:36.71544+00	oauth	\N	\N	\N	\N	\N	f
fc964f7a-1a80-4d06-ad6c-3bb2263c605e	\N	f57eead0-0df7-4634-92bb-7bd7628a63cd	s256	_ve8OrwVda_C7_tnvUdtF4cQ9Fr6mUcLBUQiuv5R4RM	google			2026-01-24 12:52:36.438869+00	2026-01-24 12:52:36.438869+00	oauth	\N	\N	\N	\N	\N	f
a7010745-402e-4114-a2c2-d89aea0dee70	\N	fb7eb2a1-0e59-43b6-ae45-b1ce4af33a18	s256	2WnaAIroYsghtW0iO8Je4tVe3KKZE_UQ3kZTofK0TnI	google			2026-01-24 12:55:57.466196+00	2026-01-24 12:55:57.466196+00	oauth	\N	\N	\N	\N	\N	f
e332c1c4-29a4-4b96-b32f-66c669015b2e	\N	005ff858-2c73-4412-a0ca-4f632c0167b5	s256	08iLDIl2tvwHG4W_JR5z-mRZzD_NXJrxjqhZSOf-Z5s	google			2026-01-24 12:56:21.484401+00	2026-01-24 12:56:21.484401+00	oauth	\N	\N	\N	\N	\N	f
9a5da876-94d5-4465-aeda-c9adf16343f6	\N	401f738e-0601-459f-80a6-7fecd0a18012	s256	B1yAqb0zT4iCfT3Cmhvtb8Csk5r4N0GZP0rEkTtBTrY	google			2026-01-24 12:56:57.551652+00	2026-01-24 12:56:57.551652+00	oauth	\N	\N	\N	\N	\N	f
eb616e9e-2ba8-4d27-bd27-96ac50975405	\N	4eb7bf45-6538-4b23-999f-7be1208ed62f	s256	1cbpy8SRpEqWoN5W0Cohqsh90_0Z-yxI1eVBsRVIXBE	google			2026-03-09 14:39:20.357052+00	2026-03-09 14:39:20.357052+00	oauth	\N	\N	https://letsboulder.com/auth/callback?redirect_to=%2Fsubmit	\N	\N	f
0973c6db-3485-420f-ac71-7cb35ac6aeb8	3d4fcee7-7b78-42a5-bac5-8293378a86b2	bcfac08a-feae-4c2b-b357-06741c0d7b91	s256	rtY9LU9HScwT25Ea6RbU1mIP1TNQ-4RvPcgpY4FE3Nw	magiclink			2026-01-28 00:41:06.642473+00	2026-01-28 00:41:06.642473+00	magiclink	\N	\N	\N	\N	\N	f
341683b3-0535-4736-9f2e-95ec0605a65f	3d4fcee7-7b78-42a5-bac5-8293378a86b2	0a021cf5-e18f-40dd-bf48-887fddb908a2	s256	j7ZOXz0ZUtRVLvl9-N_iMKh2ln5K24lw2KxuXXv41Wc	magiclink			2026-01-28 00:41:17.004099+00	2026-01-28 00:41:17.004099+00	magiclink	\N	\N	\N	\N	\N	f
c79a5882-f2fc-4c7d-9c05-52a1c6a2b5ff	3d4fcee7-7b78-42a5-bac5-8293378a86b2	2f3ed84a-eaef-49ea-809e-474f67f83a3a	s256	-6iK0s44UZlMsB_3yp9-XowL114AWtYs4vjBkYLasL0	magiclink			2026-01-28 00:48:00.225484+00	2026-01-28 00:48:00.225484+00	magiclink	\N	\N	\N	\N	\N	f
ab55c571-41f4-4ca3-b295-a0c0acd3e3c4	3d4fcee7-7b78-42a5-bac5-8293378a86b2	7587b3c8-f6fb-4ced-aae1-7d9b8d52582b	s256	LNS6VWc3VWGbmHQR3NYKsH_dC4sTtspcm0vacyNxhyg	google	ya29.A0AUMWg_KX5SHVO00HBjaTzYMnXl_BktyIVQA6Bp_F0TkTMc-sPQJIhDufpv89blGZoJVa5RaYffoEWFg8ZJeIuTgNYCxWRQ-i9k9rpPuxp7Mb1_Wt_GWKqVlExfNjscuZNPj1xHQvPq40QdT-_Vb9y4jWyc8Ay8vikscj8qCmQUpwIFWpstdvq2__BRj-yQROvRc4tQO157wPagTMhDvBSiiqgNruLu7enna6uM_z_g9gQ05DJkzmVZxlpla8PTmhyrhrhnQ5hcX7VKr4G95EkcFHAM0tYwaCgYKAeUSARQSFQHGX2Miwupqn_7gWLfvdXinpxGCUw0293		2026-01-29 11:31:58.142811+00	2026-01-29 11:32:02.250276+00	oauth	2026-01-29 11:32:02.250232+00	\N	\N	\N	\N	f
0b31b17c-26c0-4790-9531-8657eddf6c06	\N	f61103ff-7f61-4c67-9696-7b98de2c2a97	s256	EH_mkkS0mKj4jRtmQ9ZDUFn3wvpuKSrugeKE1NHNkuE	google			2026-02-16 01:42:06.788566+00	2026-02-16 01:42:06.788566+00	oauth	\N	\N	https://letsboulder.com/auth/callback	\N	\N	f
b16c4100-0cb0-4873-b008-921695bba070	\N	\N	\N	\N	google			2026-02-17 07:40:41.398646+00	2026-02-17 07:40:41.398646+00	oauth	\N	\N	https://letsboulder.com	\N	\N	f
ab4d1893-f36c-4d05-8af5-050172eb0c4e	\N	c80c4a0c-f839-4214-84ee-d35d85d493d6	s256	cG1MsHlI47VVnAYhuluRK-fHsutfiFt9zlcdaIePlk8	google			2026-02-20 12:00:07.194128+00	2026-02-20 12:00:07.194128+00	oauth	\N	\N	https://letsboulder.com/auth/callback?redirect_to=%2Fsubmit	\N	\N	f
417ba76b-18f9-41d2-bebb-98baa51d5830	3d4fcee7-7b78-42a5-bac5-8293378a86b2	7fc0f039-f8e0-4e91-ab2f-9a3f609852f1	s256	Nud-UNEkpgP6tyfrznkbndd5b2To3cEYs23rASA3uso	google	ya29.A0ATkoCc55r_OG9Qo03JNuBoDvZrywCvVrtgI7LEZCtUQxH7THKW45_OxjCPv1XIqJFcOWsW9ytDVmOx4qgRIY1kws2CX9nvqn-6hcg2Row5CEEYJTo7dM4nI-Uxnk8R6LRE_HX11SLms0vWpTAFvq-84wBVUHeXuGsKwJsxl_Or1i7jZXza3RuKrGPGmFjdbC_LXNQY3_GHtIQRioXXl_hfoT-7MyX_-1fQ5jSnV3JQyW6s2vjp2alWD4p48ZrBm8nyrduJg2XTDc2m23kph65QL3Tv7PmlwaCgYKARISARQSFQHGX2Mid375ayJg5AnYnV30DsA56Q0294		2026-02-25 12:03:23.609057+00	2026-02-25 12:03:27.64906+00	oauth	2026-02-25 12:03:27.649001+00	\N	https://letsboulder.com	\N	\N	f
\.


--
-- Data for Name: users; Type: TABLE DATA; Schema: auth; Owner: supabase_auth_admin
--

COPY "auth"."users" ("instance_id", "id", "aud", "role", "email", "encrypted_password", "email_confirmed_at", "invited_at", "confirmation_token", "confirmation_sent_at", "recovery_token", "recovery_sent_at", "email_change_token_new", "email_change", "email_change_sent_at", "last_sign_in_at", "raw_app_meta_data", "raw_user_meta_data", "is_super_admin", "created_at", "updated_at", "phone", "phone_confirmed_at", "phone_change", "phone_change_token", "phone_change_sent_at", "email_change_token_current", "email_change_confirm_status", "banned_until", "reauthentication_token", "reauthentication_sent_at", "is_sso_user", "deleted_at", "is_anonymous") FROM stdin;
00000000-0000-0000-0000-000000000000	e5484882-26c8-430d-9c84-7ce112269fe8	authenticated	authenticated	willis.jack.james@gmail.com	$2a$10$o0S/tTBcgs/KDsiyBBLUj.yMd5G0gJ9cHkpxS9aJXLE5JaxAOx/gi	2026-01-14 21:28:58.840536+00	\N		2026-01-14 21:28:44.428058+00		2026-01-17 12:27:49.652519+00			\N	2026-02-04 18:44:07.391725+00	{"provider": "email", "providers": ["email", "google"]}	{"iss": "https://accounts.google.com", "sub": "102509005322671109504", "name": "Jack Willis", "email": "willis.jack.james@gmail.com", "picture": "https://lh3.googleusercontent.com/a/ACg8ocJUnYBZSkW-wCV7yE99EAgtbRMnSlfMDxUsj04mupPRITARHw=s96-c", "full_name": "Jack Willis", "avatar_url": "https://lh3.googleusercontent.com/a/ACg8ocJUnYBZSkW-wCV7yE99EAgtbRMnSlfMDxUsj04mupPRITARHw=s96-c", "provider_id": "102509005322671109504", "email_verified": true, "phone_verified": false}	\N	2026-01-14 21:28:44.361844+00	2026-03-05 12:51:38.350678+00	\N	\N			\N		0	\N		\N	f	\N	f
00000000-0000-0000-0000-000000000000	fcf46093-2632-4f87-a560-c520ad9877eb	authenticated	authenticated	latham.alex@googlemail.com	$2a$10$A8K.INga3c2lAkMxA.SK3uopxd9xMAo3Diugu3ynKhD3ICzTMBJPG	2026-01-24 08:02:25.821782+00	\N		2026-01-24 08:01:44.364395+00		2026-02-20 16:07:34.105869+00			\N	2026-02-20 16:08:31.30017+00	{"provider": "email", "providers": ["email"]}	{"sub": "fcf46093-2632-4f87-a560-c520ad9877eb", "email": "latham.alex@googlemail.com", "email_verified": true, "phone_verified": false}	\N	2026-01-24 08:01:44.248988+00	2026-02-21 07:56:06.393739+00	\N	\N			\N		0	\N		\N	f	\N	f
00000000-0000-0000-0000-000000000000	008caa40-eea6-4da3-9d2d-86bf8f4a9167	authenticated	authenticated	kirsty.a.lees@gmail.com	\N	2026-01-22 21:03:54.411692+00	\N		\N		\N			\N	2026-01-22 21:03:55.848877+00	{"provider": "google", "providers": ["google"]}	{"iss": "https://accounts.google.com", "sub": "112614296653869432942", "name": "Kirsty Lees", "email": "kirsty.a.lees@gmail.com", "picture": "https://lh3.googleusercontent.com/a/ACg8ocIA_-okwn6-Un3iIeFvHoFOtcmWFO4uCMZ_382Wx3Yjjjhf7A=s96-c", "full_name": "Kirsty Lees", "avatar_url": "https://lh3.googleusercontent.com/a/ACg8ocIA_-okwn6-Un3iIeFvHoFOtcmWFO4uCMZ_382Wx3Yjjjhf7A=s96-c", "provider_id": "112614296653869432942", "email_verified": true, "phone_verified": false}	\N	2026-01-22 21:03:54.378047+00	2026-01-22 21:03:55.868076+00	\N	\N			\N		0	\N		\N	f	\N	f
00000000-0000-0000-0000-000000000000	472bcf2a-3bdb-4521-a1bd-79168d82eecb	authenticated	authenticated	dustinrmay@gmail.com	\N	2026-01-22 08:10:45.687215+00	\N		\N		\N			\N	2026-01-22 08:10:46.982209+00	{"provider": "google", "providers": ["google"]}	{"iss": "https://accounts.google.com", "sub": "116352424444013942401", "name": "Dustin May", "email": "dustinrmay@gmail.com", "picture": "https://lh3.googleusercontent.com/a/ACg8ocIhvp9nZGCuQRUYLUDahFxQKWISAo7wYVMHIcCZhuzbEkXc7Q=s96-c", "full_name": "Dustin May", "avatar_url": "https://lh3.googleusercontent.com/a/ACg8ocIhvp9nZGCuQRUYLUDahFxQKWISAo7wYVMHIcCZhuzbEkXc7Q=s96-c", "provider_id": "116352424444013942401", "email_verified": true, "phone_verified": false}	\N	2026-01-22 08:10:45.670157+00	2026-01-22 08:10:46.991405+00	\N	\N			\N		0	\N		\N	f	\N	f
00000000-0000-0000-0000-000000000000	170703e4-242e-47aa-9042-2b150614574c	authenticated	authenticated	tomogspalding@gmail.com	$2a$10$eW2WibdLQAG8Q9QSNMg/G.knR0vBauvOASIBwIeBt74dbUAD6SO/C	2026-01-23 22:54:04.573968+00	\N		2026-01-23 22:53:52.29319+00		\N			\N	2026-01-23 22:54:05.047803+00	{"provider": "email", "providers": ["email"]}	{"sub": "170703e4-242e-47aa-9042-2b150614574c", "email": "tomogspalding@gmail.com", "email_verified": true, "phone_verified": false}	\N	2026-01-23 20:43:10.925209+00	2026-01-23 22:54:05.0514+00	\N	\N			\N		0	\N		\N	f	\N	f
00000000-0000-0000-0000-000000000000	8c2da9c3-fc33-4a18-b661-f1246fabcb05	authenticated	authenticated	fm.priest@gmail.com	$2a$10$wZ6RfA4Faghms8epJq9uIeOOZm0V7471IhJPgLTJBE3SaKpOs8g1C	2026-01-24 22:50:31.908014+00	\N		2026-01-24 22:50:14.103937+00		\N			\N	2026-01-24 22:50:33.696977+00	{"provider": "email", "providers": ["email"]}	{"sub": "8c2da9c3-fc33-4a18-b661-f1246fabcb05", "email": "fm.priest@gmail.com", "email_verified": true, "phone_verified": false}	\N	2026-01-24 22:50:14.045457+00	2026-01-24 22:50:33.777016+00	\N	\N			\N		0	\N		\N	f	\N	f
00000000-0000-0000-0000-000000000000	03a16c39-743c-426c-ad5f-5cac097a798f	authenticated	authenticated	ellislockwood123@gmail.com	\N	2026-01-23 18:04:56.000104+00	\N		\N		\N			\N	2026-01-23 18:04:56.87558+00	{"provider": "google", "providers": ["google"]}	{"iss": "https://accounts.google.com", "sub": "107446546959156975755", "name": "Ellis Lockwood", "email": "ellislockwood123@gmail.com", "picture": "https://lh3.googleusercontent.com/a/ACg8ocIFrl6LvYy13eaxSLbaksneeWrld-CDCPQ60Sv01bVryf9lmA=s96-c", "full_name": "Ellis Lockwood", "avatar_url": "https://lh3.googleusercontent.com/a/ACg8ocIFrl6LvYy13eaxSLbaksneeWrld-CDCPQ60Sv01bVryf9lmA=s96-c", "provider_id": "107446546959156975755", "email_verified": true, "phone_verified": false}	\N	2026-01-23 18:04:55.9579+00	2026-01-23 18:04:56.910167+00	\N	\N			\N		0	\N		\N	f	\N	f
00000000-0000-0000-0000-000000000000	1edd4826-e6cc-447c-8fcd-696fed38256b	authenticated	authenticated	hannahfamey1@gmail.com	\N	2026-01-27 17:07:57.313393+00	\N		\N		\N			\N	2026-01-28 10:50:04.4336+00	{"provider": "google", "providers": ["google"]}	{"iss": "https://accounts.google.com", "sub": "108172973360310657861", "name": "Hannah Amey", "email": "hannahfamey1@gmail.com", "picture": "https://lh3.googleusercontent.com/a/ACg8ocJsBe30hJc1U3pGRa0IWZNL_E5bDcciHoHAeENbYtQRPz6gfw=s96-c", "full_name": "Hannah Amey", "avatar_url": "https://lh3.googleusercontent.com/a/ACg8ocJsBe30hJc1U3pGRa0IWZNL_E5bDcciHoHAeENbYtQRPz6gfw=s96-c", "provider_id": "108172973360310657861", "email_verified": true, "phone_verified": false}	\N	2026-01-27 17:07:57.195102+00	2026-01-28 10:50:04.483842+00	\N	\N			\N		0	\N		\N	f	\N	f
00000000-0000-0000-0000-000000000000	87624d7a-98b4-4490-9bed-1f51964af648	authenticated	authenticated	annajulietstephens@gmail.com	\N	2026-01-23 18:10:32.468018+00	\N		\N		\N			\N	2026-02-19 20:51:19.648791+00	{"provider": "google", "providers": ["google"]}	{"iss": "https://accounts.google.com", "sub": "105849638317554493071", "name": "Anna", "email": "annajulietstephens@gmail.com", "picture": "https://lh3.googleusercontent.com/a/ACg8ocJR2-8xn945tpysaZb7Ob4Xj27b9DswSz56icTpvgKalQ4IY3kK3Q=s96-c", "full_name": "Anna", "avatar_url": "https://lh3.googleusercontent.com/a/ACg8ocJR2-8xn945tpysaZb7Ob4Xj27b9DswSz56icTpvgKalQ4IY3kK3Q=s96-c", "provider_id": "105849638317554493071", "email_verified": true, "phone_verified": false}	\N	2026-01-23 18:10:32.456984+00	2026-03-09 23:59:24.546648+00	\N	\N			\N		0	\N		\N	f	\N	f
00000000-0000-0000-0000-000000000000	7f75bca0-217d-4471-9f96-9bced39ed8f5	authenticated	authenticated	onyamarx321@gmail.com	\N	2026-01-24 23:19:09.246942+00	\N		\N		\N			\N	2026-01-24 23:19:09.971126+00	{"provider": "google", "providers": ["google"]}	{"iss": "https://accounts.google.com", "sub": "105746397830267573513", "name": "Onya Marx", "email": "onyamarx321@gmail.com", "picture": "https://lh3.googleusercontent.com/a/ACg8ocK2euFzr091FPoLxBAQtiQ_Oal3ii0A5akIFhNnV3ddcpaS4w=s96-c", "full_name": "Onya Marx", "avatar_url": "https://lh3.googleusercontent.com/a/ACg8ocK2euFzr091FPoLxBAQtiQ_Oal3ii0A5akIFhNnV3ddcpaS4w=s96-c", "provider_id": "105746397830267573513", "email_verified": true, "phone_verified": false}	\N	2026-01-24 23:19:09.189686+00	2026-01-24 23:19:10.006644+00	\N	\N			\N		0	\N		\N	f	\N	f
00000000-0000-0000-0000-000000000000	3d4fcee7-7b78-42a5-bac5-8293378a86b2	authenticated	authenticated	patrickhadow@gmail.com	\N	2026-01-25 07:43:00.497934+00	\N		\N		2026-01-28 00:49:39.574755+00			\N	2026-03-11 00:08:38.889442+00	{"provider": "google", "providers": ["google"]}	{"iss": "https://accounts.google.com", "sub": "109017098648489747639", "name": "Patrick Hadow", "email": "patrickhadow@gmail.com", "picture": "https://lh3.googleusercontent.com/a/ACg8ocJkDmLlEwMVUPFosaGeFVNPKFF2uJYJD0nF7JH-Wf5RcYW_5EHF=s96-c", "full_name": "Patrick Hadow", "avatar_url": "https://lh3.googleusercontent.com/a/ACg8ocJkDmLlEwMVUPFosaGeFVNPKFF2uJYJD0nF7JH-Wf5RcYW_5EHF=s96-c", "provider_id": "109017098648489747639", "email_verified": true, "phone_verified": false}	\N	2026-01-25 07:43:00.452588+00	2026-03-11 00:08:38.912606+00	\N	\N			\N		0	\N		\N	f	\N	f
00000000-0000-0000-0000-000000000000	2f84dafb-47a3-442b-84c8-0a0800176039	authenticated	authenticated	daniel.aeb95@gmail.com	\N	2026-01-31 04:07:11.021931+00	\N		\N		\N			\N	2026-01-31 04:07:12.482561+00	{"provider": "google", "providers": ["google"]}	{"iss": "https://accounts.google.com", "sub": "103271802483150045005", "name": "Daniel Alvarez", "email": "daniel.aeb95@gmail.com", "picture": "https://lh3.googleusercontent.com/a/ACg8ocKyIp0n6lLqdrIPQB00rD78yK7ffdtImWAH8Ztmqq3G1XwCE6PE=s96-c", "full_name": "Daniel Alvarez", "avatar_url": "https://lh3.googleusercontent.com/a/ACg8ocKyIp0n6lLqdrIPQB00rD78yK7ffdtImWAH8Ztmqq3G1XwCE6PE=s96-c", "provider_id": "103271802483150045005", "email_verified": true, "phone_verified": false}	\N	2026-01-31 04:07:10.980637+00	2026-01-31 04:07:12.491916+00	\N	\N			\N		0	\N		\N	f	\N	f
00000000-0000-0000-0000-000000000000	ba637f82-4f6d-43b0-92e0-642463278cd3	authenticated	authenticated	blanchemiranda.ladera@gmail.com	\N	2026-03-09 14:45:13.628619+00	\N		\N		\N			\N	2026-03-09 14:45:14.374435+00	{"provider": "google", "providers": ["google"]}	{"iss": "https://accounts.google.com", "sub": "106155629754711456697", "name": "Blanche Ladera-Puncer", "email": "blanchemiranda.ladera@gmail.com", "picture": "https://lh3.googleusercontent.com/a/ACg8ocJ1ugqFvFFgZF9rjAmiwSlOmZvKGHMKqw7Wc_PKFD9MZNulUQjs=s96-c", "full_name": "Blanche Ladera-Puncer", "avatar_url": "https://lh3.googleusercontent.com/a/ACg8ocJ1ugqFvFFgZF9rjAmiwSlOmZvKGHMKqw7Wc_PKFD9MZNulUQjs=s96-c", "provider_id": "106155629754711456697", "email_verified": true, "phone_verified": false}	\N	2026-03-09 14:45:13.506104+00	2026-03-09 16:36:00.341398+00	\N	\N			\N		0	\N		\N	f	\N	f
00000000-0000-0000-0000-000000000000	7d86eb15-9dfc-41f8-a5aa-07564a9534c5	authenticated	authenticated	hitisha598@gmail.com	\N	2026-03-05 15:37:17.137252+00	\N		\N		\N			\N	2026-03-05 15:37:18.272154+00	{"provider": "google", "providers": ["google"]}	{"iss": "https://accounts.google.com", "sub": "105528466014908193044", "name": "LetsBoulder", "email": "hitisha598@gmail.com", "picture": "https://lh3.googleusercontent.com/a/ACg8ocIGeHXFxhAMJeYQ4rnywkqmq0DthisMC1RwA0w9p3kgH044Jz4=s96-c", "full_name": "LetsBoulder", "avatar_url": "https://lh3.googleusercontent.com/a/ACg8ocIGeHXFxhAMJeYQ4rnywkqmq0DthisMC1RwA0w9p3kgH044Jz4=s96-c", "provider_id": "105528466014908193044", "email_verified": true, "phone_verified": false}	\N	2026-03-05 15:37:17.049059+00	2026-03-05 16:44:27.114986+00	\N	\N			\N		0	\N		\N	f	\N	f
00000000-0000-0000-0000-000000000000	61e6e48c-3fa0-4ef1-a355-a54dc7ca9e60	authenticated	authenticated	leonardoaudelo6@gmail.com	\N	2026-03-05 21:10:18.945547+00	\N		\N		\N			\N	2026-03-05 21:10:20.651581+00	{"provider": "google", "providers": ["google"]}	{"iss": "https://accounts.google.com", "sub": "108081131542435764347", "name": "Leonardo Audelo", "email": "leonardoaudelo6@gmail.com", "picture": "https://lh3.googleusercontent.com/a/ACg8ocLu6n-5BBrJQtSfLwt7a0BsouMTFEC9RStt23iQVECMaggWyg=s96-c", "full_name": "Leonardo Audelo", "avatar_url": "https://lh3.googleusercontent.com/a/ACg8ocLu6n-5BBrJQtSfLwt7a0BsouMTFEC9RStt23iQVECMaggWyg=s96-c", "provider_id": "108081131542435764347", "email_verified": true, "phone_verified": false}	\N	2026-03-05 21:10:18.919683+00	2026-03-05 21:10:20.663473+00	\N	\N			\N		0	\N		\N	f	\N	f
00000000-0000-0000-0000-000000000000	c866ca90-e0a9-4e6c-9a5d-8494f064a78a	authenticated	authenticated	ashenden.claire@gmail.com	\N	2026-03-08 21:59:22.623149+00	\N		\N		\N			\N	2026-03-09 19:57:49.752508+00	{"provider": "google", "providers": ["google"]}	{"iss": "https://accounts.google.com", "sub": "115424365260261839549", "name": "Claire Ashenden", "email": "ashenden.claire@gmail.com", "picture": "https://lh3.googleusercontent.com/a/ACg8ocK2Vhi8ivaB91_AXCjXYrTTIJXwVP7bFnPZTB2D2FGKU-aJlg=s96-c", "full_name": "Claire Ashenden", "avatar_url": "https://lh3.googleusercontent.com/a/ACg8ocK2Vhi8ivaB91_AXCjXYrTTIJXwVP7bFnPZTB2D2FGKU-aJlg=s96-c", "provider_id": "115424365260261839549", "email_verified": true, "phone_verified": false}	\N	2026-03-08 21:59:22.542952+00	2026-03-10 18:16:18.773131+00	\N	\N			\N		0	\N		\N	f	\N	f
\.


--
-- Data for Name: identities; Type: TABLE DATA; Schema: auth; Owner: supabase_auth_admin
--

COPY "auth"."identities" ("provider_id", "user_id", "identity_data", "provider", "last_sign_in_at", "created_at", "updated_at", "id") FROM stdin;
170703e4-242e-47aa-9042-2b150614574c	170703e4-242e-47aa-9042-2b150614574c	{"sub": "170703e4-242e-47aa-9042-2b150614574c", "email": "tomogspalding@gmail.com", "email_verified": true, "phone_verified": false}	email	2026-01-23 20:43:10.94014+00	2026-01-23 20:43:10.940202+00	2026-01-23 20:43:10.940202+00	7c6ac287-e30c-4f1b-a52c-3672d191741b
e5484882-26c8-430d-9c84-7ce112269fe8	e5484882-26c8-430d-9c84-7ce112269fe8	{"sub": "e5484882-26c8-430d-9c84-7ce112269fe8", "email": "willis.jack.james@gmail.com", "email_verified": true, "phone_verified": false}	email	2026-01-14 21:28:44.395386+00	2026-01-14 21:28:44.395448+00	2026-01-14 21:28:44.395448+00	8cc05f7e-2c4c-4884-a87c-72e487c80c96
116352424444013942401	472bcf2a-3bdb-4521-a1bd-79168d82eecb	{"iss": "https://accounts.google.com", "sub": "116352424444013942401", "name": "Dustin May", "email": "dustinrmay@gmail.com", "picture": "https://lh3.googleusercontent.com/a/ACg8ocIhvp9nZGCuQRUYLUDahFxQKWISAo7wYVMHIcCZhuzbEkXc7Q=s96-c", "full_name": "Dustin May", "avatar_url": "https://lh3.googleusercontent.com/a/ACg8ocIhvp9nZGCuQRUYLUDahFxQKWISAo7wYVMHIcCZhuzbEkXc7Q=s96-c", "provider_id": "116352424444013942401", "email_verified": true, "phone_verified": false}	google	2026-01-22 08:10:45.681655+00	2026-01-22 08:10:45.681708+00	2026-01-22 08:10:45.681708+00	6600c7ff-dd9c-4266-b27e-a3f6db5d466a
105849638317554493071	87624d7a-98b4-4490-9bed-1f51964af648	{"iss": "https://accounts.google.com", "sub": "105849638317554493071", "name": "Anna", "email": "annajulietstephens@gmail.com", "picture": "https://lh3.googleusercontent.com/a/ACg8ocJR2-8xn945tpysaZb7Ob4Xj27b9DswSz56icTpvgKalQ4IY3kK3Q=s96-c", "full_name": "Anna", "avatar_url": "https://lh3.googleusercontent.com/a/ACg8ocJR2-8xn945tpysaZb7Ob4Xj27b9DswSz56icTpvgKalQ4IY3kK3Q=s96-c", "provider_id": "105849638317554493071", "email_verified": true, "phone_verified": false}	google	2026-01-23 18:10:32.464476+00	2026-01-23 18:10:32.46453+00	2026-02-19 20:51:18.522355+00	f544d9b0-816b-4e27-952b-79fb40efae7b
112614296653869432942	008caa40-eea6-4da3-9d2d-86bf8f4a9167	{"iss": "https://accounts.google.com", "sub": "112614296653869432942", "name": "Kirsty Lees", "email": "kirsty.a.lees@gmail.com", "picture": "https://lh3.googleusercontent.com/a/ACg8ocIA_-okwn6-Un3iIeFvHoFOtcmWFO4uCMZ_382Wx3Yjjjhf7A=s96-c", "full_name": "Kirsty Lees", "avatar_url": "https://lh3.googleusercontent.com/a/ACg8ocIA_-okwn6-Un3iIeFvHoFOtcmWFO4uCMZ_382Wx3Yjjjhf7A=s96-c", "provider_id": "112614296653869432942", "email_verified": true, "phone_verified": false}	google	2026-01-22 21:03:54.401519+00	2026-01-22 21:03:54.401572+00	2026-01-22 21:03:54.401572+00	2aaf274f-f499-4f79-9cd2-1b659468bc40
107446546959156975755	03a16c39-743c-426c-ad5f-5cac097a798f	{"iss": "https://accounts.google.com", "sub": "107446546959156975755", "name": "Ellis Lockwood", "email": "ellislockwood123@gmail.com", "picture": "https://lh3.googleusercontent.com/a/ACg8ocIFrl6LvYy13eaxSLbaksneeWrld-CDCPQ60Sv01bVryf9lmA=s96-c", "full_name": "Ellis Lockwood", "avatar_url": "https://lh3.googleusercontent.com/a/ACg8ocIFrl6LvYy13eaxSLbaksneeWrld-CDCPQ60Sv01bVryf9lmA=s96-c", "provider_id": "107446546959156975755", "email_verified": true, "phone_verified": false}	google	2026-01-23 18:04:55.988468+00	2026-01-23 18:04:55.988529+00	2026-01-23 18:04:55.988529+00	69de48ea-5bfa-4da6-a4b4-10d714f4c298
fcf46093-2632-4f87-a560-c520ad9877eb	fcf46093-2632-4f87-a560-c520ad9877eb	{"sub": "fcf46093-2632-4f87-a560-c520ad9877eb", "email": "latham.alex@googlemail.com", "email_verified": true, "phone_verified": false}	email	2026-01-24 08:01:44.29812+00	2026-01-24 08:01:44.298179+00	2026-01-24 08:01:44.298179+00	9d8808c3-b5b0-47bb-aa13-8d4c240b1b11
108172973360310657861	1edd4826-e6cc-447c-8fcd-696fed38256b	{"iss": "https://accounts.google.com", "sub": "108172973360310657861", "name": "Hannah Amey", "email": "hannahfamey1@gmail.com", "picture": "https://lh3.googleusercontent.com/a/ACg8ocJsBe30hJc1U3pGRa0IWZNL_E5bDcciHoHAeENbYtQRPz6gfw=s96-c", "full_name": "Hannah Amey", "avatar_url": "https://lh3.googleusercontent.com/a/ACg8ocJsBe30hJc1U3pGRa0IWZNL_E5bDcciHoHAeENbYtQRPz6gfw=s96-c", "provider_id": "108172973360310657861", "email_verified": true, "phone_verified": false}	google	2026-01-27 17:07:57.29707+00	2026-01-27 17:07:57.297774+00	2026-01-28 10:50:03.631692+00	94b61f37-9295-431a-b1f5-d63640cdc903
8c2da9c3-fc33-4a18-b661-f1246fabcb05	8c2da9c3-fc33-4a18-b661-f1246fabcb05	{"sub": "8c2da9c3-fc33-4a18-b661-f1246fabcb05", "email": "fm.priest@gmail.com", "email_verified": true, "phone_verified": false}	email	2026-01-24 22:50:14.084793+00	2026-01-24 22:50:14.084846+00	2026-01-24 22:50:14.084846+00	d0afa746-fd47-4c52-af65-78568a09ec9e
105746397830267573513	7f75bca0-217d-4471-9f96-9bced39ed8f5	{"iss": "https://accounts.google.com", "sub": "105746397830267573513", "name": "Onya Marx", "email": "onyamarx321@gmail.com", "picture": "https://lh3.googleusercontent.com/a/ACg8ocK2euFzr091FPoLxBAQtiQ_Oal3ii0A5akIFhNnV3ddcpaS4w=s96-c", "full_name": "Onya Marx", "avatar_url": "https://lh3.googleusercontent.com/a/ACg8ocK2euFzr091FPoLxBAQtiQ_Oal3ii0A5akIFhNnV3ddcpaS4w=s96-c", "provider_id": "105746397830267573513", "email_verified": true, "phone_verified": false}	google	2026-01-24 23:19:09.240502+00	2026-01-24 23:19:09.240552+00	2026-01-24 23:19:09.240552+00	b9a34f69-7e10-4098-8a0c-e645a67a91f9
102509005322671109504	e5484882-26c8-430d-9c84-7ce112269fe8	{"iss": "https://accounts.google.com", "sub": "102509005322671109504", "name": "Jack Willis", "email": "willis.jack.james@gmail.com", "picture": "https://lh3.googleusercontent.com/a/ACg8ocJUnYBZSkW-wCV7yE99EAgtbRMnSlfMDxUsj04mupPRITARHw=s96-c", "full_name": "Jack Willis", "avatar_url": "https://lh3.googleusercontent.com/a/ACg8ocJUnYBZSkW-wCV7yE99EAgtbRMnSlfMDxUsj04mupPRITARHw=s96-c", "provider_id": "102509005322671109504", "email_verified": true, "phone_verified": false}	google	2026-01-17 13:14:49.002821+00	2026-01-17 13:14:49.002881+00	2026-02-04 18:44:06.098768+00	911de19a-9458-4a0c-a7e4-51f9388afe96
103271802483150045005	2f84dafb-47a3-442b-84c8-0a0800176039	{"iss": "https://accounts.google.com", "sub": "103271802483150045005", "name": "Daniel Alvarez", "email": "daniel.aeb95@gmail.com", "picture": "https://lh3.googleusercontent.com/a/ACg8ocKyIp0n6lLqdrIPQB00rD78yK7ffdtImWAH8Ztmqq3G1XwCE6PE=s96-c", "full_name": "Daniel Alvarez", "avatar_url": "https://lh3.googleusercontent.com/a/ACg8ocKyIp0n6lLqdrIPQB00rD78yK7ffdtImWAH8Ztmqq3G1XwCE6PE=s96-c", "provider_id": "103271802483150045005", "email_verified": true, "phone_verified": false}	google	2026-01-31 04:07:11.01013+00	2026-01-31 04:07:11.01018+00	2026-01-31 04:07:11.01018+00	6144fd61-efd6-4cfb-a2db-3f16e46beeaf
105528466014908193044	7d86eb15-9dfc-41f8-a5aa-07564a9534c5	{"iss": "https://accounts.google.com", "sub": "105528466014908193044", "name": "LetsBoulder", "email": "hitisha598@gmail.com", "picture": "https://lh3.googleusercontent.com/a/ACg8ocIGeHXFxhAMJeYQ4rnywkqmq0DthisMC1RwA0w9p3kgH044Jz4=s96-c", "full_name": "LetsBoulder", "avatar_url": "https://lh3.googleusercontent.com/a/ACg8ocIGeHXFxhAMJeYQ4rnywkqmq0DthisMC1RwA0w9p3kgH044Jz4=s96-c", "provider_id": "105528466014908193044", "email_verified": true, "phone_verified": false}	google	2026-03-05 15:37:17.126242+00	2026-03-05 15:37:17.126295+00	2026-03-05 15:37:17.126295+00	068ba021-84f2-4718-a8fe-1b5ec1499b2e
108081131542435764347	61e6e48c-3fa0-4ef1-a355-a54dc7ca9e60	{"iss": "https://accounts.google.com", "sub": "108081131542435764347", "name": "Leonardo Audelo", "email": "leonardoaudelo6@gmail.com", "picture": "https://lh3.googleusercontent.com/a/ACg8ocLu6n-5BBrJQtSfLwt7a0BsouMTFEC9RStt23iQVECMaggWyg=s96-c", "full_name": "Leonardo Audelo", "avatar_url": "https://lh3.googleusercontent.com/a/ACg8ocLu6n-5BBrJQtSfLwt7a0BsouMTFEC9RStt23iQVECMaggWyg=s96-c", "provider_id": "108081131542435764347", "email_verified": true, "phone_verified": false}	google	2026-03-05 21:10:18.938021+00	2026-03-05 21:10:18.938068+00	2026-03-05 21:10:18.938068+00	d0bb6a98-3260-4b54-b70e-f0a1d631f53e
106155629754711456697	ba637f82-4f6d-43b0-92e0-642463278cd3	{"iss": "https://accounts.google.com", "sub": "106155629754711456697", "name": "Blanche Ladera-Puncer", "email": "blanchemiranda.ladera@gmail.com", "picture": "https://lh3.googleusercontent.com/a/ACg8ocJ1ugqFvFFgZF9rjAmiwSlOmZvKGHMKqw7Wc_PKFD9MZNulUQjs=s96-c", "full_name": "Blanche Ladera-Puncer", "avatar_url": "https://lh3.googleusercontent.com/a/ACg8ocJ1ugqFvFFgZF9rjAmiwSlOmZvKGHMKqw7Wc_PKFD9MZNulUQjs=s96-c", "provider_id": "106155629754711456697", "email_verified": true, "phone_verified": false}	google	2026-03-09 14:45:13.616357+00	2026-03-09 14:45:13.616407+00	2026-03-09 14:45:13.616407+00	b28fd020-26f0-4143-b64b-05963e84084f
115424365260261839549	c866ca90-e0a9-4e6c-9a5d-8494f064a78a	{"iss": "https://accounts.google.com", "sub": "115424365260261839549", "name": "Claire Ashenden", "email": "ashenden.claire@gmail.com", "picture": "https://lh3.googleusercontent.com/a/ACg8ocK2Vhi8ivaB91_AXCjXYrTTIJXwVP7bFnPZTB2D2FGKU-aJlg=s96-c", "full_name": "Claire Ashenden", "avatar_url": "https://lh3.googleusercontent.com/a/ACg8ocK2Vhi8ivaB91_AXCjXYrTTIJXwVP7bFnPZTB2D2FGKU-aJlg=s96-c", "provider_id": "115424365260261839549", "email_verified": true, "phone_verified": false}	google	2026-03-08 21:59:22.609446+00	2026-03-08 21:59:22.609499+00	2026-03-09 19:57:49.11539+00	ea91022b-c2ce-4e37-a5ae-94017483f4a8
109017098648489747639	3d4fcee7-7b78-42a5-bac5-8293378a86b2	{"iss": "https://accounts.google.com", "sub": "109017098648489747639", "name": "Patrick Hadow", "email": "patrickhadow@gmail.com", "picture": "https://lh3.googleusercontent.com/a/ACg8ocJkDmLlEwMVUPFosaGeFVNPKFF2uJYJD0nF7JH-Wf5RcYW_5EHF=s96-c", "full_name": "Patrick Hadow", "avatar_url": "https://lh3.googleusercontent.com/a/ACg8ocJkDmLlEwMVUPFosaGeFVNPKFF2uJYJD0nF7JH-Wf5RcYW_5EHF=s96-c", "provider_id": "109017098648489747639", "email_verified": true, "phone_verified": false}	google	2026-01-25 07:43:00.487728+00	2026-01-25 07:43:00.487798+00	2026-03-11 00:08:38.038337+00	d836e076-dfb4-491d-a40f-11a6acce2d1f
\.


--
-- Data for Name: instances; Type: TABLE DATA; Schema: auth; Owner: supabase_auth_admin
--

COPY "auth"."instances" ("id", "uuid", "raw_base_config", "created_at", "updated_at") FROM stdin;
\.


--
-- Data for Name: oauth_clients; Type: TABLE DATA; Schema: auth; Owner: supabase_auth_admin
--

COPY "auth"."oauth_clients" ("id", "client_secret_hash", "registration_type", "redirect_uris", "grant_types", "client_name", "client_uri", "logo_uri", "created_at", "updated_at", "deleted_at", "client_type", "token_endpoint_auth_method") FROM stdin;
\.


--
-- Data for Name: sessions; Type: TABLE DATA; Schema: auth; Owner: supabase_auth_admin
--

COPY "auth"."sessions" ("id", "user_id", "created_at", "updated_at", "factor_id", "aal", "not_after", "refreshed_at", "user_agent", "ip", "tag", "oauth_client_id", "refresh_token_hmac_key", "refresh_token_counter", "scopes") FROM stdin;
719c1335-e1cd-4748-b72d-cd63834fe9ee	e5484882-26c8-430d-9c84-7ce112269fe8	2026-01-21 17:18:05.991371+00	2026-01-24 12:12:40.638655+00	\N	aal1	\N	2026-01-24 12:12:40.638555	node	35.176.242.41	\N	\N	\N	\N	\N
a9065059-ab95-4276-ad87-f6793b1955ee	e5484882-26c8-430d-9c84-7ce112269fe8	2026-01-14 21:28:59.473529+00	2026-01-14 22:27:08.643734+00	\N	aal1	\N	2026-01-14 22:27:08.643627	Mozilla/5.0 (X11; Ubuntu; Linux x86_64; rv:146.0) Gecko/20100101 Firefox/146.0	62.49.79.243	\N	\N	\N	\N	\N
071c6e3b-0ee0-4dad-af47-f523e6be6438	61e6e48c-3fa0-4ef1-a355-a54dc7ca9e60	2026-03-05 21:10:20.651687+00	2026-03-05 21:10:20.651687+00	\N	aal1	\N	\N	Mozilla/5.0 (Linux; Android 15; 2312DRA50G Build/AQ3A.240912.001; ) AppleWebKit/537.36 (KHTML, like Gecko) Version/4.0 Chrome/145.0.7632.113 Mobile Safari/537.36 Instagram 418.0.0.51.77 Android (35/15; 480dpi; 1220x2712; Xiaomi/Redmi; 2312DRA50G; garnet; qcom; es_US; 891072599; IABMV/1)	148.241.225.70	\N	\N	\N	\N	\N
ee136fe7-994c-4c51-9f03-4c6ae9bcbac1	e5484882-26c8-430d-9c84-7ce112269fe8	2026-01-21 18:58:19.277304+00	2026-01-23 17:01:07.709739+00	\N	aal1	\N	2026-01-23 17:01:07.709631	node	3.8.186.12	\N	\N	\N	\N	\N
0ec11e67-3574-4890-8393-151fdaec54c1	7d86eb15-9dfc-41f8-a5aa-07564a9534c5	2026-03-05 15:37:18.274026+00	2026-03-05 16:44:27.185458+00	\N	aal1	\N	2026-03-05 16:44:27.185344	Mozilla/5.0 (X11; Linux x86_64; rv:140.0) Gecko/20100101 Firefox/140.0	82.7.29.200	\N	\N	\N	\N	\N
cb2271f5-4320-4225-ab10-fc502bf76a9d	e5484882-26c8-430d-9c84-7ce112269fe8	2026-01-22 16:23:54.070168+00	2026-01-22 17:22:18.236016+00	\N	aal1	\N	2026-01-22 17:22:18.235902	Mozilla/5.0 (X11; Linux x86_64; rv:140.0) Gecko/20100101 Firefox/140.0	82.7.29.200	\N	\N	\N	\N	\N
60272a85-18a9-4441-b6bb-c44b68d73f11	e5484882-26c8-430d-9c84-7ce112269fe8	2026-01-28 22:02:11.437822+00	2026-03-05 12:51:38.415809+00	\N	aal1	\N	2026-03-05 12:51:38.415691	Mozilla/5.0 (X11; Ubuntu; Linux x86_64; rv:147.0) Gecko/20100101 Firefox/147.0	62.49.133.82	\N	\N	\N	\N	\N
82fc7e6e-c091-40c9-a747-1314ee7c7c34	e5484882-26c8-430d-9c84-7ce112269fe8	2026-01-15 16:24:28.10424+00	2026-01-15 17:29:28.164099+00	\N	aal1	\N	2026-01-15 17:29:28.163991	Mozilla/5.0 (X11; Ubuntu; Linux x86_64; rv:141.0) Gecko/20100101 Firefox/141.0	62.49.79.243	\N	\N	\N	\N	\N
ea5b5f88-1d18-4512-be64-f86dc2837b8f	03a16c39-743c-426c-ad5f-5cac097a798f	2026-01-23 18:04:56.875674+00	2026-01-23 18:04:56.875674+00	\N	aal1	\N	\N	Mozilla/5.0 (iPhone; CPU iPhone OS 16_1 like Mac OS X) AppleWebKit/605.1.15 (KHTML, like Gecko) Version/16.1 Mobile/15E148 Safari/604.1	195.226.154.33	\N	\N	\N	\N	\N
4737fb6a-f8b3-4a8e-b40c-3412dde3a2e8	008caa40-eea6-4da3-9d2d-86bf8f4a9167	2026-01-22 21:03:55.848974+00	2026-01-22 21:03:55.848974+00	\N	aal1	\N	\N	Mozilla/5.0 (Linux; Android 10; K) AppleWebKit/537.36 (KHTML, like Gecko) SamsungBrowser/29.0 Chrome/136.0.0.0 Mobile Safari/537.36	31.50.63.157	\N	\N	\N	\N	\N
438d2e4e-076b-4b7e-8947-b82455c30b83	87624d7a-98b4-4490-9bed-1f51964af648	2026-01-28 17:45:50.863293+00	2026-03-09 23:59:24.66204+00	\N	aal1	\N	2026-03-09 23:59:24.661708	node	13.135.92.176	\N	\N	\N	\N	\N
0d69eb55-2787-4acc-b883-91bda0315603	e5484882-26c8-430d-9c84-7ce112269fe8	2026-01-17 14:55:05.0609+00	2026-01-19 15:59:15.126037+00	\N	aal1	\N	2026-01-19 15:59:15.125117	node	18.130.222.122	\N	\N	\N	\N	\N
e1fba05a-aead-4467-832f-06d9e24d2563	170703e4-242e-47aa-9042-2b150614574c	2026-01-23 22:54:05.047895+00	2026-01-23 22:54:05.047895+00	\N	aal1	\N	\N	Mozilla/5.0 (Linux; Android 10; K) AppleWebKit/537.36 (KHTML, like Gecko) Chrome/144.0.0.0 Mobile Safari/537.36	81.96.123.125	\N	\N	\N	\N	\N
096b4c0c-5a80-41d4-b9db-a1fb2423c414	e5484882-26c8-430d-9c84-7ce112269fe8	2026-01-24 15:45:16.836202+00	2026-01-24 15:45:16.836202+00	\N	aal1	\N	\N	Mozilla/5.0 (iPhone; CPU iPhone OS 15_8_5 like Mac OS X) AppleWebKit/605.1.15 (KHTML, like Gecko) Version/15.6.7 Mobile/15E148 Safari/604.1	82.132.186.98	\N	\N	\N	\N	\N
77236417-ced8-4f28-956b-71f9594fdead	e5484882-26c8-430d-9c84-7ce112269fe8	2026-01-24 20:30:39.871184+00	2026-01-24 22:07:12.706458+00	\N	aal1	\N	2026-01-24 22:07:12.706348	node	18.170.57.156	\N	\N	\N	\N	\N
bd9de0d4-58ce-4527-9c3a-f7824391d3f8	e5484882-26c8-430d-9c84-7ce112269fe8	2026-01-18 13:29:12.068218+00	2026-01-18 18:57:15.757018+00	\N	aal1	\N	2026-01-18 18:57:15.756909	node	62.49.79.243	\N	\N	\N	\N	\N
f0f6713c-9ecc-4b5d-b45a-cb23ee6795c4	e5484882-26c8-430d-9c84-7ce112269fe8	2026-01-18 13:27:27.994931+00	2026-01-18 19:09:02.33302+00	\N	aal1	\N	2026-01-18 19:09:02.331185	node	18.132.250.18	\N	\N	\N	\N	\N
ed6bb1a2-7860-4ce8-b182-fb34e9d5a5c5	472bcf2a-3bdb-4521-a1bd-79168d82eecb	2026-01-22 08:10:46.982393+00	2026-01-22 08:10:46.982393+00	\N	aal1	\N	\N	Mozilla/5.0 (Macintosh; Intel Mac OS X 10_15_7) AppleWebKit/605.1.15 (KHTML, like Gecko) Version/26.2 Safari/605.1.15	152.89.207.190	\N	\N	\N	\N	\N
4482c22b-e46e-4227-8a99-32a856790abc	8c2da9c3-fc33-4a18-b661-f1246fabcb05	2026-01-24 22:50:33.697088+00	2026-01-24 22:50:33.697088+00	\N	aal1	\N	\N	Mozilla/5.0 (Android 14; Mobile; rv:147.0) Gecko/147.0 Firefox/147.0	82.132.217.42	\N	\N	\N	\N	\N
c53af402-0270-4c6d-b8a2-d3bb735ea15b	7f75bca0-217d-4471-9f96-9bced39ed8f5	2026-01-24 23:19:09.971249+00	2026-01-24 23:19:09.971249+00	\N	aal1	\N	\N	Mozilla/5.0 (iPhone; CPU iPhone OS 18_7 like Mac OS X) AppleWebKit/605.1.15 (KHTML, like Gecko) Version/26.1 Mobile/15E148 Safari/604.1	155.133.17.228	\N	\N	\N	\N	\N
13116ae4-a93b-4e0a-a9a6-91960b2de9f0	1edd4826-e6cc-447c-8fcd-696fed38256b	2026-01-28 10:50:04.433697+00	2026-01-28 10:50:04.433697+00	\N	aal1	\N	\N	Mozilla/5.0 (iPhone; CPU iPhone OS 18_5_0 like Mac OS X) AppleWebKit/605.1.15 (KHTML, like Gecko) CriOS/144.0.7559.95 Mobile/15E148 Safari/604.1	81.149.171.166	\N	\N	\N	\N	\N
ca06a8d6-e84f-4463-9520-0f30f2867a5a	87624d7a-98b4-4490-9bed-1f51964af648	2026-02-19 20:51:19.648875+00	2026-02-20 12:00:34.252425+00	\N	aal1	\N	2026-02-20 12:00:34.252311	Mozilla/5.0 (iPad; CPU OS 18_6_2 like Mac OS X) AppleWebKit/605.1.15 (KHTML, like Gecko) CriOS/145.0.7632.55 Mobile/15E148 Safari/604.1	82.7.29.200	\N	\N	\N	\N	\N
6f70ea8f-3edf-4f06-9989-ed64a233bfb5	e5484882-26c8-430d-9c84-7ce112269fe8	2026-01-17 13:14:50.417437+00	2026-01-25 10:26:30.972101+00	\N	aal1	\N	2026-01-25 10:26:30.971997	node	18.133.227.97	\N	\N	\N	\N	\N
9e92234f-9419-424d-b088-c83ac0f6d65b	87624d7a-98b4-4490-9bed-1f51964af648	2026-01-25 15:00:19.013412+00	2026-01-25 22:01:39.80232+00	\N	aal1	\N	2026-01-25 22:01:39.802214	node	52.56.220.64	\N	\N	\N	\N	\N
847a4945-6da7-4022-ba61-3437e89b540b	e5484882-26c8-430d-9c84-7ce112269fe8	2026-01-28 21:36:22.303206+00	2026-01-30 11:47:26.993939+00	\N	aal1	\N	2026-01-30 11:47:26.992625	node	35.177.70.13	\N	\N	\N	\N	\N
482171c1-827a-43db-b1b5-8713a9a1ee60	e5484882-26c8-430d-9c84-7ce112269fe8	2026-01-24 15:46:51.689968+00	2026-01-27 13:38:12.922977+00	\N	aal1	\N	2026-01-27 13:38:12.921711	node	18.175.181.190	\N	\N	\N	\N	\N
ee5b4d04-7b71-43e8-92c3-539f5494f496	1edd4826-e6cc-447c-8fcd-696fed38256b	2026-01-27 17:07:58.391907+00	2026-01-27 17:07:58.391907+00	\N	aal1	\N	\N	Mozilla/5.0 (iPhone; CPU iPhone OS 18_5_0 like Mac OS X) AppleWebKit/605.1.15 (KHTML, like Gecko) CriOS/144.0.7559.95 Mobile/15E148 Safari/604.1	84.66.131.108	\N	\N	\N	\N	\N
a87f6498-273c-4654-bfb0-db51428a8ec6	2f84dafb-47a3-442b-84c8-0a0800176039	2026-01-31 04:07:12.484046+00	2026-01-31 04:07:12.484046+00	\N	aal1	\N	\N	Mozilla/5.0 (Linux; Android 10; K) AppleWebKit/537.36 (KHTML, like Gecko) Chrome/144.0.0.0 Mobile Safari/537.36	187.142.233.174	\N	\N	\N	\N	\N
186756dc-575d-422b-9ef2-31b64496aa9c	fcf46093-2632-4f87-a560-c520ad9877eb	2026-02-20 16:08:31.3012+00	2026-02-21 07:56:06.485637+00	\N	aal1	\N	2026-02-21 07:56:06.483822	Mozilla/5.0 (Linux; Android 10; K) AppleWebKit/537.36 (KHTML, like Gecko) Chrome/145.0.0.0 Mobile Safari/537.36	212.228.161.147	\N	\N	\N	\N	\N
dd78b6af-1cd6-478c-b346-d1c1df1d63c5	e5484882-26c8-430d-9c84-7ce112269fe8	2026-02-04 18:44:07.39183+00	2026-02-23 15:02:24.672662+00	\N	aal1	\N	2026-02-23 15:02:24.671925	node	18.132.211.0	\N	\N	\N	\N	\N
3ce37a2a-446b-49e2-b2aa-4bd725392300	3d4fcee7-7b78-42a5-bac5-8293378a86b2	2026-03-09 21:35:16.373133+00	2026-03-09 21:35:16.373133+00	\N	aal1	\N	\N	Mozilla/5.0 (Linux; Android 10; K) AppleWebKit/537.36 (KHTML, like Gecko) Chrome/145.0.0.0 Mobile Safari/537.36	82.7.29.200	\N	\N	\N	\N	\N
9b846293-fb18-4726-ac16-642293acb814	3d4fcee7-7b78-42a5-bac5-8293378a86b2	2026-03-09 21:35:25.274683+00	2026-03-09 21:35:25.274683+00	\N	aal1	\N	\N	Mozilla/5.0 (Linux; Android 10; K) AppleWebKit/537.36 (KHTML, like Gecko) Chrome/145.0.0.0 Mobile Safari/537.36	82.7.29.200	\N	\N	\N	\N	\N
5ce00df9-2be1-49f7-a460-37b532c0aa4e	3d4fcee7-7b78-42a5-bac5-8293378a86b2	2026-03-09 21:35:48.029275+00	2026-03-09 21:35:48.029275+00	\N	aal1	\N	\N	Mozilla/5.0 (Linux; Android 10; K) AppleWebKit/537.36 (KHTML, like Gecko) Chrome/145.0.0.0 Mobile Safari/537.36	82.7.29.200	\N	\N	\N	\N	\N
c981e8a9-ad4d-4127-940f-8b6e0a696b67	3d4fcee7-7b78-42a5-bac5-8293378a86b2	2026-03-09 21:35:55.164393+00	2026-03-09 21:35:55.164393+00	\N	aal1	\N	\N	Mozilla/5.0 (Linux; Android 10; K) AppleWebKit/537.36 (KHTML, like Gecko) Chrome/145.0.0.0 Mobile Safari/537.36	82.7.29.200	\N	\N	\N	\N	\N
6f5f0679-9089-4a05-9525-279391e4f178	3d4fcee7-7b78-42a5-bac5-8293378a86b2	2026-03-09 21:36:37.82595+00	2026-03-10 00:23:24.666877+00	\N	aal1	\N	2026-03-10 00:23:24.6632	node	44.222.246.252	\N	\N	\N	\N	\N
a7d5a8f9-a28c-48cc-a252-e489d555ae50	ba637f82-4f6d-43b0-92e0-642463278cd3	2026-03-09 14:45:14.375683+00	2026-03-09 16:36:00.427549+00	\N	aal1	\N	2026-03-09 16:36:00.427443	node	3.71.80.233	\N	\N	\N	\N	\N
6a904ac1-a0bf-4313-8c3b-8dfdee1dbd0f	c866ca90-e0a9-4e6c-9a5d-8494f064a78a	2026-03-09 19:57:49.754198+00	2026-03-10 18:16:18.788544+00	\N	aal1	\N	2026-03-10 18:16:18.788447	Mozilla/5.0 (Macintosh; Intel Mac OS X 10_15_7) AppleWebKit/537.36 (KHTML, like Gecko) Chrome/145.0.0.0 Safari/537.36	82.7.29.200	\N	\N	\N	\N	\N
723f9a97-6866-49d4-9e53-15827b1c3b42	c866ca90-e0a9-4e6c-9a5d-8494f064a78a	2026-03-08 21:59:23.468419+00	2026-03-09 19:00:38.369973+00	\N	aal1	\N	2026-03-09 19:00:38.369868	node	18.134.210.176	\N	\N	\N	\N	\N
61c680f8-0541-4a08-9371-5aeebdc2f448	3d4fcee7-7b78-42a5-bac5-8293378a86b2	2026-03-09 21:35:05.503899+00	2026-03-09 21:35:05.503899+00	\N	aal1	\N	\N	Mozilla/5.0 (X11; Linux x86_64) AppleWebKit/537.36 (KHTML, like Gecko) Chrome/145.0.0.0 Safari/537.36	82.7.29.200	\N	\N	\N	\N	\N
693c7a6c-bb48-400e-a93e-a501c7f51296	3d4fcee7-7b78-42a5-bac5-8293378a86b2	2026-03-10 00:45:20.733382+00	2026-03-10 18:36:56.516687+00	\N	aal1	\N	2026-03-10 18:36:56.5166	node	52.56.198.55	\N	\N	\N	\N	\N
8feeb479-04d9-40bb-8927-849a26cee2b6	3d4fcee7-7b78-42a5-bac5-8293378a86b2	2026-03-09 14:26:45.165035+00	2026-03-10 22:26:06.190109+00	\N	aal1	\N	2026-03-10 22:26:06.190003	Mozilla/5.0 (X11; Linux x86_64; rv:140.0) Gecko/20100101 Firefox/140.0	82.7.29.200	\N	\N	\N	\N	\N
ae6af7b1-5352-48a5-b69d-bdf2d01e7f12	3d4fcee7-7b78-42a5-bac5-8293378a86b2	2026-03-11 00:08:38.890703+00	2026-03-11 00:08:38.890703+00	\N	aal1	\N	\N	Mozilla/5.0 (Linux; Android 10; K) AppleWebKit/537.36 (KHTML, like Gecko) Chrome/145.0.0.0 Mobile Safari/537.36	82.7.29.200	\N	\N	\N	\N	\N
\.


--
-- Data for Name: mfa_amr_claims; Type: TABLE DATA; Schema: auth; Owner: supabase_auth_admin
--

COPY "auth"."mfa_amr_claims" ("session_id", "created_at", "updated_at", "authentication_method", "id") FROM stdin;
ca06a8d6-e84f-4463-9520-0f30f2867a5a	2026-02-19 20:51:19.678777+00	2026-02-19 20:51:19.678777+00	oauth	945b3435-5a24-4c49-9c09-6e905e46c19c
186756dc-575d-422b-9ef2-31b64496aa9c	2026-02-20 16:08:31.327956+00	2026-02-20 16:08:31.327956+00	magiclink	6c1ed6c9-4ca5-452b-a08d-5853310a5650
a9065059-ab95-4276-ad87-f6793b1955ee	2026-01-14 21:28:59.493965+00	2026-01-14 21:28:59.493965+00	email/signup	15473de3-61b7-420e-8f32-31476073b4f0
0ec11e67-3574-4890-8393-151fdaec54c1	2026-03-05 15:37:18.310738+00	2026-03-05 15:37:18.310738+00	oauth	59d24595-1b40-49f8-9300-81dde16b8a05
82fc7e6e-c091-40c9-a747-1314ee7c7c34	2026-01-15 16:24:28.141006+00	2026-01-15 16:24:28.141006+00	magiclink	40885bcf-cc9c-4734-8e26-d39fdccfdc1f
071c6e3b-0ee0-4dad-af47-f523e6be6438	2026-03-05 21:10:20.664108+00	2026-03-05 21:10:20.664108+00	oauth	964cd77c-83f8-4a2c-987c-cdf579a56ab1
6f70ea8f-3edf-4f06-9989-ed64a233bfb5	2026-01-17 13:14:50.467162+00	2026-01-17 13:14:50.467162+00	oauth	0b1b153c-aa51-4b3b-bb3a-cd89342bb0a3
0d69eb55-2787-4acc-b883-91bda0315603	2026-01-17 14:55:05.085052+00	2026-01-17 14:55:05.085052+00	oauth	fae39fd3-17f3-4514-b9a2-cbbb209edf3d
f0f6713c-9ecc-4b5d-b45a-cb23ee6795c4	2026-01-18 13:27:28.014849+00	2026-01-18 13:27:28.014849+00	oauth	bbef2007-85eb-4083-962e-d5815cdc979d
bd9de0d4-58ce-4527-9c3a-f7824391d3f8	2026-01-18 13:29:12.072223+00	2026-01-18 13:29:12.072223+00	oauth	7236ab8d-b00d-4687-ae23-2f3fc90dd711
719c1335-e1cd-4748-b72d-cd63834fe9ee	2026-01-21 17:18:06.005901+00	2026-01-21 17:18:06.005901+00	oauth	3abe6fe8-b4a9-4f41-96f9-f648b92938c5
ee136fe7-994c-4c51-9f03-4c6ae9bcbac1	2026-01-21 18:58:19.291301+00	2026-01-21 18:58:19.291301+00	oauth	012098ee-72ce-45b7-b5a5-45cd4de02c21
723f9a97-6866-49d4-9e53-15827b1c3b42	2026-03-08 21:59:23.48579+00	2026-03-08 21:59:23.48579+00	oauth	35acd3e7-374d-4a62-b1f5-f50e7716a49f
ed6bb1a2-7860-4ce8-b182-fb34e9d5a5c5	2026-01-22 08:10:46.991842+00	2026-01-22 08:10:46.991842+00	oauth	9b770fee-6c13-4404-85be-29f0677bf848
cb2271f5-4320-4225-ab10-fc502bf76a9d	2026-01-22 16:23:54.086234+00	2026-01-22 16:23:54.086234+00	oauth	ea9f8965-d746-47b1-a2d2-67edd6b4ae59
4737fb6a-f8b3-4a8e-b40c-3412dde3a2e8	2026-01-22 21:03:55.86859+00	2026-01-22 21:03:55.86859+00	oauth	812fc544-9f1a-410e-9388-71ba8c7907d0
8feeb479-04d9-40bb-8927-849a26cee2b6	2026-03-09 14:26:45.178719+00	2026-03-09 14:26:45.178719+00	oauth	5f052b93-0d68-42ce-aeee-d1b152e5dcd0
ea5b5f88-1d18-4512-be64-f86dc2837b8f	2026-01-23 18:04:56.910728+00	2026-01-23 18:04:56.910728+00	oauth	f1e02d1a-e81e-422d-ae7a-7b5af5b3817b
a7d5a8f9-a28c-48cc-a252-e489d555ae50	2026-03-09 14:45:14.408274+00	2026-03-09 14:45:14.408274+00	oauth	489e87cf-3e2d-400e-8fbd-879d357120bc
6a904ac1-a0bf-4313-8c3b-8dfdee1dbd0f	2026-03-09 19:57:49.791183+00	2026-03-09 19:57:49.791183+00	oauth	c102c898-4a9e-4d35-b4cb-85b2b8f8cbb1
61c680f8-0541-4a08-9371-5aeebdc2f448	2026-03-09 21:35:05.534544+00	2026-03-09 21:35:05.534544+00	oauth	5071f36f-88df-4daa-a15b-fe3565e91a5b
3ce37a2a-446b-49e2-b2aa-4bd725392300	2026-03-09 21:35:16.376327+00	2026-03-09 21:35:16.376327+00	oauth	21289974-2d18-4d5c-9aab-91e58f388efb
9b846293-fb18-4726-ac16-642293acb814	2026-03-09 21:35:25.277246+00	2026-03-09 21:35:25.277246+00	oauth	29ec10c8-74fd-4e2d-9748-f447033fb8ce
5ce00df9-2be1-49f7-a460-37b532c0aa4e	2026-03-09 21:35:48.031531+00	2026-03-09 21:35:48.031531+00	oauth	fdb67ee8-4c2f-42bf-91f7-92c2b080946e
e1fba05a-aead-4467-832f-06d9e24d2563	2026-01-23 22:54:05.05193+00	2026-01-23 22:54:05.05193+00	email/signup	4e81c5de-887a-47ac-8aa1-f577f236a602
c981e8a9-ad4d-4127-940f-8b6e0a696b67	2026-03-09 21:35:55.168126+00	2026-03-09 21:35:55.168126+00	oauth	a82a80d3-a691-435c-8f28-b7682f846ed5
6f5f0679-9089-4a05-9525-279391e4f178	2026-03-09 21:36:37.84289+00	2026-03-09 21:36:37.84289+00	oauth	75608f79-98fa-4699-aaea-42cd71881e52
693c7a6c-bb48-400e-a93e-a501c7f51296	2026-03-10 00:45:20.764237+00	2026-03-10 00:45:20.764237+00	oauth	8b209046-39f4-4253-802c-48c7b56afbb3
ae6af7b1-5352-48a5-b69d-bdf2d01e7f12	2026-03-11 00:08:38.913405+00	2026-03-11 00:08:38.913405+00	oauth	c58ef78b-d9f4-432d-ae12-872a30a080d4
096b4c0c-5a80-41d4-b9db-a1fb2423c414	2026-01-24 15:45:16.86988+00	2026-01-24 15:45:16.86988+00	oauth	a02a37af-3436-442d-932a-97987f1b6add
482171c1-827a-43db-b1b5-8713a9a1ee60	2026-01-24 15:46:51.692652+00	2026-01-24 15:46:51.692652+00	oauth	5582de79-fbfe-44af-bf71-987f99ed600d
77236417-ced8-4f28-956b-71f9594fdead	2026-01-24 20:30:39.905573+00	2026-01-24 20:30:39.905573+00	oauth	f0ab5d76-d903-4bd0-a667-19eddaab6cba
4482c22b-e46e-4227-8a99-32a856790abc	2026-01-24 22:50:33.777889+00	2026-01-24 22:50:33.777889+00	email/signup	68d999f4-4011-4356-a8f2-f91e8293515e
c53af402-0270-4c6d-b8a2-d3bb735ea15b	2026-01-24 23:19:10.007364+00	2026-01-24 23:19:10.007364+00	oauth	65a759f9-8261-4038-8c33-b9e257da503c
9e92234f-9419-424d-b088-c83ac0f6d65b	2026-01-25 15:00:19.032466+00	2026-01-25 15:00:19.032466+00	oauth	ce12022f-cd36-4fd8-bc64-486c7d3e228b
ee5b4d04-7b71-43e8-92c3-539f5494f496	2026-01-27 17:07:58.440084+00	2026-01-27 17:07:58.440084+00	oauth	999c25c9-c6d3-49c2-a367-a3410815fd5c
13116ae4-a93b-4e0a-a9a6-91960b2de9f0	2026-01-28 10:50:04.48606+00	2026-01-28 10:50:04.48606+00	oauth	858e977f-8ac9-41d2-a1ef-0cf24e1d63f6
438d2e4e-076b-4b7e-8947-b82455c30b83	2026-01-28 17:45:50.895005+00	2026-01-28 17:45:50.895005+00	oauth	16d1ae51-bccc-4af4-b169-38b4a79700ef
847a4945-6da7-4022-ba61-3437e89b540b	2026-01-28 21:36:22.313295+00	2026-01-28 21:36:22.313295+00	oauth	4a9c539b-c8f0-41da-a4e7-591f9f258ee9
60272a85-18a9-4441-b6bb-c44b68d73f11	2026-01-28 22:02:11.468326+00	2026-01-28 22:02:11.468326+00	oauth	569c0ead-fc31-42dd-ba05-de1a234b20a9
a87f6498-273c-4654-bfb0-db51428a8ec6	2026-01-31 04:07:12.492547+00	2026-01-31 04:07:12.492547+00	oauth	fca96efc-8c41-428e-8ee4-5204442ddfae
dd78b6af-1cd6-478c-b346-d1c1df1d63c5	2026-02-04 18:44:07.40009+00	2026-02-04 18:44:07.40009+00	oauth	2217e6a6-182f-4760-b5f1-40d60aa10772
\.


--
-- Data for Name: mfa_factors; Type: TABLE DATA; Schema: auth; Owner: supabase_auth_admin
--

COPY "auth"."mfa_factors" ("id", "user_id", "friendly_name", "factor_type", "status", "created_at", "updated_at", "secret", "phone", "last_challenged_at", "web_authn_credential", "web_authn_aaguid", "last_webauthn_challenge_data") FROM stdin;
\.


--
-- Data for Name: mfa_challenges; Type: TABLE DATA; Schema: auth; Owner: supabase_auth_admin
--

COPY "auth"."mfa_challenges" ("id", "factor_id", "created_at", "verified_at", "ip_address", "otp_code", "web_authn_session_data") FROM stdin;
\.


--
-- Data for Name: oauth_authorizations; Type: TABLE DATA; Schema: auth; Owner: supabase_auth_admin
--

COPY "auth"."oauth_authorizations" ("id", "authorization_id", "client_id", "user_id", "redirect_uri", "scope", "state", "resource", "code_challenge", "code_challenge_method", "response_type", "status", "authorization_code", "created_at", "expires_at", "approved_at", "nonce") FROM stdin;
\.


--
-- Data for Name: oauth_client_states; Type: TABLE DATA; Schema: auth; Owner: supabase_auth_admin
--

COPY "auth"."oauth_client_states" ("id", "provider_type", "code_verifier", "created_at") FROM stdin;
\.


--
-- Data for Name: oauth_consents; Type: TABLE DATA; Schema: auth; Owner: supabase_auth_admin
--

COPY "auth"."oauth_consents" ("id", "user_id", "client_id", "scopes", "granted_at", "revoked_at") FROM stdin;
\.


--
-- Data for Name: one_time_tokens; Type: TABLE DATA; Schema: auth; Owner: supabase_auth_admin
--

COPY "auth"."one_time_tokens" ("id", "user_id", "token_type", "token_hash", "relates_to", "created_at", "updated_at") FROM stdin;
\.


--
-- Data for Name: refresh_tokens; Type: TABLE DATA; Schema: auth; Owner: supabase_auth_admin
--

COPY "auth"."refresh_tokens" ("instance_id", "id", "token", "user_id", "revoked", "created_at", "updated_at", "parent", "session_id") FROM stdin;
00000000-0000-0000-0000-000000000000	914	kor7rod2qgun	ba637f82-4f6d-43b0-92e0-642463278cd3	t	2026-03-09 14:45:14.388854+00	2026-03-09 16:36:00.290949+00	\N	a7d5a8f9-a28c-48cc-a252-e489d555ae50
00000000-0000-0000-0000-000000000000	919	2a2smsjxuffm	3d4fcee7-7b78-42a5-bac5-8293378a86b2	f	2026-03-09 21:35:05.509302+00	2026-03-09 21:35:05.509302+00	\N	61c680f8-0541-4a08-9371-5aeebdc2f448
00000000-0000-0000-0000-000000000000	294	mpraeqtkalwf	e5484882-26c8-430d-9c84-7ce112269fe8	t	2026-01-17 17:54:29.094838+00	2026-01-19 11:44:23.156821+00	tdcoe4qnuzzk	6f70ea8f-3edf-4f06-9989-ed64a233bfb5
00000000-0000-0000-0000-000000000000	920	puizckwrcd4y	3d4fcee7-7b78-42a5-bac5-8293378a86b2	f	2026-03-09 21:35:16.374706+00	2026-03-09 21:35:16.374706+00	\N	3ce37a2a-446b-49e2-b2aa-4bd725392300
00000000-0000-0000-0000-000000000000	289	tdcoe4qnuzzk	e5484882-26c8-430d-9c84-7ce112269fe8	t	2026-01-17 13:14:50.440677+00	2026-01-17 17:54:29.066528+00	\N	6f70ea8f-3edf-4f06-9989-ed64a233bfb5
00000000-0000-0000-0000-000000000000	255	cu5ceakqqcdo	e5484882-26c8-430d-9c84-7ce112269fe8	t	2026-01-14 21:28:59.47889+00	2026-01-14 22:27:08.614362+00	\N	a9065059-ab95-4276-ad87-f6793b1955ee
00000000-0000-0000-0000-000000000000	257	a7zrxkivozt5	e5484882-26c8-430d-9c84-7ce112269fe8	f	2026-01-14 22:27:08.629022+00	2026-01-14 22:27:08.629022+00	cu5ceakqqcdo	a9065059-ab95-4276-ad87-f6793b1955ee
00000000-0000-0000-0000-000000000000	329	lvzr7obscyoe	e5484882-26c8-430d-9c84-7ce112269fe8	t	2026-01-19 11:44:23.182689+00	2026-01-21 18:55:02.399628+00	mpraeqtkalwf	6f70ea8f-3edf-4f06-9989-ed64a233bfb5
00000000-0000-0000-0000-000000000000	291	g4jzwzjppg5l	e5484882-26c8-430d-9c84-7ce112269fe8	t	2026-01-17 14:55:05.069393+00	2026-01-17 18:40:32.900957+00	\N	0d69eb55-2787-4acc-b883-91bda0315603
00000000-0000-0000-0000-000000000000	421	lhvashoto2jm	e5484882-26c8-430d-9c84-7ce112269fe8	t	2026-01-23 20:15:54.433123+00	2026-01-25 10:26:30.836988+00	7v4nx6h36zio	6f70ea8f-3edf-4f06-9989-ed64a233bfb5
00000000-0000-0000-0000-000000000000	921	a5zmr4a3fhw3	3d4fcee7-7b78-42a5-bac5-8293378a86b2	f	2026-03-09 21:35:25.275691+00	2026-03-09 21:35:25.275691+00	\N	9b846293-fb18-4726-ac16-642293acb814
00000000-0000-0000-0000-000000000000	295	va77scam2eyu	e5484882-26c8-430d-9c84-7ce112269fe8	t	2026-01-17 18:40:32.925581+00	2026-01-17 19:46:22.650435+00	g4jzwzjppg5l	0d69eb55-2787-4acc-b883-91bda0315603
00000000-0000-0000-0000-000000000000	783	7kxx77win2ik	e5484882-26c8-430d-9c84-7ce112269fe8	t	2026-02-26 17:59:59.911533+00	2026-02-27 17:30:42.702719+00	khgiwvwqlzhc	60272a85-18a9-4441-b6bb-c44b68d73f11
00000000-0000-0000-0000-000000000000	922	4fhmsxbkliul	3d4fcee7-7b78-42a5-bac5-8293378a86b2	f	2026-03-09 21:35:48.030189+00	2026-03-09 21:35:48.030189+00	\N	5ce00df9-2be1-49f7-a460-37b532c0aa4e
00000000-0000-0000-0000-000000000000	923	b2razg75iocq	3d4fcee7-7b78-42a5-bac5-8293378a86b2	f	2026-03-09 21:35:55.165287+00	2026-03-09 21:35:55.165287+00	\N	c981e8a9-ad4d-4127-940f-8b6e0a696b67
00000000-0000-0000-0000-000000000000	369	3zyqdkny3wok	e5484882-26c8-430d-9c84-7ce112269fe8	t	2026-01-21 18:58:19.289162+00	2026-01-21 20:51:20.081028+00	\N	ee136fe7-994c-4c51-9f03-4c6ae9bcbac1
00000000-0000-0000-0000-000000000000	319	ubnclhorfsvd	e5484882-26c8-430d-9c84-7ce112269fe8	t	2026-01-18 19:00:36.447372+00	2026-01-19 15:59:15.104243+00	dg4s3qawh4i5	0d69eb55-2787-4acc-b883-91bda0315603
00000000-0000-0000-0000-000000000000	334	wzykrmrk4f5o	e5484882-26c8-430d-9c84-7ce112269fe8	f	2026-01-19 15:59:15.114776+00	2026-01-19 15:59:15.114776+00	ubnclhorfsvd	0d69eb55-2787-4acc-b883-91bda0315603
00000000-0000-0000-0000-000000000000	367	mtygey6ybtwv	e5484882-26c8-430d-9c84-7ce112269fe8	t	2026-01-21 18:55:02.419078+00	2026-01-21 20:53:14.915424+00	lvzr7obscyoe	6f70ea8f-3edf-4f06-9989-ed64a233bfb5
00000000-0000-0000-0000-000000000000	475	veakexmqwn3a	e5484882-26c8-430d-9c84-7ce112269fe8	t	2026-01-25 14:11:45.326165+00	2026-01-25 15:20:05.263616+00	b6w5vfpo5pjj	482171c1-827a-43db-b1b5-8713a9a1ee60
00000000-0000-0000-0000-000000000000	518	ihkbcdhhcnoa	e5484882-26c8-430d-9c84-7ce112269fe8	t	2026-01-28 21:36:22.311794+00	2026-01-29 09:52:10.21043+00	\N	847a4945-6da7-4022-ba61-3437e89b540b
00000000-0000-0000-0000-000000000000	372	fu2jyvb3naq7	e5484882-26c8-430d-9c84-7ce112269fe8	t	2026-01-21 20:53:14.916922+00	2026-01-21 21:57:06.102361+00	mtygey6ybtwv	6f70ea8f-3edf-4f06-9989-ed64a233bfb5
00000000-0000-0000-0000-000000000000	437	jlo2dhmt25xb	e5484882-26c8-430d-9c84-7ce112269fe8	f	2026-01-24 12:12:40.635555+00	2026-01-24 12:12:40.635555+00	l6z75cxxemjh	719c1335-e1cd-4748-b72d-cd63834fe9ee
00000000-0000-0000-0000-000000000000	270	rhydcd6xx3xo	e5484882-26c8-430d-9c84-7ce112269fe8	t	2026-01-15 16:24:28.116892+00	2026-01-15 17:29:28.134246+00	\N	82fc7e6e-c091-40c9-a747-1314ee7c7c34
00000000-0000-0000-0000-000000000000	272	yaid6prmpzih	e5484882-26c8-430d-9c84-7ce112269fe8	f	2026-01-15 17:29:28.146961+00	2026-01-15 17:29:28.146961+00	rhydcd6xx3xo	82fc7e6e-c091-40c9-a747-1314ee7c7c34
00000000-0000-0000-0000-000000000000	530	givradn5rius	e5484882-26c8-430d-9c84-7ce112269fe8	t	2026-01-29 15:56:48.729532+00	2026-01-29 17:15:55.322168+00	77tyr6hrn2uv	60272a85-18a9-4441-b6bb-c44b68d73f11
00000000-0000-0000-0000-000000000000	366	zazpsq76lv2o	e5484882-26c8-430d-9c84-7ce112269fe8	t	2026-01-21 17:18:06.003865+00	2026-01-21 23:40:46.208634+00	\N	719c1335-e1cd-4748-b72d-cd63834fe9ee
00000000-0000-0000-0000-000000000000	481	rtp4ztctzdnf	e5484882-26c8-430d-9c84-7ce112269fe8	t	2026-01-25 15:20:05.274424+00	2026-01-25 19:27:40.813498+00	veakexmqwn3a	482171c1-827a-43db-b1b5-8713a9a1ee60
00000000-0000-0000-0000-000000000000	371	x547pgniimko	e5484882-26c8-430d-9c84-7ce112269fe8	t	2026-01-21 20:51:20.104687+00	2026-01-21 23:41:16.010974+00	3zyqdkny3wok	ee136fe7-994c-4c51-9f03-4c6ae9bcbac1
00000000-0000-0000-0000-000000000000	446	xb4iv7uzwjuv	e5484882-26c8-430d-9c84-7ce112269fe8	f	2026-01-24 15:45:16.850023+00	2026-01-24 15:45:16.850023+00	\N	096b4c0c-5a80-41d4-b9db-a1fb2423c414
00000000-0000-0000-0000-000000000000	520	xzr7y4pmwvzw	87624d7a-98b4-4490-9bed-1f51964af648	t	2026-01-28 22:25:07.834763+00	2026-01-29 20:14:42.807562+00	sey237hqqc7l	438d2e4e-076b-4b7e-8947-b82455c30b83
00000000-0000-0000-0000-000000000000	381	xwbfi2k5vm4c	472bcf2a-3bdb-4521-a1bd-79168d82eecb	f	2026-01-22 08:10:46.990302+00	2026-01-22 08:10:46.990302+00	\N	ed6bb1a2-7860-4ce8-b182-fb34e9d5a5c5
00000000-0000-0000-0000-000000000000	798	5tnfocowbgjb	e5484882-26c8-430d-9c84-7ce112269fe8	t	2026-02-27 17:30:42.71186+00	2026-03-04 11:19:56.124535+00	7kxx77win2ik	60272a85-18a9-4441-b6bb-c44b68d73f11
00000000-0000-0000-0000-000000000000	378	th4wmh4iwoin	e5484882-26c8-430d-9c84-7ce112269fe8	t	2026-01-21 23:41:16.012066+00	2026-01-22 09:55:56.672269+00	x547pgniimko	ee136fe7-994c-4c51-9f03-4c6ae9bcbac1
00000000-0000-0000-0000-000000000000	487	blrssachmju5	e5484882-26c8-430d-9c84-7ce112269fe8	t	2026-01-25 19:27:40.823039+00	2026-01-26 11:45:36.69698+00	rtp4ztctzdnf	482171c1-827a-43db-b1b5-8713a9a1ee60
00000000-0000-0000-0000-000000000000	312	qc5y47umloio	e5484882-26c8-430d-9c84-7ce112269fe8	t	2026-01-18 13:29:12.069478+00	2026-01-18 14:43:33.740052+00	\N	bd9de0d4-58ce-4527-9c3a-f7824391d3f8
00000000-0000-0000-0000-000000000000	447	fxezwlwkiusu	e5484882-26c8-430d-9c84-7ce112269fe8	t	2026-01-24 15:46:51.691246+00	2026-01-24 20:32:54.895448+00	\N	482171c1-827a-43db-b1b5-8713a9a1ee60
00000000-0000-0000-0000-000000000000	495	z74z37jg5sfq	e5484882-26c8-430d-9c84-7ce112269fe8	t	2026-01-26 11:45:36.722788+00	2026-01-26 15:28:55.21322+00	blrssachmju5	482171c1-827a-43db-b1b5-8713a9a1ee60
00000000-0000-0000-0000-000000000000	315	qaqhycb3pc7k	e5484882-26c8-430d-9c84-7ce112269fe8	t	2026-01-18 14:43:33.757187+00	2026-01-18 18:57:15.684202+00	qc5y47umloio	bd9de0d4-58ce-4527-9c3a-f7824391d3f8
00000000-0000-0000-0000-000000000000	318	34q3bp6z6ojb	e5484882-26c8-430d-9c84-7ce112269fe8	f	2026-01-18 18:57:15.715948+00	2026-01-18 18:57:15.715948+00	qaqhycb3pc7k	bd9de0d4-58ce-4527-9c3a-f7824391d3f8
00000000-0000-0000-0000-000000000000	297	dg4s3qawh4i5	e5484882-26c8-430d-9c84-7ce112269fe8	t	2026-01-17 19:46:22.675324+00	2026-01-18 19:00:36.446601+00	va77scam2eyu	0d69eb55-2787-4acc-b883-91bda0315603
00000000-0000-0000-0000-000000000000	454	vriv7hiepndu	e5484882-26c8-430d-9c84-7ce112269fe8	t	2026-01-24 20:30:39.881173+00	2026-01-24 22:07:12.67181+00	\N	77236417-ced8-4f28-956b-71f9594fdead
00000000-0000-0000-0000-000000000000	311	sodvnga6doet	e5484882-26c8-430d-9c84-7ce112269fe8	t	2026-01-18 13:27:28.00829+00	2026-01-18 19:09:02.300918+00	\N	f0f6713c-9ecc-4b5d-b45a-cb23ee6795c4
00000000-0000-0000-0000-000000000000	320	hkwdfsky6w2k	e5484882-26c8-430d-9c84-7ce112269fe8	f	2026-01-18 19:09:02.316264+00	2026-01-18 19:09:02.316264+00	sodvnga6doet	f0f6713c-9ecc-4b5d-b45a-cb23ee6795c4
00000000-0000-0000-0000-000000000000	388	vddrzt7ydbji	e5484882-26c8-430d-9c84-7ce112269fe8	t	2026-01-22 16:23:54.078809+00	2026-01-22 17:22:18.195427+00	\N	cb2271f5-4320-4225-ab10-fc502bf76a9d
00000000-0000-0000-0000-000000000000	389	cgmvkljvaeuk	e5484882-26c8-430d-9c84-7ce112269fe8	f	2026-01-22 17:22:18.21385+00	2026-01-22 17:22:18.21385+00	vddrzt7ydbji	cb2271f5-4320-4225-ab10-fc502bf76a9d
00000000-0000-0000-0000-000000000000	463	3gorxjwfprr4	7f75bca0-217d-4471-9f96-9bced39ed8f5	f	2026-01-24 23:19:09.980824+00	2026-01-24 23:19:09.980824+00	\N	c53af402-0270-4c6d-b8a2-d3bb735ea15b
00000000-0000-0000-0000-000000000000	532	wgqfnqv2qcru	e5484882-26c8-430d-9c84-7ce112269fe8	t	2026-01-29 17:15:55.352048+00	2026-01-30 17:12:50.575568+00	givradn5rius	60272a85-18a9-4441-b6bb-c44b68d73f11
00000000-0000-0000-0000-000000000000	383	tltf32ki7wiw	e5484882-26c8-430d-9c84-7ce112269fe8	t	2026-01-22 09:55:56.690213+00	2026-01-22 17:43:12.917076+00	th4wmh4iwoin	ee136fe7-994c-4c51-9f03-4c6ae9bcbac1
00000000-0000-0000-0000-000000000000	374	cnwvhtranjtv	e5484882-26c8-430d-9c84-7ce112269fe8	t	2026-01-21 21:57:06.133826+00	2026-01-22 18:35:23.955114+00	fu2jyvb3naq7	6f70ea8f-3edf-4f06-9989-ed64a233bfb5
00000000-0000-0000-0000-000000000000	377	x62e2x6b533s	e5484882-26c8-430d-9c84-7ce112269fe8	t	2026-01-21 23:40:46.231148+00	2026-01-23 11:19:31.846638+00	zazpsq76lv2o	719c1335-e1cd-4748-b72d-cd63834fe9ee
00000000-0000-0000-0000-000000000000	534	5m2nhdby3yvu	87624d7a-98b4-4490-9bed-1f51964af648	t	2026-01-29 20:14:42.838273+00	2026-01-30 21:59:42.340005+00	xzr7y4pmwvzw	438d2e4e-076b-4b7e-8947-b82455c30b83
00000000-0000-0000-0000-000000000000	915	xsk2uptvqnye	ba637f82-4f6d-43b0-92e0-642463278cd3	f	2026-03-09 16:36:00.321371+00	2026-03-09 16:36:00.321371+00	kor7rod2qgun	a7d5a8f9-a28c-48cc-a252-e489d555ae50
00000000-0000-0000-0000-000000000000	415	7v4nx6h36zio	e5484882-26c8-430d-9c84-7ce112269fe8	t	2026-01-23 17:51:07.957638+00	2026-01-23 20:15:54.423578+00	vll3dxb7zmvw	6f70ea8f-3edf-4f06-9989-ed64a233bfb5
00000000-0000-0000-0000-000000000000	550	4c2iny5ptcnx	87624d7a-98b4-4490-9bed-1f51964af648	t	2026-01-30 21:59:42.345922+00	2026-02-08 01:07:17.413928+00	5m2nhdby3yvu	438d2e4e-076b-4b7e-8947-b82455c30b83
00000000-0000-0000-0000-000000000000	409	jz6yq33j2izj	e5484882-26c8-430d-9c84-7ce112269fe8	t	2026-01-23 14:47:34.953416+00	2026-01-23 22:31:50.060107+00	mnxkjdprpbh7	719c1335-e1cd-4748-b72d-cd63834fe9ee
00000000-0000-0000-0000-000000000000	472	7e3yzz7upwtg	e5484882-26c8-430d-9c84-7ce112269fe8	f	2026-01-25 10:26:30.863942+00	2026-01-25 10:26:30.863942+00	lhvashoto2jm	6f70ea8f-3edf-4f06-9989-ed64a233bfb5
00000000-0000-0000-0000-000000000000	426	zlskab5tmtso	170703e4-242e-47aa-9042-2b150614574c	f	2026-01-23 22:54:05.049959+00	2026-01-23 22:54:05.049959+00	\N	e1fba05a-aead-4467-832f-06d9e24d2563
00000000-0000-0000-0000-000000000000	396	c7k7s7bd7khb	008caa40-eea6-4da3-9d2d-86bf8f4a9167	f	2026-01-22 21:03:55.861827+00	2026-01-22 21:03:55.861827+00	\N	4737fb6a-f8b3-4a8e-b40c-3412dde3a2e8
00000000-0000-0000-0000-000000000000	456	b6w5vfpo5pjj	e5484882-26c8-430d-9c84-7ce112269fe8	t	2026-01-24 20:32:54.900354+00	2026-01-25 14:11:45.293878+00	fxezwlwkiusu	482171c1-827a-43db-b1b5-8713a9a1ee60
00000000-0000-0000-0000-000000000000	513	sey237hqqc7l	87624d7a-98b4-4490-9bed-1f51964af648	t	2026-01-28 17:45:50.877586+00	2026-01-28 22:25:07.807747+00	\N	438d2e4e-076b-4b7e-8947-b82455c30b83
00000000-0000-0000-0000-000000000000	660	sby4prddhla3	87624d7a-98b4-4490-9bed-1f51964af648	t	2026-02-16 19:37:20.206805+00	2026-03-09 23:59:24.504152+00	v7sfjblzzf3s	438d2e4e-076b-4b7e-8947-b82455c30b83
00000000-0000-0000-0000-000000000000	928	d4ypicy7a4y3	87624d7a-98b4-4490-9bed-1f51964af648	f	2026-03-09 23:59:24.526921+00	2026-03-09 23:59:24.526921+00	sby4prddhla3	438d2e4e-076b-4b7e-8947-b82455c30b83
00000000-0000-0000-0000-000000000000	924	cs4zuagwsx7q	3d4fcee7-7b78-42a5-bac5-8293378a86b2	t	2026-03-09 21:36:37.835206+00	2026-03-10 00:23:23.042219+00	\N	6f5f0679-9089-4a05-9525-279391e4f178
00000000-0000-0000-0000-000000000000	424	l6z75cxxemjh	e5484882-26c8-430d-9c84-7ce112269fe8	t	2026-01-23 22:31:50.062504+00	2026-01-24 12:12:40.634488+00	jz6yq33j2izj	719c1335-e1cd-4748-b72d-cd63834fe9ee
00000000-0000-0000-0000-000000000000	847	5ttnfinqgg74	7d86eb15-9dfc-41f8-a5aa-07564a9534c5	f	2026-03-05 16:44:27.099769+00	2026-03-05 16:44:27.099769+00	6jiugk5cdq2l	0ec11e67-3574-4890-8393-151fdaec54c1
00000000-0000-0000-0000-000000000000	932	dstpnmg2txoq	3d4fcee7-7b78-42a5-bac5-8293378a86b2	t	2026-03-10 08:29:15.401008+00	2026-03-10 09:27:19.871726+00	chgl3e3lzo4k	8feeb479-04d9-40bb-8927-849a26cee2b6
00000000-0000-0000-0000-000000000000	852	4b52nbbkpvie	61e6e48c-3fa0-4ef1-a355-a54dc7ca9e60	f	2026-03-05 21:10:20.660274+00	2026-03-05 21:10:20.660274+00	\N	071c6e3b-0ee0-4dad-af47-f523e6be6438
00000000-0000-0000-0000-000000000000	519	77tyr6hrn2uv	e5484882-26c8-430d-9c84-7ce112269fe8	t	2026-01-28 22:02:11.445067+00	2026-01-29 15:56:48.697579+00	\N	60272a85-18a9-4441-b6bb-c44b68d73f11
00000000-0000-0000-0000-000000000000	936	lvk2dxv5yav3	3d4fcee7-7b78-42a5-bac5-8293378a86b2	t	2026-03-10 16:44:11.538926+00	2026-03-10 17:42:16.524307+00	f4atoicpfmar	8feeb479-04d9-40bb-8927-849a26cee2b6
00000000-0000-0000-0000-000000000000	940	x25r4gnxse7a	3d4fcee7-7b78-42a5-bac5-8293378a86b2	t	2026-03-10 18:50:22.703607+00	2026-03-10 22:26:06.046944+00	vnlopb6zdayo	8feeb479-04d9-40bb-8927-849a26cee2b6
00000000-0000-0000-0000-000000000000	404	2elwigzkdckh	e5484882-26c8-430d-9c84-7ce112269fe8	t	2026-01-23 11:19:31.853696+00	2026-01-23 13:25:00.556436+00	x62e2x6b533s	719c1335-e1cd-4748-b72d-cd63834fe9ee
00000000-0000-0000-0000-000000000000	478	ckidhiykfi2y	87624d7a-98b4-4490-9bed-1f51964af648	t	2026-01-25 15:00:19.01918+00	2026-01-25 22:01:39.7907+00	\N	9e92234f-9419-424d-b088-c83ac0f6d65b
00000000-0000-0000-0000-000000000000	490	l75xw6stkjwz	87624d7a-98b4-4490-9bed-1f51964af648	f	2026-01-25 22:01:39.792922+00	2026-01-25 22:01:39.792922+00	ckidhiykfi2y	9e92234f-9419-424d-b088-c83ac0f6d65b
00000000-0000-0000-0000-000000000000	406	mnxkjdprpbh7	e5484882-26c8-430d-9c84-7ce112269fe8	t	2026-01-23 13:25:00.586151+00	2026-01-23 14:47:34.944002+00	2elwigzkdckh	719c1335-e1cd-4748-b72d-cd63834fe9ee
00000000-0000-0000-0000-000000000000	527	zzkpux43jnno	e5484882-26c8-430d-9c84-7ce112269fe8	t	2026-01-29 09:52:10.246762+00	2026-01-30 11:47:26.609285+00	ihkbcdhhcnoa	847a4945-6da7-4022-ba61-3437e89b540b
00000000-0000-0000-0000-000000000000	537	3ftzmtoqm7kt	e5484882-26c8-430d-9c84-7ce112269fe8	f	2026-01-30 11:47:26.636526+00	2026-01-30 11:47:26.636526+00	zzkpux43jnno	847a4945-6da7-4022-ba61-3437e89b540b
00000000-0000-0000-0000-000000000000	460	c3ay2bclhr5b	e5484882-26c8-430d-9c84-7ce112269fe8	f	2026-01-24 22:07:12.680336+00	2026-01-24 22:07:12.680336+00	vriv7hiepndu	77236417-ced8-4f28-956b-71f9594fdead
00000000-0000-0000-0000-000000000000	462	ngtdcwzzqdvw	8c2da9c3-fc33-4a18-b661-f1246fabcb05	f	2026-01-24 22:50:33.736168+00	2026-01-24 22:50:33.736168+00	\N	4482c22b-e46e-4227-8a99-32a856790abc
00000000-0000-0000-0000-000000000000	391	qbwuw5p3douh	e5484882-26c8-430d-9c84-7ce112269fe8	t	2026-01-22 17:43:12.935414+00	2026-01-23 17:01:07.682868+00	tltf32ki7wiw	ee136fe7-994c-4c51-9f03-4c6ae9bcbac1
00000000-0000-0000-0000-000000000000	412	4et6y45ccpxz	e5484882-26c8-430d-9c84-7ce112269fe8	f	2026-01-23 17:01:07.697051+00	2026-01-23 17:01:07.697051+00	qbwuw5p3douh	ee136fe7-994c-4c51-9f03-4c6ae9bcbac1
00000000-0000-0000-0000-000000000000	392	vll3dxb7zmvw	e5484882-26c8-430d-9c84-7ce112269fe8	t	2026-01-22 18:35:23.980114+00	2026-01-23 17:51:07.95035+00	cnwvhtranjtv	6f70ea8f-3edf-4f06-9989-ed64a233bfb5
00000000-0000-0000-0000-000000000000	416	s6z5uo4egox7	03a16c39-743c-426c-ad5f-5cac097a798f	f	2026-01-23 18:04:56.887583+00	2026-01-23 18:04:56.887583+00	\N	ea5b5f88-1d18-4512-be64-f86dc2837b8f
00000000-0000-0000-0000-000000000000	676	rrz75x746ffz	e5484882-26c8-430d-9c84-7ce112269fe8	t	2026-02-18 19:15:03.791151+00	2026-02-19 20:20:38.030114+00	wns2tmedhbtb	dd78b6af-1cd6-478c-b346-d1c1df1d63c5
00000000-0000-0000-0000-000000000000	497	ractr3hj34qg	e5484882-26c8-430d-9c84-7ce112269fe8	t	2026-01-26 15:28:55.232986+00	2026-01-27 13:38:12.828574+00	z74z37jg5sfq	482171c1-827a-43db-b1b5-8713a9a1ee60
00000000-0000-0000-0000-000000000000	500	el6b6ddcp4ng	e5484882-26c8-430d-9c84-7ce112269fe8	f	2026-01-27 13:38:12.854682+00	2026-01-27 13:38:12.854682+00	ractr3hj34qg	482171c1-827a-43db-b1b5-8713a9a1ee60
00000000-0000-0000-0000-000000000000	502	qcbmcvjkgl4s	1edd4826-e6cc-447c-8fcd-696fed38256b	f	2026-01-27 17:07:58.410485+00	2026-01-27 17:07:58.410485+00	\N	ee5b4d04-7b71-43e8-92c3-539f5494f496
00000000-0000-0000-0000-000000000000	697	th6w52lwclok	e5484882-26c8-430d-9c84-7ce112269fe8	t	2026-02-19 20:20:38.04415+00	2026-02-19 22:39:26.598206+00	rrz75x746ffz	dd78b6af-1cd6-478c-b346-d1c1df1d63c5
00000000-0000-0000-0000-000000000000	508	f23kx4wtpbjp	1edd4826-e6cc-447c-8fcd-696fed38256b	f	2026-01-28 10:50:04.45247+00	2026-01-28 10:50:04.45247+00	\N	13116ae4-a93b-4e0a-a9a6-91960b2de9f0
00000000-0000-0000-0000-000000000000	720	kgjnvje6dhww	fcf46093-2632-4f87-a560-c520ad9877eb	t	2026-02-20 23:16:08.391169+00	2026-02-21 07:56:06.341792+00	eliowwf7qsxq	186756dc-575d-422b-9ef2-31b64496aa9c
00000000-0000-0000-0000-000000000000	710	v7spze67wjqu	e5484882-26c8-430d-9c84-7ce112269fe8	t	2026-02-20 15:55:33.09939+00	2026-02-21 18:00:13.724811+00	nafsyjlvfkd5	60272a85-18a9-4441-b6bb-c44b68d73f11
00000000-0000-0000-0000-000000000000	554	lpm3ftlbrzlq	2f84dafb-47a3-442b-84c8-0a0800176039	f	2026-01-31 04:07:12.490363+00	2026-01-31 04:07:12.490363+00	\N	a87f6498-273c-4654-bfb0-db51428a8ec6
00000000-0000-0000-0000-000000000000	543	odp6olerzttb	e5484882-26c8-430d-9c84-7ce112269fe8	t	2026-01-30 17:12:50.576334+00	2026-01-31 17:07:54.022941+00	wgqfnqv2qcru	60272a85-18a9-4441-b6bb-c44b68d73f11
00000000-0000-0000-0000-000000000000	557	fbtsi7qlu6xk	e5484882-26c8-430d-9c84-7ce112269fe8	t	2026-01-31 17:07:54.038689+00	2026-02-04 18:40:35.432731+00	odp6olerzttb	60272a85-18a9-4441-b6bb-c44b68d73f11
00000000-0000-0000-0000-000000000000	916	d2fp4zf5yhi5	c866ca90-e0a9-4e6c-9a5d-8494f064a78a	f	2026-03-09 19:00:38.20518+00	2026-03-09 19:00:38.20518+00	2dtpehf2q5mo	723f9a97-6866-49d4-9e53-15827b1c3b42
00000000-0000-0000-0000-000000000000	929	4oelf43hhiiw	3d4fcee7-7b78-42a5-bac5-8293378a86b2	f	2026-03-10 00:23:23.065296+00	2026-03-10 00:23:23.065296+00	cs4zuagwsx7q	6f5f0679-9089-4a05-9525-279391e4f178
00000000-0000-0000-0000-000000000000	572	mgum3zobrqqs	e5484882-26c8-430d-9c84-7ce112269fe8	t	2026-02-04 18:44:07.397949+00	2026-02-05 07:35:27.023776+00	\N	dd78b6af-1cd6-478c-b346-d1c1df1d63c5
00000000-0000-0000-0000-000000000000	925	londh3jjwl3z	c866ca90-e0a9-4e6c-9a5d-8494f064a78a	t	2026-03-09 21:55:17.974758+00	2026-03-10 13:30:51.10616+00	hwkg5f2pem2r	6a904ac1-a0bf-4313-8c3b-8dfdee1dbd0f
00000000-0000-0000-0000-000000000000	933	crbjb2ouri44	3d4fcee7-7b78-42a5-bac5-8293378a86b2	t	2026-03-10 08:50:57.600868+00	2026-03-10 18:36:56.413111+00	w4wzzvcbil5u	693c7a6c-bb48-400e-a93e-a501c7f51296
00000000-0000-0000-0000-000000000000	937	vnlopb6zdayo	3d4fcee7-7b78-42a5-bac5-8293378a86b2	t	2026-03-10 17:42:16.534547+00	2026-03-10 18:50:22.690692+00	lvk2dxv5yav3	8feeb479-04d9-40bb-8927-849a26cee2b6
00000000-0000-0000-0000-000000000000	941	r7xmqt2sjasu	3d4fcee7-7b78-42a5-bac5-8293378a86b2	f	2026-03-10 22:26:06.074134+00	2026-03-10 22:26:06.074134+00	x25r4gnxse7a	8feeb479-04d9-40bb-8927-849a26cee2b6
00000000-0000-0000-0000-000000000000	702	2fyvupmmsagt	e5484882-26c8-430d-9c84-7ce112269fe8	t	2026-02-19 22:39:26.631532+00	2026-02-22 11:33:03.659973+00	th6w52lwclok	dd78b6af-1cd6-478c-b346-d1c1df1d63c5
00000000-0000-0000-0000-000000000000	570	gzyafmwsk5rn	e5484882-26c8-430d-9c84-7ce112269fe8	t	2026-02-04 18:40:35.44683+00	2026-02-04 20:24:04.375778+00	fbtsi7qlu6xk	60272a85-18a9-4441-b6bb-c44b68d73f11
00000000-0000-0000-0000-000000000000	705	vlb4w7inthto	87624d7a-98b4-4490-9bed-1f51964af648	f	2026-02-20 12:00:34.17652+00	2026-02-20 12:00:34.17652+00	3ywe6g37z5re	ca06a8d6-e84f-4463-9520-0f30f2867a5a
00000000-0000-0000-0000-000000000000	579	h4ump2dw4lto	e5484882-26c8-430d-9c84-7ce112269fe8	t	2026-02-05 07:35:27.038848+00	2026-02-06 15:56:22.613493+00	mgum3zobrqqs	dd78b6af-1cd6-478c-b346-d1c1df1d63c5
00000000-0000-0000-0000-000000000000	588	6wgqvs5c65a6	e5484882-26c8-430d-9c84-7ce112269fe8	t	2026-02-06 15:56:22.618382+00	2026-02-06 17:28:09.917337+00	h4ump2dw4lto	dd78b6af-1cd6-478c-b346-d1c1df1d63c5
00000000-0000-0000-0000-000000000000	711	eliowwf7qsxq	fcf46093-2632-4f87-a560-c520ad9877eb	t	2026-02-20 16:08:31.311302+00	2026-02-20 23:16:08.382839+00	\N	186756dc-575d-422b-9ef2-31b64496aa9c
00000000-0000-0000-0000-000000000000	739	glcygx54kp52	e5484882-26c8-430d-9c84-7ce112269fe8	t	2026-02-22 17:02:14.17394+00	2026-02-23 15:02:22.861803+00	v5lgpswbbl3h	dd78b6af-1cd6-478c-b346-d1c1df1d63c5
00000000-0000-0000-0000-000000000000	589	2mvzjwhdotzz	e5484882-26c8-430d-9c84-7ce112269fe8	t	2026-02-06 17:28:09.927788+00	2026-02-06 19:10:15.668897+00	6wgqvs5c65a6	dd78b6af-1cd6-478c-b346-d1c1df1d63c5
00000000-0000-0000-0000-000000000000	592	b7vs7v4uajwv	e5484882-26c8-430d-9c84-7ce112269fe8	t	2026-02-06 19:10:15.675463+00	2026-02-07 02:10:49.470033+00	2mvzjwhdotzz	dd78b6af-1cd6-478c-b346-d1c1df1d63c5
00000000-0000-0000-0000-000000000000	595	anxepr5cwpdn	e5484882-26c8-430d-9c84-7ce112269fe8	t	2026-02-07 02:10:49.497087+00	2026-02-07 12:30:48.374322+00	b7vs7v4uajwv	dd78b6af-1cd6-478c-b346-d1c1df1d63c5
00000000-0000-0000-0000-000000000000	596	f3vmy5vgeaxf	e5484882-26c8-430d-9c84-7ce112269fe8	t	2026-02-07 12:30:48.40982+00	2026-02-07 15:22:00.878278+00	anxepr5cwpdn	dd78b6af-1cd6-478c-b346-d1c1df1d63c5
00000000-0000-0000-0000-000000000000	599	mddhmsmhdajc	e5484882-26c8-430d-9c84-7ce112269fe8	t	2026-02-07 15:22:00.88494+00	2026-02-08 11:28:41.25331+00	f3vmy5vgeaxf	dd78b6af-1cd6-478c-b346-d1c1df1d63c5
00000000-0000-0000-0000-000000000000	609	kjn4vaa57t46	e5484882-26c8-430d-9c84-7ce112269fe8	t	2026-02-08 11:28:41.273656+00	2026-02-08 13:36:53.559078+00	mddhmsmhdajc	dd78b6af-1cd6-478c-b346-d1c1df1d63c5
00000000-0000-0000-0000-000000000000	603	ilawvmsqwkbn	87624d7a-98b4-4490-9bed-1f51964af648	t	2026-02-08 01:07:17.436734+00	2026-02-08 15:55:24.476127+00	4c2iny5ptcnx	438d2e4e-076b-4b7e-8947-b82455c30b83
00000000-0000-0000-0000-000000000000	612	2bubpmm4gw2d	e5484882-26c8-430d-9c84-7ce112269fe8	t	2026-02-08 13:36:53.571586+00	2026-02-09 19:26:09.915114+00	kjn4vaa57t46	dd78b6af-1cd6-478c-b346-d1c1df1d63c5
00000000-0000-0000-0000-000000000000	574	4ghnqy3nn777	e5484882-26c8-430d-9c84-7ce112269fe8	t	2026-02-04 20:24:04.384713+00	2026-02-10 18:03:50.530539+00	gzyafmwsk5rn	60272a85-18a9-4441-b6bb-c44b68d73f11
00000000-0000-0000-0000-000000000000	903	2dtpehf2q5mo	c866ca90-e0a9-4e6c-9a5d-8494f064a78a	t	2026-03-08 21:59:23.476878+00	2026-03-09 19:00:38.176412+00	\N	723f9a97-6866-49d4-9e53-15827b1c3b42
00000000-0000-0000-0000-000000000000	917	3kmx7eumorqy	c866ca90-e0a9-4e6c-9a5d-8494f064a78a	t	2026-03-09 19:57:49.766638+00	2026-03-09 20:56:18.350716+00	\N	6a904ac1-a0bf-4313-8c3b-8dfdee1dbd0f
00000000-0000-0000-0000-000000000000	633	v7sfjblzzf3s	87624d7a-98b4-4490-9bed-1f51964af648	t	2026-02-12 04:12:50.914527+00	2026-02-16 19:37:20.197408+00	mbtlk5jftvlu	438d2e4e-076b-4b7e-8947-b82455c30b83
00000000-0000-0000-0000-000000000000	926	ygmusucmsmcn	3d4fcee7-7b78-42a5-bac5-8293378a86b2	t	2026-03-09 22:14:53.099684+00	2026-03-09 23:13:12.566663+00	a3esnaawbzgy	8feeb479-04d9-40bb-8927-849a26cee2b6
00000000-0000-0000-0000-000000000000	845	6jiugk5cdq2l	7d86eb15-9dfc-41f8-a5aa-07564a9534c5	t	2026-03-05 15:37:18.281418+00	2026-03-05 16:44:27.076336+00	\N	0ec11e67-3574-4890-8393-151fdaec54c1
00000000-0000-0000-0000-000000000000	930	nreievzwd73o	3d4fcee7-7b78-42a5-bac5-8293378a86b2	t	2026-03-10 00:45:20.744021+00	2026-03-10 07:26:57.725293+00	\N	693c7a6c-bb48-400e-a93e-a501c7f51296
00000000-0000-0000-0000-000000000000	736	v5lgpswbbl3h	e5484882-26c8-430d-9c84-7ce112269fe8	t	2026-02-22 11:33:03.688002+00	2026-02-22 17:02:14.151863+00	2fyvupmmsagt	dd78b6af-1cd6-478c-b346-d1c1df1d63c5
00000000-0000-0000-0000-000000000000	934	f4atoicpfmar	3d4fcee7-7b78-42a5-bac5-8293378a86b2	t	2026-03-10 09:27:19.891627+00	2026-03-10 16:44:11.524382+00	dstpnmg2txoq	8feeb479-04d9-40bb-8927-849a26cee2b6
00000000-0000-0000-0000-000000000000	644	wns2tmedhbtb	e5484882-26c8-430d-9c84-7ce112269fe8	t	2026-02-14 16:54:07.694156+00	2026-02-18 19:15:03.761263+00	qn7hwv6tfd3c	dd78b6af-1cd6-478c-b346-d1c1df1d63c5
00000000-0000-0000-0000-000000000000	938	tx3di7nrufwt	c866ca90-e0a9-4e6c-9a5d-8494f064a78a	f	2026-03-10 18:16:18.753834+00	2026-03-10 18:16:18.753834+00	4ej625uqmerg	6a904ac1-a0bf-4313-8c3b-8dfdee1dbd0f
00000000-0000-0000-0000-000000000000	942	aa723m4vibc2	3d4fcee7-7b78-42a5-bac5-8293378a86b2	f	2026-03-11 00:08:38.898339+00	2026-03-11 00:08:38.898339+00	\N	ae6af7b1-5352-48a5-b69d-bdf2d01e7f12
00000000-0000-0000-0000-000000000000	622	upkdbfoyqvaj	e5484882-26c8-430d-9c84-7ce112269fe8	t	2026-02-09 19:26:09.938386+00	2026-02-10 17:48:52.747496+00	2bubpmm4gw2d	dd78b6af-1cd6-478c-b346-d1c1df1d63c5
00000000-0000-0000-0000-000000000000	699	3ywe6g37z5re	87624d7a-98b4-4490-9bed-1f51964af648	t	2026-02-19 20:51:19.66061+00	2026-02-20 12:00:34.148599+00	\N	ca06a8d6-e84f-4463-9520-0f30f2867a5a
00000000-0000-0000-0000-000000000000	749	nd67zk2xtnac	e5484882-26c8-430d-9c84-7ce112269fe8	f	2026-02-23 15:02:22.875636+00	2026-02-23 15:02:22.875636+00	glcygx54kp52	dd78b6af-1cd6-478c-b346-d1c1df1d63c5
00000000-0000-0000-0000-000000000000	614	mbtlk5jftvlu	87624d7a-98b4-4490-9bed-1f51964af648	t	2026-02-08 15:55:24.501786+00	2026-02-12 04:12:50.895172+00	ilawvmsqwkbn	438d2e4e-076b-4b7e-8947-b82455c30b83
00000000-0000-0000-0000-000000000000	640	nafsyjlvfkd5	e5484882-26c8-430d-9c84-7ce112269fe8	t	2026-02-14 13:34:58.605825+00	2026-02-20 15:55:33.098495+00	qm23dhb3m4ik	60272a85-18a9-4441-b6bb-c44b68d73f11
00000000-0000-0000-0000-000000000000	628	qm23dhb3m4ik	e5484882-26c8-430d-9c84-7ce112269fe8	t	2026-02-10 18:03:50.549801+00	2026-02-14 13:34:58.579675+00	4ghnqy3nn777	60272a85-18a9-4441-b6bb-c44b68d73f11
00000000-0000-0000-0000-000000000000	722	dteltwldk4q4	fcf46093-2632-4f87-a560-c520ad9877eb	f	2026-02-21 07:56:06.372237+00	2026-02-21 07:56:06.372237+00	kgjnvje6dhww	186756dc-575d-422b-9ef2-31b64496aa9c
00000000-0000-0000-0000-000000000000	627	qn7hwv6tfd3c	e5484882-26c8-430d-9c84-7ce112269fe8	t	2026-02-10 17:48:52.764102+00	2026-02-14 16:54:07.663919+00	upkdbfoyqvaj	dd78b6af-1cd6-478c-b346-d1c1df1d63c5
00000000-0000-0000-0000-000000000000	728	3n36evp6gdxk	e5484882-26c8-430d-9c84-7ce112269fe8	t	2026-02-21 18:00:13.736403+00	2026-02-25 10:16:10.096625+00	v7spze67wjqu	60272a85-18a9-4441-b6bb-c44b68d73f11
00000000-0000-0000-0000-000000000000	770	khgiwvwqlzhc	e5484882-26c8-430d-9c84-7ce112269fe8	t	2026-02-25 20:09:32.167328+00	2026-02-26 17:59:59.88382+00	nljywbmddyqn	60272a85-18a9-4441-b6bb-c44b68d73f11
00000000-0000-0000-0000-000000000000	762	ro6cabyfdjir	e5484882-26c8-430d-9c84-7ce112269fe8	t	2026-02-25 10:16:10.107907+00	2026-02-25 17:40:08.157542+00	3n36evp6gdxk	60272a85-18a9-4441-b6bb-c44b68d73f11
00000000-0000-0000-0000-000000000000	918	hwkg5f2pem2r	c866ca90-e0a9-4e6c-9a5d-8494f064a78a	t	2026-03-09 20:56:18.368089+00	2026-03-09 21:55:17.955667+00	3kmx7eumorqy	6a904ac1-a0bf-4313-8c3b-8dfdee1dbd0f
00000000-0000-0000-0000-000000000000	913	a3esnaawbzgy	3d4fcee7-7b78-42a5-bac5-8293378a86b2	t	2026-03-09 14:26:45.172106+00	2026-03-09 22:14:53.078006+00	\N	8feeb479-04d9-40bb-8927-849a26cee2b6
00000000-0000-0000-0000-000000000000	827	wzwu75qzjwrh	e5484882-26c8-430d-9c84-7ce112269fe8	t	2026-03-04 11:19:56.155345+00	2026-03-05 12:51:38.317961+00	5tnfocowbgjb	60272a85-18a9-4441-b6bb-c44b68d73f11
00000000-0000-0000-0000-000000000000	842	4e2l6ku7kuzu	e5484882-26c8-430d-9c84-7ce112269fe8	f	2026-03-05 12:51:38.33913+00	2026-03-05 12:51:38.33913+00	wzwu75qzjwrh	60272a85-18a9-4441-b6bb-c44b68d73f11
00000000-0000-0000-0000-000000000000	767	nljywbmddyqn	e5484882-26c8-430d-9c84-7ce112269fe8	t	2026-02-25 17:40:08.19021+00	2026-02-25 20:09:32.134779+00	ro6cabyfdjir	60272a85-18a9-4441-b6bb-c44b68d73f11
00000000-0000-0000-0000-000000000000	927	chgl3e3lzo4k	3d4fcee7-7b78-42a5-bac5-8293378a86b2	t	2026-03-09 23:13:12.601254+00	2026-03-10 08:29:15.373022+00	ygmusucmsmcn	8feeb479-04d9-40bb-8927-849a26cee2b6
00000000-0000-0000-0000-000000000000	931	w4wzzvcbil5u	3d4fcee7-7b78-42a5-bac5-8293378a86b2	t	2026-03-10 07:26:57.751945+00	2026-03-10 08:50:57.579778+00	nreievzwd73o	693c7a6c-bb48-400e-a93e-a501c7f51296
00000000-0000-0000-0000-000000000000	935	4ej625uqmerg	c866ca90-e0a9-4e6c-9a5d-8494f064a78a	t	2026-03-10 13:30:51.115163+00	2026-03-10 18:16:18.73161+00	londh3jjwl3z	6a904ac1-a0bf-4313-8c3b-8dfdee1dbd0f
00000000-0000-0000-0000-000000000000	939	ove3aba54qqx	3d4fcee7-7b78-42a5-bac5-8293378a86b2	f	2026-03-10 18:36:56.430448+00	2026-03-10 18:36:56.430448+00	crbjb2ouri44	693c7a6c-bb48-400e-a93e-a501c7f51296
\.


--
-- Data for Name: sso_providers; Type: TABLE DATA; Schema: auth; Owner: supabase_auth_admin
--

COPY "auth"."sso_providers" ("id", "resource_id", "created_at", "updated_at", "disabled") FROM stdin;
\.


--
-- Data for Name: saml_providers; Type: TABLE DATA; Schema: auth; Owner: supabase_auth_admin
--

COPY "auth"."saml_providers" ("id", "sso_provider_id", "entity_id", "metadata_xml", "metadata_url", "attribute_mapping", "created_at", "updated_at", "name_id_format") FROM stdin;
\.


--
-- Data for Name: saml_relay_states; Type: TABLE DATA; Schema: auth; Owner: supabase_auth_admin
--

COPY "auth"."saml_relay_states" ("id", "sso_provider_id", "request_id", "for_email", "redirect_to", "created_at", "updated_at", "flow_state_id") FROM stdin;
\.


--
-- Data for Name: sso_domains; Type: TABLE DATA; Schema: auth; Owner: supabase_auth_admin
--

COPY "auth"."sso_domains" ("id", "sso_provider_id", "domain", "created_at", "updated_at") FROM stdin;
\.


--
-- Data for Name: admin_actions; Type: TABLE DATA; Schema: public; Owner: postgres
--

COPY "public"."admin_actions" ("id", "user_id", "action", "target_id", "target_type", "details", "created_at") FROM stdin;
\.


--
-- Data for Name: regions; Type: TABLE DATA; Schema: public; Owner: postgres
--

COPY "public"."regions" ("id", "name", "country_code", "center_lat", "center_lon", "created_at", "updated_at", "description") FROM stdin;
83d692dd-3a2a-4431-9616-044599c2b343	Guernsey	GG	49.45560000	-2.57660000	2026-01-14 18:40:39.955128+00	2026-01-14 18:40:39.955128+00	\N
1e7d227f-a079-48fd-8207-1c8c304977ec	Alderney	GG	49.71720000	-2.21470000	2026-01-14 18:40:39.955128+00	2026-01-14 18:40:39.955128+00	\N
0ab781aa-44c6-41f7-bdc9-2b3c055e4e69	Sark	GG	49.43330000	-2.36670000	2026-01-14 18:40:39.955128+00	2026-01-14 18:40:39.955128+00	\N
628edae2-1ea7-4589-83c2-98bc13fa2ad6	Herm	GG	49.46670000	-2.45000000	2026-01-14 18:40:39.955128+00	2026-01-14 18:40:39.955128+00	\N
ca7e6f7f-c007-410a-98b6-f65fbdd178da	Jersey	JE	49.19170000	-2.11060000	2026-01-14 18:40:39.955128+00	2026-01-14 18:40:39.955128+00	\N
8b9c5484-efe3-473a-8329-ef80ff16f15f	Cornwall	GB	50.26600000	-5.05270000	2026-01-14 18:40:39.955128+00	2026-01-14 18:40:39.955128+00	\N
1231158c-6ce4-4e62-8067-96659c34da70	Devon	GB	50.71560000	-3.53190000	2026-01-14 18:40:39.955128+00	2026-01-14 18:40:39.955128+00	\N
25cae523-630c-42e7-bd23-e67eca965711	Peak District	GB	53.22860000	-1.55720000	2026-01-14 18:40:39.955128+00	2026-01-14 18:40:39.955128+00	\N
7c76c975-4cea-459e-8952-7e6faa902ca2	Lake District	GB	54.46090000	-3.08860000	2026-01-14 18:40:39.955128+00	2026-01-14 18:40:39.955128+00	\N
e657488a-cbf6-4d84-ab88-9181c388623e	Yorkshire	GB	53.99150000	-1.54100000	2026-01-14 18:40:39.955128+00	2026-01-14 18:40:39.955128+00	\N
d4ed2e5d-1906-47d1-83bc-9c6c27cfc229	Scotland	GB	56.49070000	-4.20260000	2026-01-14 18:40:39.955128+00	2026-01-14 18:40:39.955128+00	\N
0e7dde19-4740-4d95-8ddb-2a86075ce90f	Wales	GB	52.13070000	-3.78370000	2026-01-14 18:40:39.955128+00	2026-01-14 18:40:39.955128+00	\N
42ca58c6-81a0-45cd-a0f2-de8c32bb0577	Fontainebleau	FR	48.40490000	2.69200000	2026-01-14 18:40:39.955128+00	2026-01-14 18:40:39.955128+00	\N
0cecfa86-b412-4c52-9864-fd20355a7cf8	Verdon	FR	43.81050000	5.94220000	2026-01-14 18:40:39.955128+00	2026-01-14 18:40:39.955128+00	\N
380edddf-091a-4709-ac8f-6506837f0854	Céüse	FR	44.49440000	5.97280000	2026-01-14 18:40:39.955128+00	2026-01-14 18:40:39.955128+00	\N
69934e59-dacc-4dbe-a039-a9a4e8cacb39	Buoux	FR	43.82220000	5.39140000	2026-01-14 18:40:39.955128+00	2026-01-14 18:40:39.955128+00	\N
440a134c-228a-484e-859a-eaeef827d151	Catalonia	ES	41.38740000	2.16860000	2026-01-14 18:40:39.955128+00	2026-01-14 18:40:39.955128+00	\N
3be9c6df-9e87-439d-81af-cf2469e07a8b	Andalusia	ES	37.39250000	-5.99420000	2026-01-14 18:40:39.955128+00	2026-01-14 18:40:39.955128+00	\N
064310f8-316a-4e25-936c-128ff3a039a0	Mallorca	ES	39.69530000	3.01760000	2026-01-14 18:40:39.955128+00	2026-01-14 18:40:39.955128+00	\N
7723f74b-aea8-422c-97a8-e1197181dc16	Dolomites	IT	46.55530000	11.86350000	2026-01-14 18:40:39.955128+00	2026-01-14 18:40:39.955128+00	\N
ed103737-0cd0-48ca-86d5-bb25109de101	Sardinia	IT	40.12090000	9.01010000	2026-01-14 18:40:39.955128+00	2026-01-14 18:40:39.955128+00	\N
1bc208da-0ebf-4006-ae34-b4a23abb8d89	Joshua Tree	US	34.13450000	-115.90000000	2026-01-14 18:40:39.955128+00	2026-01-14 18:40:39.955128+00	\N
32c283cf-9c82-4287-9b50-80a876e6676a	Red River Gorge	US	37.82340000	-83.62740000	2026-01-14 18:40:39.955128+00	2026-01-14 18:40:39.955128+00	\N
9c9b23a5-2676-4e3f-82e3-c95f90d77827	Yosemite	US	37.86510000	-119.53830000	2026-01-14 18:40:39.955128+00	2026-01-14 18:40:39.955128+00	\N
be7b4f57-df4a-42cb-a2b3-b1fd9e23404f	Boulder	US	40.01500000	-105.27050000	2026-01-14 18:40:39.955128+00	2026-01-14 18:40:39.955128+00	\N
94334804-788d-461f-ad4a-0f1bc2da1e51	Grampians	AU	-37.13840000	142.34680000	2026-01-14 18:40:39.955128+00	2026-01-14 18:40:39.955128+00	\N
0c582df0-e200-4415-8271-96b5725ef561	Blue Mountains	AU	-33.71510000	150.31190000	2026-01-14 18:40:39.955128+00	2026-01-14 18:40:39.955128+00	\N
68ee586e-cf03-4bd3-a6a8-6a2071c1868c	Guernsey	GG	49.45560000	-2.57660000	2026-01-14 18:40:41.578421+00	2026-01-14 18:40:41.578421+00	\N
90c8b699-9911-4924-9196-a47091883770	Alderney	GG	49.71720000	-2.21470000	2026-01-14 18:40:41.578421+00	2026-01-14 18:40:41.578421+00	\N
47cf96da-5aec-48d1-b485-995690a6fbeb	Sark	GG	49.43330000	-2.36670000	2026-01-14 18:40:41.578421+00	2026-01-14 18:40:41.578421+00	\N
35389f48-74a3-4767-92c8-52df9eddacb4	Herm	GG	49.46670000	-2.45000000	2026-01-14 18:40:41.578421+00	2026-01-14 18:40:41.578421+00	\N
0aaf86bf-80eb-4e96-9557-0f0daa116b19	Jersey	JE	49.19170000	-2.11060000	2026-01-14 18:40:41.578421+00	2026-01-14 18:40:41.578421+00	\N
d49bdda1-7088-4518-a070-fab7106b052f	Cornwall	GB	50.26600000	-5.05270000	2026-01-14 18:40:41.578421+00	2026-01-14 18:40:41.578421+00	\N
2f5a14b3-8ac9-425f-970f-0bede804a633	Devon	GB	50.71560000	-3.53190000	2026-01-14 18:40:41.578421+00	2026-01-14 18:40:41.578421+00	\N
af6dc22f-cb1e-43cf-ab56-39a81e7512d0	Peak District	GB	53.22860000	-1.55720000	2026-01-14 18:40:41.578421+00	2026-01-14 18:40:41.578421+00	\N
261d1915-dafa-45d7-9063-708eddc04f1d	Lake District	GB	54.46090000	-3.08860000	2026-01-14 18:40:41.578421+00	2026-01-14 18:40:41.578421+00	\N
da79c32b-53cc-49aa-a8fe-b8bf76cad96a	Yorkshire	GB	53.99150000	-1.54100000	2026-01-14 18:40:41.578421+00	2026-01-14 18:40:41.578421+00	\N
68db9224-f9f3-47b7-9192-78dfe6e64dc1	Scotland	GB	56.49070000	-4.20260000	2026-01-14 18:40:41.578421+00	2026-01-14 18:40:41.578421+00	\N
050cb5e4-7a79-4302-93cc-9a2cee46acce	Wales	GB	52.13070000	-3.78370000	2026-01-14 18:40:41.578421+00	2026-01-14 18:40:41.578421+00	\N
da000ef4-0a5d-4c9d-b707-29d41f7b7f6f	Fontainebleau	FR	48.40490000	2.69200000	2026-01-14 18:40:41.578421+00	2026-01-14 18:40:41.578421+00	\N
c3442e18-116f-4a4a-a571-643c8964ef8b	Verdon	FR	43.81050000	5.94220000	2026-01-14 18:40:41.578421+00	2026-01-14 18:40:41.578421+00	\N
dfd3aa88-49ab-4b7c-9dfe-2804b5fa0abe	Céüse	FR	44.49440000	5.97280000	2026-01-14 18:40:41.578421+00	2026-01-14 18:40:41.578421+00	\N
9da7c00d-6d80-496b-b5a9-6ae3ab0653d1	Buoux	FR	43.82220000	5.39140000	2026-01-14 18:40:41.578421+00	2026-01-14 18:40:41.578421+00	\N
a23ef7ef-177e-4ae2-89f7-da476aaea9f8	Catalonia	ES	41.38740000	2.16860000	2026-01-14 18:40:41.578421+00	2026-01-14 18:40:41.578421+00	\N
dd193956-6331-4278-8632-d0882b7d04dd	Andalusia	ES	37.39250000	-5.99420000	2026-01-14 18:40:41.578421+00	2026-01-14 18:40:41.578421+00	\N
b1b61058-077a-48e7-a4d2-502e7f19f7a3	Mallorca	ES	39.69530000	3.01760000	2026-01-14 18:40:41.578421+00	2026-01-14 18:40:41.578421+00	\N
82d649e0-7a7c-4f58-b342-9dd56f085516	Dolomites	IT	46.55530000	11.86350000	2026-01-14 18:40:41.578421+00	2026-01-14 18:40:41.578421+00	\N
b13b8f90-3d6d-4eac-85a0-2b73e44f2879	Sardinia	IT	40.12090000	9.01010000	2026-01-14 18:40:41.578421+00	2026-01-14 18:40:41.578421+00	\N
20e2b5d0-9e60-4d29-a2fe-dae426b2e59a	Joshua Tree	US	34.13450000	-115.90000000	2026-01-14 18:40:41.578421+00	2026-01-14 18:40:41.578421+00	\N
d502e4ab-cac6-42fa-a7bd-950d61a285a5	Red River Gorge	US	37.82340000	-83.62740000	2026-01-14 18:40:41.578421+00	2026-01-14 18:40:41.578421+00	\N
985cac3e-5ce3-458d-b179-bfecb1b108ba	Yosemite	US	37.86510000	-119.53830000	2026-01-14 18:40:41.578421+00	2026-01-14 18:40:41.578421+00	\N
714193d1-aac5-4d45-b48b-9fcd4a42a0f4	Boulder	US	40.01500000	-105.27050000	2026-01-14 18:40:41.578421+00	2026-01-14 18:40:41.578421+00	\N
59880dc0-6af5-47bd-86f9-544e36d2992c	Grampians	AU	-37.13840000	142.34680000	2026-01-14 18:40:41.578421+00	2026-01-14 18:40:41.578421+00	\N
f92ce123-fbb6-4a39-94b5-5540704d02c9	Blue Mountains	AU	-33.71510000	150.31190000	2026-01-14 18:40:41.578421+00	2026-01-14 18:40:41.578421+00	\N
d00d1601-1f48-4fd8-9441-9ad3b60be4b1	Fontainebleau	FR	48.41650000	2.70200000	2026-01-14 18:40:41.935195+00	2026-01-14 18:40:41.935195+00	World-famous sandstone bouldering forest near Paris.
8ef71105-64ee-417c-98cf-0a790d84d73c	Grasse	FR	43.71020000	6.93400000	2026-01-14 18:40:41.935195+00	2026-01-14 18:40:41.935195+00	Sandstone bouldering near Nice.
c22b8193-088d-48be-8b8f-0568e32a71ad	Verdon	FR	43.75680000	5.76400000	2026-01-14 18:40:41.935195+00	2026-01-14 18:40:41.935195+00	Limestone sport climbing in the stunning Verdon Gorge.
ffe0e34c-93f4-4feb-9196-20523704ee61	Calanques	FR	43.21670000	5.45000000	2026-01-14 18:40:41.935195+00	2026-01-14 18:40:41.935195+00	Limestone sport climbing and bouldering near Marseille.
0b060f77-3a6f-4de4-a745-f21890e656e9	Albert	FR	50.28650000	2.77400000	2026-01-14 18:40:41.935195+00	2026-01-14 18:40:41.935195+00	Sandstone bouldering in northern France.
506ca344-b714-4af6-a730-4da55a92628c	Buoux	FR	43.82330000	5.39330000	2026-01-14 18:40:41.935195+00	2026-01-14 18:40:41.935195+00	Historic limestone sport climbing area in Provence.
3f43b7b6-db85-4b4e-a9c2-304a218596ed	Céüse	FR	44.28330000	5.83330000	2026-01-14 18:40:41.935195+00	2026-01-14 18:40:41.935195+00	Limestone sport climbing with classic long routes.
96f6d71d-9fef-4806-a3bb-aa54e4b66fd1	Chamonix	FR	45.92370000	6.86940000	2026-01-14 18:40:41.935195+00	2026-01-14 18:40:41.935195+00	Alpine climbing capital.
582fd7dc-17d6-46c9-aeb7-13b696984847	Annecy	FR	45.89920000	6.12930000	2026-01-14 18:40:41.935195+00	2026-01-14 18:40:41.935195+00	Limestone and granite climbing near Lake Annecy.
93ef1c65-93a0-4385-9993-875cfc5e3933	Magic Wood	CH	46.86670000	9.03330000	2026-01-14 18:40:41.935195+00	2026-01-14 18:40:41.935195+00	World-class sandstone bouldering in the Swiss Alps.
84a0095e-71e5-4276-8b7f-e2efb7528a7e	Chironico	CH	46.45000000	8.80000000	2026-01-14 18:40:41.935195+00	2026-01-14 18:40:41.935195+00	Sandstone bouldering in Ticino.
ba15cedd-3eeb-46e8-aa5c-2a0847fc5c35	Cresciano	CH	46.31670000	8.83330000	2026-01-14 18:40:41.935195+00	2026-01-14 18:40:41.935195+00	Sandstone bouldering in Ticino.
971e53e4-535b-4b95-be84-0de3b942eacb	Finale Ligure	IT	44.17000000	8.34000000	2026-01-14 18:40:41.935195+00	2026-01-14 18:40:41.935195+00	Limestone sport climbing paradise on the Italian Riviera.
7322e708-7cbf-4037-bd19-c2fb1ccd1b49	Arco	IT	45.91670000	10.88330000	2026-01-14 18:40:41.935195+00	2026-01-14 18:40:41.935195+00	Limestone sport climbing in the Italian Alps.
da2901eb-0149-4ed0-a89a-71f5aa2373d2	Sardinia	IT	40.50000000	9.00000000	2026-01-14 18:40:41.935195+00	2026-01-14 18:40:41.935195+00	Limestone sport climbing and deep water soloing on the island.
eb408c34-a6e9-48b1-a41f-869d72667829	Siurana	ES	41.26670000	0.96670000	2026-01-14 18:40:41.935195+00	2026-01-14 18:40:41.935195+00	Limestone sport climbing in Catalonia.
9bcc9fd3-25a4-4ee1-9270-94f5ff478100	Margalef	ES	41.48330000	0.75000000	2026-01-14 18:40:41.935195+00	2026-01-14 18:40:41.935195+00	Limestone sport climbing in Montserrat area.
780414a2-1b4b-4eeb-b69f-d5ae8cc94190	Rodellar	ES	42.33330000	-0.06670000	2026-01-14 18:40:41.935195+00	2026-01-14 18:40:41.935195+00	Limestone sport climbing in the Sierra de Guara.
13a1a858-8aaa-44d4-b1fd-17bca4795a9e	Albarracín	ES	40.40000000	-1.45000000	2026-01-14 18:40:41.935195+00	2026-01-14 18:40:41.935195+00	Sandstone sport climbing in central Spain.
83cb124f-ce37-4b66-b9f1-176239a934fb	Cádiz	ES	36.50000000	-6.25000000	2026-01-14 18:40:41.935195+00	2026-01-14 18:40:41.935195+00	Coastal limestone and sandstone.
db6b8558-a1d8-43af-9d4e-a238f8019bd6	Mallorca	ES	39.61670000	3.00000000	2026-01-14 18:40:41.935195+00	2026-01-14 18:40:41.935195+00	Limestone sport climbing on the Balearic Islands.
fd77c1f0-d316-450d-b425-80ca06c4c292	Arrábida	PT	38.46670000	-9.00000000	2026-01-14 18:40:41.935195+00	2026-01-14 18:40:41.935195+00	Limestone sport climbing near Lisbon.
10ba4de6-f6af-4110-978d-96387234df6b	Bertrix	BE	49.85000000	5.25000000	2026-01-14 18:40:41.935195+00	2026-01-14 18:40:41.935195+00	Sandstone bouldering in the Ardennes.
81e0ffce-5bf5-4cb9-9f00-a1864d566de1	Rochehaut	BE	49.83330000	5.28330000	2026-01-14 18:40:41.935195+00	2026-01-14 18:40:41.935195+00	Sandstone bouldering near the Ourthe River.
c512a71e-0b43-4f12-8d88-be76cf04107e	Portland	GB	50.56670000	-2.45000000	2026-01-14 18:40:41.935195+00	2026-01-14 18:40:41.935195+00	Portland limestone in Dorset.
9ce14517-cfaa-4bde-9cb5-4569885e0127	Peak District	GB	53.25000000	-1.50000000	2026-01-14 18:40:41.935195+00	2026-01-14 18:40:41.935195+00	Sandstone trad climbing.
8b73700f-7d47-4b6e-87d8-60bace4cbc98	Yorkshire	GB	54.00000000	-1.50000000	2026-01-14 18:40:41.935195+00	2026-01-14 18:40:41.935195+00	Gritstone and limestone.
c4241ea6-bdaa-4765-bff5-2ed6cb8ffea8	Lake District	GB	54.50000000	-3.00000000	2026-01-14 18:40:41.935195+00	2026-01-14 18:40:41.935195+00	Mountain rock and slate.
900ad305-e6df-47fa-bc89-1d7fa5f53cf1	Cornwall	GB	50.26670000	-5.05000000	2026-01-14 18:40:41.935195+00	2026-01-14 18:40:41.935195+00	Coastal granite and serpentinite.
350100db-930b-440a-b70e-5a334d3813b0	Scotland	GB	56.00000000	-4.00000000	2026-01-14 18:40:41.935195+00	2026-01-14 18:40:41.935195+00	Highland granite and schist.
7c731ece-cb43-4753-b833-1c803e72799c	Devon	GB	50.75000000	-3.75000000	2026-01-14 18:40:41.935195+00	2026-01-14 18:40:41.935195+00	Limestone and sandstone.
7e8da1db-5405-404a-8e94-90bced5544e1	Bishop	CA	37.38610000	-118.38680000	2026-01-14 18:40:41.935195+00	2026-01-14 18:40:41.935195+00	Limestone bouldering at Happythought and The Buttermilks.
d7eb80ce-9089-42a7-86dd-b981084cbc9b	Hueco Tanks	TX	31.90000000	-105.96670000	2026-01-14 18:40:41.935195+00	2026-01-14 18:40:41.935195+00	Desert boulders with holds like "the Moon".
cfafe4c1-2d8a-4254-a6cf-31cda83eedda	Red River Gorge	KY	37.80000000	-83.00000000	2026-01-14 18:40:41.935195+00	2026-01-14 18:40:41.935195+00	Limestone sport climbing paradise.
5363e58a-1d56-4a3a-95a6-c63511d2af0f	Joe's Valley	UT	39.50000000	-111.00000000	2026-01-14 18:40:41.935195+00	2026-01-14 18:40:41.935195+00	Sandstone bouldering in Utah canyon.
beef2777-d4a6-4791-b46d-954b99b5e5e5	Indian Creek	UT	38.03330000	-109.50000000	2026-01-14 18:40:41.935195+00	2026-01-14 18:40:41.935195+00	Sandstone splitter cracks.
9f3f4dda-f736-4e42-bdf5-2aa0aa9ec724	Yosemite	CA	37.74500000	-119.59360000	2026-01-14 18:40:41.935195+00	2026-01-14 18:40:41.935195+00	Granite big walls and sport.
3d0e91f0-66c3-4b89-b4df-295eb33e2b57	Red Rocks	NV	36.13330000	-115.43330000	2026-01-14 18:40:41.935195+00	2026-01-14 18:40:41.935195+00	Desert sandstone sport and trad.
9b6c84c9-0628-417a-ae90-24b8ad480310	Boulder Canyon	CO	40.00000000	-105.50000000	2026-01-14 18:40:41.935195+00	2026-01-14 18:40:41.935195+00	Granite and gneiss sport.
82c91e57-d519-4aab-a5df-7c1d070e8ca0	Fort Collins	CO	40.55000000	-105.07000000	2026-01-14 18:40:41.935195+00	2026-01-14 18:40:41.935195+00	Horsetooth and Greyrock areas.
761f4cfb-607c-4d7c-8689-97e889aaf87b	Lake Tahoe	CA	38.95000000	-119.95000000	2026-01-14 18:40:41.935195+00	2026-01-14 18:40:41.935195+00	Granite bouldering and sport.
51d6f36d-0c25-435d-aef3-568d526b2eaa	Little Cottonwood	UT	40.56670000	-111.80000000	2026-01-14 18:40:41.935195+00	2026-01-14 18:40:41.935195+00	Granite sport at Gate Buttress.
c52116ff-1e4c-4f9c-88ed-d845ee84afae	Flagstaff	AZ	35.20000000	-111.65000000	2026-01-14 18:40:41.935195+00	2026-01-14 18:40:41.935195+00	Volcanic rock.
d16f3ec8-4227-44c3-b59d-54e16ce5516f	Joshua Tree	CA	33.90000000	-115.90000000	2026-01-14 18:40:41.935195+00	2026-01-14 18:40:41.935195+00	Desert granite.
ebb13272-5d82-4aee-8de6-ab22deb4aa72	Owens River Gorge	CA	37.80000000	-118.90000000	2026-01-14 18:40:41.935195+00	2026-01-14 18:40:41.935195+00	Limestone sport climbing.
f211367b-bb5f-469f-bf31-c0428558a885	Maple Canyon	UT	39.85000000	-111.75000000	2026-01-14 18:40:41.935195+00	2026-01-14 18:40:41.935195+00	Conglomerate sport climbing.
abe2b690-393b-4ac2-963e-9807b3233921	Smith Rocks	OR	44.36670000	-121.15000000	2026-01-14 18:40:41.935195+00	2026-01-14 18:40:41.935195+00	Limestone sport climbing.
3b3da8c8-5263-4938-b26a-422717122f62	Linville Gorge	NC	35.95000000	-81.95000000	2026-01-14 18:40:41.935195+00	2026-01-14 18:40:41.935195+00	Limestone and gneiss.
73884dad-8e60-49ea-84f6-63b5d209d465	New River Gorge	WV	38.00000000	-81.00000000	2026-01-14 18:40:41.935195+00	2026-01-14 18:40:41.935195+00	Limestone sport climbing.
18ecd6c2-a40f-4323-a56e-b2e6fd02cdcd	Rumney	NH	43.80000000	-71.80000000	2026-01-14 18:40:41.935195+00	2026-01-14 18:40:41.935195+00	Limestone sport climbing.
2437e2b5-7e61-40aa-9690-aa9bbf4cc53b	Shawangunks	NY	41.70000000	-74.30000000	2026-01-14 18:40:41.935195+00	2026-01-14 18:40:41.935195+00	Historic American climbing.
3faa8c8d-1b74-4677-9256-f741248bbe78	Squamish	BC	49.70000000	-123.15000000	2026-01-14 18:40:41.935195+00	2026-01-14 18:40:41.935195+00	Granite. The Chief, Smoke Bluffs.
67aa15e6-a042-497f-a9d6-018fd6e0164e	Canmore	AB	51.08330000	-115.35000000	2026-01-14 18:40:41.935195+00	2026-01-14 18:40:41.935195+00	Limestone and granite.
ca2806c7-86e0-4a7b-abaf-5e119e3a303e	Montreal	QC	45.50000000	-73.60000000	2026-01-14 18:40:41.935195+00	2026-01-14 18:40:41.935195+00	Urban climbing.
46dd6679-1e73-40fe-9ea9-fdb6ba0a7545	Ottawa	ON	45.41670000	-75.70000000	2026-01-14 18:40:41.935195+00	2026-01-14 18:40:41.935195+00	Gneiss boulders.
1d4f87c4-de54-4bfa-be90-b74c8f63582a	Jasper	AB	52.88330000	-118.05000000	2026-01-14 18:40:41.935195+00	2026-01-14 18:40:41.935195+00	Alpine granite.
f313715b-898e-49cc-93c4-7b85106ff210	Rocklands	ZA	-32.48330000	19.03330000	2026-01-14 18:40:41.935195+00	2026-01-14 18:40:41.935195+00	World-famous sandstone bouldering.
39827b3a-5568-4b7b-9902-141932145ffa	Cederberg	ZA	-32.50000000	19.00000000	2026-01-14 18:40:41.935195+00	2026-01-14 18:40:41.935195+00	Sandstone boulders.
67a73691-f7de-4219-9179-4a124b94efbf	Montagne d'Or	RE	-21.10000000	55.60000000	2026-01-14 18:40:41.935195+00	2026-01-14 18:40:41.935195+00	Bouldering on Réunion Island.
09fa8192-5aa6-4009-9eba-044d9dc23f55	Sydney	AU	-33.87000000	151.21000000	2026-01-14 18:40:41.935195+00	2026-01-14 18:40:41.935195+00	Sandstone at Nowra, Mount York.
9cf7649d-1117-4405-a67e-961c7351ebd7	Wanaka	NZ	-44.70000000	169.15000000	2026-01-14 18:40:41.935195+00	2026-01-14 18:40:41.935195+00	Granite bouldering at Matrix.
91427529-14ba-4b3f-af2a-ad7389975818	Queenstown	NZ	-45.03000000	168.66000000	2026-01-14 18:40:41.935195+00	2026-01-14 18:40:41.935195+00	Alpine setting.
7a325beb-9538-421b-9e11-48208fb58c55	Brisbane	AU	-27.50000000	153.00000000	2026-01-14 18:40:41.935195+00	2026-01-14 18:40:41.935195+00	Sandstone.
4a6eb3af-e4db-49f9-ac11-c31bc1dfcea0	Yangshuo	CN	24.78330000	110.50000000	2026-01-14 18:40:41.935195+00	2026-01-14 18:40:41.935195+00	Limestone karst.
b84cfeea-01c1-4aed-9653-348b4c3c3b30	Narita	JP	35.78330000	140.30000000	2026-01-14 18:40:41.935195+00	2026-01-14 18:40:41.935195+00	Bouldering near Tokyo.
25012d4e-417e-4765-8d74-d43d28ce7bd5	Longdong	TW	24.15000000	121.65000000	2026-01-14 18:40:41.935195+00	2026-01-14 18:40:41.935195+00	Coastal climbing.
73cc93b1-b2e4-4095-b8aa-868ce69e080a	Kalymnos	GR	36.95000000	26.98330000	2026-01-14 18:40:41.935195+00	2026-01-14 18:40:41.935195+00	World-famous limestone island.
98cd4f88-5e20-46cd-8559-f425161005fe	Meteora	GR	39.71670000	21.63330000	2026-01-14 18:40:41.935195+00	2026-01-14 18:40:41.935195+00	Limestone pillars with monasteries.
c3861c06-23dc-4f3f-a418-49bb1fec062e	Mendoza	AR	-32.88330000	-68.83330000	2026-01-14 18:40:41.935195+00	2026-01-14 18:40:41.935195+00	Granite and limestone.
7c9b4ecd-9ec9-4e86-bf35-752012bb5a5f	Sierra de la Ventana	AR	-38.00000000	-62.00000000	2026-01-14 18:40:41.935195+00	2026-01-14 18:40:41.935195+00	Sandstone climbing.
b93249a9-04af-4697-8251-30a838fd2e9a	El Potrero Chico	MX	25.95000000	-100.50000000	2026-01-14 18:40:41.935195+00	2026-01-14 18:40:41.935195+00	Limestone sport climbing.
e511b0a7-9e86-4639-89ad-4d9476cde3c0	Yucatán	MX	20.98000000	-89.50000000	2026-01-14 18:40:41.935195+00	2026-01-14 18:40:41.935195+00	Cenotes and limestone.
ce168e68-061e-4126-9800-785a5f53f15a	Costa Rica	CR	9.75000000	-83.75000000	2026-01-14 18:40:41.935195+00	2026-01-14 18:40:41.935195+00	Limestone near Caribbean.
9d5a077b-bcc9-456e-b314-eefb4d130d46	Guernsey	GG	49.45000000	-2.58000000	2026-01-14 18:40:41.935195+00	2026-01-14 18:40:41.935195+00	Granite boulders and cliffs.
e15c7b80-67f5-4245-b04d-5888f0a16304	Jersey	JE	49.20000000	-2.10000000	2026-01-14 18:40:41.935195+00	2026-01-14 18:40:41.935195+00	Granite bouldering and sea cliffs.
d0f80657-a7f9-430f-a5f7-1a1d6ebb95df	Frankenjura	DE	49.65000000	11.35000000	2026-01-14 18:40:41.935195+00	2026-01-14 18:40:41.935195+00	Limestone sport climbing.
6731e891-1182-4d40-8817-06767eda5b70	Saxon Switzerland	DE	50.91670000	14.20000000	2026-01-14 18:40:41.935195+00	2026-01-14 18:40:41.935195+00	Sandstone pillars.
728f5a49-1c42-450b-8ad3-82f3f808d2aa	Norway	NO	61.00000000	8.00000000	2026-01-14 18:40:41.935195+00	2026-01-14 18:40:41.935195+00	Granite and gneiss.
\.


--
-- Data for Name: crags; Type: TABLE DATA; Schema: public; Owner: postgres
--

COPY "public"."crags" ("id", "name", "latitude", "longitude", "region_id", "description", "access_notes", "rock_type", "type", "created_at", "updated_at", "report_count", "is_flagged", "region_name", "country", "tide_dependency", "country_code", "slug", "image_count", "route_count", "sub_area", "last_edited_by") FROM stdin;
42920a43-5237-43e3-8eff-8e07554f8220	Bowles	\N	\N	\N	\N	\N	Sandstone	\N	2026-03-09 19:04:09.753859+00	2026-03-09 19:04:09.753859+00	0	f	East Sussex	\N	\N	\N	\N	0	0	\N	\N
b3beda77-78de-4a9e-9ebe-b50068f75e4a	An aird zawns	57.34125026	-6.09758976	d4ed2e5d-1906-47d1-83bc-9c6c27cfc229	\N	\N	\N	deep_water_solo	2026-02-20 13:14:13.58695+00	2026-02-20 13:14:13.58695+00	0	f	Scotland	\N	\N	GB	an-aird-zawns	1	2	\N	\N
96c9ab2d-1bc3-4af1-b1e7-6757eb8f43f2	Harrison's Rocks	51.10256230	0.18570490	\N	\N	\N	Sandstone	\N	2026-03-09 20:29:54.605422+00	2026-03-09 20:29:54.605422+00	0	f	East Sussex	\N	\N	\N	\N	4	15	\N	\N
2c084efc-fc2f-4f8f-8c24-6f89a6081cbd	Fort Doyle	49.50557484	-2.50608676	83d692dd-3a2a-4431-9616-044599c2b343	\N	\N	\N	boulder	2026-01-14 21:31:05.139526+00	2026-01-14 21:31:05.139526+00	0	f	\N	\N	\N	GG	fort-doyle	6	17	\N	\N
74333291-a8ae-4e0b-8bf5-2cee78a8417a	Fort Pembroke	49.50772500	-2.53250973	\N	\N	\N	\N	boulder	2026-01-22 17:21:57.002843+00	2026-01-22 17:21:57.002843+00	0	f	\N	\N	\N	GG	fort-pembroke	2	4	\N	\N
f6e29130-2275-4122-8730-bb8916fcb825	Point De La Moye East	49.41905555	-2.59107945	\N	\N	\N	\N	boulder	2026-01-23 15:31:15.742017+00	2026-01-23 15:31:15.742017+00	0	f	\N	\N	\N	GG	point-de-la-moye-east	2	6	\N	\N
8f1075f1-c6d4-484e-ab3e-ac1b3cd86697	Fort Le Marchant	49.50702271	-2.51940851	\N	\N	\N	\N	boulder	2026-01-23 14:59:02.039449+00	2026-01-23 14:59:02.039449+00	0	f	\N	\N	\N	GG	fort-le-marchant	9	17	\N	\N
367ba90f-37a5-4ea6-9cd8-80ba229f9746	Bouldering Circuit	49.50828767	-2.53738545	\N	\N	\N	\N	boulder	2026-01-23 14:55:08.692111+00	2026-01-23 14:55:08.692111+00	0	f	\N	\N	\N	GG	bouldering-circuit	3	4	\N	\N
d913b3e3-1b52-4e84-8f42-702e9863ed0d	El Nuevo Testamento	17.06513532	-96.75560924	e511b0a7-9e86-4639-89ad-4d9476cde3c0	\N	\N	Dolomitic Limestone	boulder	2026-03-04 17:28:54.056146+00	2026-03-05 10:44:08.363844+00	0	f	Yucatán	\N	\N	MX	el-nuevo-testamento	1	8	El Génesis	3d4fcee7-7b78-42a5-bac5-8293378a86b2
\.


--
-- Data for Name: grade_mappings; Type: TABLE DATA; Schema: public; Owner: postgres
--

COPY "public"."grade_mappings" ("grade_index", "v_scale", "font_scale", "yds_equivalent", "french_equivalent", "difficulty_group", "british_equivalent") FROM stdin;
0	VB	3	5.6	4	Beginner	VB
1	V0	4	5.9	5	Beginner	V0
2	V1	5	5.10a	6a	Intermediate	E1
3	V2	5+	5.10c	6a+	Intermediate	E2
4	V3	6A	5.11a	6b	Intermediate	E3
5	V4	6B	5.11c	6c	Advanced	E4
6	V5	6C	5.12a	7a	Advanced	E5
7	V6	6C+	5.12b	7a+	Advanced	E6
8	V7	7A	5.13a	7b	Expert	E7
9	V8	7B	5.13b	7c	Expert	E8
10	V9	7B+	5.13c	7c+	Expert	E9
11	V10	7C	5.14a	8a	Elite	E10
12	V11	8A	5.14c	8a+	Elite	E11
13	V12	8A+	5.15a	8b	Elite	E11
14	V13	8B	5.15b	8c	Elite	E11
15	V14	8B+	5.15c	9a	Elite	E11
16	V15	8C	5.15d	9a+	Elite	E11
17	V16	8C+	5.16a	9b	Elite	E11
\.


--
-- Data for Name: places; Type: TABLE DATA; Schema: public; Owner: postgres
--

COPY "public"."places" ("id", "type", "name", "latitude", "longitude", "region_id", "description", "access_notes", "rock_type", "region_name", "country", "country_code", "tide_dependency", "report_count", "is_flagged", "slug", "primary_discipline", "disciplines", "created_at", "updated_at") FROM stdin;
32499704-934e-4295-b2eb-8bc66becaac6	crag	H hs	25.79989118	2.10937500	83cb124f-ce37-4b66-b9f1-176239a934fb	\N	\N	\N	Cádiz	\N	ES	\N	0	f	h-hs	boulder	{boulder}	2026-02-23 15:05:20.538277+00	2026-02-23 15:05:20.538277+00
7fa3bbae-7a12-4495-bd30-df786514bfb2	crag	Long Layback Area	51.09969081	0.18711116	c512a71e-0b43-4f12-8d88-be76cf04107e	\N	\N	Sandstone	Portland	\N	GB	\N	0	f	long-layback-area	boulder	{boulder}	2026-02-25 09:38:09.274953+00	2026-02-25 11:59:31.382566+00
6c3b9347-9521-48fc-9d6c-e1b0805a28b3	crag	Jhh	-0.70310735	26.80113260	f313715b-898e-49cc-93c4-7b85106ff210	\N	\N	\N	Rocklands	\N	ZA	\N	0	f	jhh	boulder	{boulder}	2026-02-25 22:20:04.958815+00	2026-02-25 22:33:56.191544+00
b3beda77-78de-4a9e-9ebe-b50068f75e4a	crag	An aird zawns	57.34125026	-6.09758976	d4ed2e5d-1906-47d1-83bc-9c6c27cfc229	\N	\N	\N	Scotland	\N	GB	\N	0	f	an-aird-zawns	deep_water_solo	{deep_water_solo}	2026-02-20 13:14:13.58695+00	2026-02-25 22:33:56.191544+00
2c084efc-fc2f-4f8f-8c24-6f89a6081cbd	crag	Fort Doyle	49.50557484	-2.50608676	83d692dd-3a2a-4431-9616-044599c2b343	\N	\N	\N	\N	\N	GG	\N	0	f	fort-doyle	boulder	{boulder}	2026-01-14 21:31:05.139526+00	2026-02-25 22:33:56.191544+00
f6e29130-2275-4122-8730-bb8916fcb825	crag	Point De La Moye East	49.41905555	-2.59107945	\N	\N	\N	\N	\N	\N	GG	\N	0	f	point-de-la-moye-east	boulder	{boulder}	2026-01-23 15:31:15.742017+00	2026-02-25 22:33:56.191544+00
74333291-a8ae-4e0b-8bf5-2cee78a8417a	crag	Fort Pembroke	49.50772500	-2.53250973	\N	\N	\N	\N	\N	\N	GG	\N	0	f	fort-pembroke	boulder	{boulder}	2026-01-22 17:21:57.002843+00	2026-02-25 22:33:56.191544+00
8f1075f1-c6d4-484e-ab3e-ac1b3cd86697	crag	Fort Le Marchant	49.50702271	-2.51940851	\N	\N	\N	\N	\N	\N	GG	\N	0	f	fort-le-marchant	boulder	{boulder}	2026-01-23 14:59:02.039449+00	2026-02-25 22:33:56.191544+00
367ba90f-37a5-4ea6-9cd8-80ba229f9746	crag	Bouldering Circuit	49.50828767	-2.53738545	\N	\N	\N	\N	\N	\N	GG	\N	0	f	bouldering-circuit	boulder	{boulder}	2026-01-23 14:55:08.692111+00	2026-02-25 22:33:56.191544+00
418d46da-4be9-46aa-ae54-1f83777bb05b	crag	test	23.56659000	41.61748148	73cc93b1-b2e4-4095-b8aa-868ce69e080a	\N	\N	\N	Kalymnos	\N	GR	\N	0	f	test	boulder	{boulder}	2026-03-02 15:23:40.490546+00	2026-03-02 15:23:40.490546+00
46b8804c-0246-4278-badd-eca2d111d282	crag	Long Layback Area	\N	\N	\N	\N	\N	\N	\N	\N	\N	\N	0	f	\N	boulder	{boulder}	2026-03-04 06:35:07.659983+00	2026-03-04 06:35:07.659983+00
d913b3e3-1b52-4e84-8f42-702e9863ed0d	crag	El Nuevo Testamento	17.06513532	-96.75560924	e511b0a7-9e86-4639-89ad-4d9476cde3c0	\N	\N	Dolomitic Limestone	Yucatán	\N	MX	\N	0	f	el-nuevo-testamento	boulder	{boulder}	2026-03-04 17:28:54.056146+00	2026-03-05 10:44:08.363844+00
42920a43-5237-43e3-8eff-8e07554f8220	crag	Bowles	\N	\N	\N	\N	\N	Sandstone	East Sussex	\N	\N	\N	0	f	\N	boulder	{boulder}	2026-03-09 19:04:09.753859+00	2026-03-09 19:04:09.753859+00
96c9ab2d-1bc3-4af1-b1e7-6757eb8f43f2	crag	Harrison's Rocks	51.10256230	0.18570490	\N	\N	\N	Sandstone	East Sussex	\N	\N	\N	0	f	\N	boulder	{boulder}	2026-03-09 20:29:54.605422+00	2026-03-09 22:49:06.625813+00
\.


--
-- Data for Name: climbs; Type: TABLE DATA; Schema: public; Owner: postgres
--

COPY "public"."climbs" ("id", "name", "grade", "status", "route_type", "description", "user_id", "created_at", "updated_at", "deleted_at", "verification_count", "is_verified", "crag_id", "slug", "consensus_grade", "total_votes", "grade_tied", "place_id", "latitude", "longitude", "grade_index", "original_grade_string") FROM stdin;
83eeb372-37da-480b-87a8-e11ca8993b40	Stormchaser	5A	approved	sport	\N	e5484882-26c8-430d-9c84-7ce112269fe8	2026-02-04 18:46:08.809053+00	2026-02-04 18:46:08.809053+00	\N	0	f	8f1075f1-c6d4-484e-ab3e-ac1b3cd86697	stormchaser	\N	0	f	8f1075f1-c6d4-484e-ab3e-ac1b3cd86697	49.50681930	-2.51648071	\N	\N
31664e93-17cd-4102-a001-25ac715c9c27	Mildlife	5B+	approved	sport	\N	e5484882-26c8-430d-9c84-7ce112269fe8	2026-01-23 14:58:01.867252+00	2026-01-30 22:48:52.423913+00	\N	0	f	\N	\N	\N	0	f	\N	\N	\N	\N	\N
4df5af3e-8eb6-4538-8971-5eaa44f6e259	Scooby Poo (SS)	6A+	approved	bouldering	\N	e5484882-26c8-430d-9c84-7ce112269fe8	2026-01-14 22:00:12.959252+00	2026-01-30 22:48:52.423913+00	\N	0	f	2c084efc-fc2f-4f8f-8c24-6f89a6081cbd	scooby-poo-ss	7A	1	f	2c084efc-fc2f-4f8f-8c24-6f89a6081cbd	49.50540556	-2.50471944	2	6A
79c7ef91-1e94-455c-9a14-9b26deac782f	The Long Man	5B+	approved	sport	\N	e5484882-26c8-430d-9c84-7ce112269fe8	2026-01-23 15:02:47.734986+00	2026-01-30 22:48:52.423913+00	\N	0	f	\N	\N	\N	0	f	\N	\N	\N	\N	\N
772c80dd-c581-4fb4-9d0d-e08b474b0e9e	Bend Without Breaking	6B+	approved	sport	\N	e5484882-26c8-430d-9c84-7ce112269fe8	2026-01-23 15:02:47.734986+00	2026-01-30 22:48:52.423913+00	\N	0	f	\N	\N	\N	0	f	\N	\N	\N	\N	\N
fdd2d3b1-6315-4738-83d1-fd1543177b37	Storm Chaser	5C	approved	sport	\N	e5484882-26c8-430d-9c84-7ce112269fe8	2026-01-23 15:19:41.215608+00	2026-01-30 22:48:52.423913+00	\N	0	f	\N	\N	\N	0	f	\N	\N	\N	\N	\N
99941bb0-4ec7-4b95-8018-c5782c4c654b	Midnight (SS)	6B+	approved	bouldering	\N	e5484882-26c8-430d-9c84-7ce112269fe8	2026-01-14 22:07:28.624787+00	2026-01-30 22:48:52.423913+00	\N	0	f	2c084efc-fc2f-4f8f-8c24-6f89a6081cbd	midnight-ss	6B+	1	f	2c084efc-fc2f-4f8f-8c24-6f89a6081cbd	49.50622222	-2.50617500	\N	\N
cc619bdf-5031-4fe4-9e54-40664d4ddda2	Total Wimpout	6C	approved	bouldering	\N	e5484882-26c8-430d-9c84-7ce112269fe8	2026-01-14 21:39:41.355027+00	2026-01-30 22:48:52.423913+00	\N	0	f	2c084efc-fc2f-4f8f-8c24-6f89a6081cbd	total-wimpout	\N	0	f	2c084efc-fc2f-4f8f-8c24-6f89a6081cbd	49.50652222	-2.50752778	\N	\N
f9676bde-fbb2-4d90-a178-dec6cdb903f4	Sunrise (SS)	6B	approved	bouldering	\N	e5484882-26c8-430d-9c84-7ce112269fe8	2026-01-23 15:36:11.667914+00	2026-01-30 22:48:52.423913+00	\N	0	f	f6e29130-2275-4122-8730-bb8916fcb825	sunrise-ss	\N	0	f	f6e29130-2275-4122-8730-bb8916fcb825	49.41874444	-2.59154167	\N	\N
56eed955-48d9-4a2f-9cb3-2012fee9345f	Good jug route	5A+	approved	deep-water-solo	A great DWS route on good rock with a safe pointy looking jug at the top. Possible to escape half way. Traverse in from the mouth of the zawn.\n\n8m, S1 F5 - A couple hours either side of high tide.\n\nWhat3Words: ///jars.irritable.forgets	fcf46093-2632-4f87-a560-c520ad9877eb	2026-02-20 15:53:44.18042+00	2026-02-20 15:53:44.18042+00	\N	0	f	b3beda77-78de-4a9e-9ebe-b50068f75e4a	good-jug-route	\N	0	f	\N	57.34125026	-6.09758976	\N	\N
e1698d57-e7f2-4053-b604-261c2b060fab	Tarrega	5B	approved	bouldering	\N	e5484882-26c8-430d-9c84-7ce112269fe8	2026-01-23 15:35:17.225582+00	2026-01-30 22:48:52.423913+00	\N	0	f	f6e29130-2275-4122-8730-bb8916fcb825	tarrega	\N	0	f	f6e29130-2275-4122-8730-bb8916fcb825	49.41913333	-2.59096389	\N	\N
a2c7f4b4-fc6c-4f64-9c30-70f412a36abe	Slopey jug route	6A	approved	deep-water-solo	The next obvious thin face along with another promising looking jug at the top which is unfortunately a sloper. More fortunately there are good holds alongside it!\n\nTraverse in 3 m from the mouth of the zawn, past Good Jug Route.\n\nS1 6a - 1-2 hours either side of high tide.\n\nWhat 3 Words: ///jars.irritable.forgets	fcf46093-2632-4f87-a560-c520ad9877eb	2026-02-20 15:53:44.18042+00	2026-02-20 15:53:44.18042+00	\N	0	f	b3beda77-78de-4a9e-9ebe-b50068f75e4a	slopey-jug-route	\N	0	f	\N	57.34125026	-6.09758976	2	6A
1915932c-b232-4bb1-9e0f-4c9d7e091de8	The Inbetweeners	6A	approved	bouldering	\N	e5484882-26c8-430d-9c84-7ce112269fe8	2026-01-14 22:10:30.131336+00	2026-01-30 22:48:52.423913+00	\N	0	f	2c084efc-fc2f-4f8f-8c24-6f89a6081cbd	the-inbetweeners	\N	0	f	2c084efc-fc2f-4f8f-8c24-6f89a6081cbd	49.50570000	-2.50911944	2	6A
ce8b6e44-3f37-4964-b540-76703c6468d4	kjafds	6A	approved	sport	\N	e5484882-26c8-430d-9c84-7ce112269fe8	2026-01-22 17:23:32.163676+00	2026-01-30 22:48:52.423913+00	\N	0	f	\N	\N	\N	0	f	\N	\N	\N	2	6A
e6b6d895-93e0-4df2-9fae-57f860fed741	jh	6A	approved	sport	\N	e5484882-26c8-430d-9c84-7ce112269fe8	2026-01-22 17:22:16.644083+00	2026-01-30 22:48:52.423913+00	\N	0	f	\N	\N	\N	0	f	\N	\N	\N	2	6A
3161e592-b4c7-448d-843c-5ac6e2ec5036	Route 1	6A	approved	sport	\N	cd4bc3f3-6576-4257-9969-e880e1e5a516	2026-01-19 21:33:52.782427+00	2026-01-30 22:48:52.423913+00	\N	0	f	\N	\N	\N	0	f	\N	\N	\N	2	6A
2387a3ea-0f77-47cc-ae33-df3d883e587e	Route 1	6A	approved	sport	\N	a6ecd637-a278-49c1-a87e-98fb77bcb9e0	2026-01-15 12:39:57.46408+00	2026-01-30 22:48:52.423913+00	\N	0	f	\N	\N	\N	0	f	\N	\N	\N	2	6A
9f919b95-dfb5-489c-a322-0ee2157d6b22	Route 1	6A	approved	sport	\N	a6ecd637-a278-49c1-a87e-98fb77bcb9e0	2026-01-15 09:54:45.327836+00	2026-01-30 22:48:52.423913+00	\N	0	f	\N	\N	\N	0	f	\N	\N	\N	2	6A
a01d3e7f-696a-411e-b1d5-56c4fca7a942	Route 1	6A	approved	sport	\N	a6ecd637-a278-49c1-a87e-98fb77bcb9e0	2026-01-14 21:55:12.327905+00	2026-01-30 22:48:52.423913+00	\N	0	f	\N	\N	\N	0	f	\N	\N	\N	2	6A
5e7de1f6-a42c-44b3-a96b-c3c1fc3911fb	The Inbetweeners (SS)	6A+	approved	bouldering	\N	e5484882-26c8-430d-9c84-7ce112269fe8	2026-01-14 22:10:30.131336+00	2026-01-30 22:48:52.423913+00	\N	0	f	2c084efc-fc2f-4f8f-8c24-6f89a6081cbd	the-inbetweeners-ss	\N	0	f	2c084efc-fc2f-4f8f-8c24-6f89a6081cbd	49.50570000	-2.50911944	3	6A+
8a3e03b1-683b-47a6-8ac0-5d80301872d7	Callum's Problem	6B	approved	sport	\N	e5484882-26c8-430d-9c84-7ce112269fe8	2026-01-23 15:02:47.734986+00	2026-01-30 22:48:52.423913+00	\N	0	f	\N	\N	\N	0	f	\N	\N	\N	4	6B
882d78af-fad2-446d-83dc-f5f3b2a2102c	Rolling Down the River (SS)	6C	approved	bouldering	\N	e5484882-26c8-430d-9c84-7ce112269fe8	2026-01-14 21:39:41.355027+00	2026-01-30 22:48:52.423913+00	\N	0	f	2c084efc-fc2f-4f8f-8c24-6f89a6081cbd	rolling-down-the-river-ss	\N	0	f	2c084efc-fc2f-4f8f-8c24-6f89a6081cbd	49.50652222	-2.50752778	5	6C
9f2a9975-3156-48b0-9553-4cf879605c55	V3 Clásico	6B	approved	boulder	💀💀🪑\nBoulder muy completo y de alta calidad, con movimientos técnicos y explosivos.\nComienza en un sloper aplicando hooks para levantarse hacia un conjunto de lajas.\nTiene dos variantes:\nA la izquierda, más difícil y sobre regletas y lajas finas.\nA la derecha, con hoyos y picos, más directa.\nEs fundamental mantener buena posición de pies y pegue a la roca para lograr la secuencia.\nUn clásico del sector, técnico, elegante y muy fluido.\nAperturista: Lalo Esperón, Jorge Martí	3d4fcee7-7b78-42a5-bac5-8293378a86b2	2026-03-04 18:10:20.492927+00	2026-03-05 10:44:14.314146+00	\N	0	f	d913b3e3-1b52-4e84-8f42-702e9863ed0d	v3-cl-sico	6B	1	f	\N	17.06761561	-96.76826477	\N	\N
c12d5448-0883-4fdd-897e-2b0725597426	Total Wipeout	5C	approved	bouldering	\N	e5484882-26c8-430d-9c84-7ce112269fe8	2026-01-14 21:39:41.355027+00	2026-01-30 22:48:52.423913+00	\N	0	f	2c084efc-fc2f-4f8f-8c24-6f89a6081cbd	total-wipeout	\N	0	f	2c084efc-fc2f-4f8f-8c24-6f89a6081cbd	49.50652222	-2.50752778	\N	\N
06dd93bf-66d2-4e3e-a632-586e83b5ff83	Omega	5B	approved	boulder	Boulder sencillo y vertical, que comparte el inicio con Epsilon (dos laterales a la derecha\nde la roca).\nDesde ahí la línea va todo recto hacia arriba.\nSe avanza rápido con mano derecha a un agarre medio bueno, luego al corte que se mete\nen la roca, y desde ahí se progresa de manera controlada hasta el top.\nLa dificultad está principalmente en el equilibrio, ya que los agarres son buenos y sólidos.	3d4fcee7-7b78-42a5-bac5-8293378a86b2	2026-03-04 18:20:34.703703+00	2026-03-05 10:44:14.314146+00	\N	0	f	d913b3e3-1b52-4e84-8f42-702e9863ed0d	omega	5B	1	f	\N	17.06761561	-96.76826477	\N	\N
e9dc919b-5d9b-4b7f-b50f-78769f36a0db	Bibliotheque	5A	approved	bouldering	\N	e5484882-26c8-430d-9c84-7ce112269fe8	2026-01-23 15:25:19.664245+00	2026-01-30 22:48:52.423913+00	\N	0	f	8f1075f1-c6d4-484e-ab3e-ac1b3cd86697	bibliotheque	\N	0	f	8f1075f1-c6d4-484e-ab3e-ac1b3cd86697	49.50552500	-2.52044722	\N	\N
42f53a13-27ef-45a5-bb1a-df05eea5aa9a	La Facile Facile	5A	approved	bouldering	\N	e5484882-26c8-430d-9c84-7ce112269fe8	2026-01-23 15:25:19.664245+00	2026-01-30 22:48:52.423913+00	\N	0	f	8f1075f1-c6d4-484e-ab3e-ac1b3cd86697	la-facile-facile	\N	0	f	8f1075f1-c6d4-484e-ab3e-ac1b3cd86697	49.50552500	-2.52044722	\N	\N
a83efb71-03e9-4cf6-b83c-23d26645c2a3	Zoot	5A	approved	bouldering	\N	e5484882-26c8-430d-9c84-7ce112269fe8	2026-01-23 14:53:12.727439+00	2026-01-30 22:48:52.423913+00	\N	0	f	74333291-a8ae-4e0b-8bf5-2cee78a8417a	zoot	\N	0	f	74333291-a8ae-4e0b-8bf5-2cee78a8417a	49.50751389	-2.53261667	\N	\N
0ea40c00-e4de-4b2d-b4ee-42de25261afb	Dylan's Problem	6A	approved	bouldering	\N	e5484882-26c8-430d-9c84-7ce112269fe8	2026-01-23 15:35:17.225582+00	2026-01-30 22:48:52.423913+00	\N	0	f	f6e29130-2275-4122-8730-bb8916fcb825	dylan-s-problem	\N	0	f	f6e29130-2275-4122-8730-bb8916fcb825	49.41913333	-2.59096389	2	6A
a995a620-845a-4607-80fe-f3d168985f51	Alligator Snatch	5A+	approved	boulder	\N	c866ca90-e0a9-4e6c-9a5d-8494f064a78a	2026-03-09 22:10:26.2567+00	2026-03-09 22:10:26.2567+00	\N	0	f	96c9ab2d-1bc3-4af1-b1e7-6757eb8f43f2	\N	\N	0	f	\N	\N	\N	\N	\N
b0011ce4-e78a-4225-9048-385224898098	Man boy	6A	approved	sport	\N	e5484882-26c8-430d-9c84-7ce112269fe8	2026-02-04 18:53:27.829908+00	2026-02-04 18:53:27.829908+00	\N	0	f	f6e29130-2275-4122-8730-bb8916fcb825	man-boy	\N	0	f	f6e29130-2275-4122-8730-bb8916fcb825	\N	\N	2	6A
ad2a2c90-ae30-4bdf-8f89-97ee0f71a43a	Lunaris	6A	approved	bouldering	\N	e5484882-26c8-430d-9c84-7ce112269fe8	2026-01-23 15:23:06.548995+00	2026-01-30 22:48:52.423913+00	\N	0	f	8f1075f1-c6d4-484e-ab3e-ac1b3cd86697	lunaris	\N	0	f	8f1075f1-c6d4-484e-ab3e-ac1b3cd86697	49.50575000	-2.52035833	2	6A
b912034d-e18e-4fc6-a46f-948b6c6e7cfd	Martin's Tent (SS)	6A+	approved	bouldering	\N	e5484882-26c8-430d-9c84-7ce112269fe8	2026-01-14 21:39:41.355027+00	2026-01-30 22:48:52.423913+00	\N	0	f	2c084efc-fc2f-4f8f-8c24-6f89a6081cbd	martin-s-tent-ss	\N	0	f	2c084efc-fc2f-4f8f-8c24-6f89a6081cbd	49.50652222	-2.50752778	3	6A+
a7f4ceb2-e2ec-4f6b-83de-677e2e55ee66	Solaris	6A+	approved	bouldering	\N	e5484882-26c8-430d-9c84-7ce112269fe8	2026-01-23 15:23:06.548995+00	2026-01-30 22:48:52.423913+00	\N	0	f	8f1075f1-c6d4-484e-ab3e-ac1b3cd86697	solaris	\N	0	f	8f1075f1-c6d4-484e-ab3e-ac1b3cd86697	49.50575000	-2.52035833	3	6A+
9b3778ec-7f26-47d5-82f0-8367db586139	Slot Machine	6A+	approved	bouldering	\N	e5484882-26c8-430d-9c84-7ce112269fe8	2026-01-23 15:28:20.71116+00	2026-01-30 22:48:52.423913+00	\N	0	f	8f1075f1-c6d4-484e-ab3e-ac1b3cd86697	slot-machine	\N	0	f	8f1075f1-c6d4-484e-ab3e-ac1b3cd86697	49.50538889	-2.52123056	3	6A+
e6cbe7b6-9920-4a3e-854e-2cbda3f9131f	Groovy Graeme	4A+	approved	boulder	\N	c866ca90-e0a9-4e6c-9a5d-8494f064a78a	2026-03-09 22:10:26.2567+00	2026-03-09 22:10:26.2567+00	\N	0	f	96c9ab2d-1bc3-4af1-b1e7-6757eb8f43f2	\N	\N	0	f	\N	\N	\N	\N	\N
b07b8d6b-456e-4a7f-92b7-5b29c1b794c6	Alpha	6B	approved	boulder	Boulder dinámico y explosivo, ubicado a la derecha del V3 Clásico.\nInicia en un agarre muy bueno tipo “boca con dientes”, desde donde se progresa a un\ncrimp para perfilar el cuerpo.\nEl movimiento clave es un lance con mano derecha hacia un corte grande tipo hoyo lateral.\nSi se atina correctamente, la salida es todo recto hacia arriba.\nLa línea recorre en diagonal de izquierda a derecha y termina recta al top.\nEl crux es el dinámico al corte.	3d4fcee7-7b78-42a5-bac5-8293378a86b2	2026-03-04 18:11:52.028464+00	2026-03-05 10:44:14.314146+00	\N	0	f	d913b3e3-1b52-4e84-8f42-702e9863ed0d	alpha	6B	1	f	\N	17.06761561	-96.76826477	\N	\N
3ff91eea-3134-4a52-b125-eb0a0eb30b71	La Creación	6B	approved	boulder	💀💀 \nInicio casi parado en una pinza. Es una travesía larga que combina los agarres de\ntoda la roca, recorriendo de izquierda a derecha hasta salir por el final del V3 Clásico.\nBoulder técnico y de precisión, con exposición media y movimientos controlados.\nAperturista: Beto Pacheco\nF.A: Beto Pacheco	3d4fcee7-7b78-42a5-bac5-8293378a86b2	2026-03-04 17:36:32.077285+00	2026-03-05 10:44:14.314146+00	\N	0	f	d913b3e3-1b52-4e84-8f42-702e9863ed0d	roca-de-la-creaci-n-la-creaci-n	6B	1	f	\N	17.06761561	-96.76826477	\N	\N
2c92d1e9-f574-4447-b352-26c2abf5da01	Letterbox	5B	approved	boulder	\N	c866ca90-e0a9-4e6c-9a5d-8494f064a78a	2026-03-09 22:10:26.2567+00	2026-03-09 22:10:26.2567+00	\N	0	f	96c9ab2d-1bc3-4af1-b1e7-6757eb8f43f2	\N	\N	0	f	\N	\N	\N	\N	\N
4e1da2f8-21c1-4508-81af-76261788cb8e	Sunset Wall	5B	approved	boulder	\N	c866ca90-e0a9-4e6c-9a5d-8494f064a78a	2026-03-09 22:10:26.2567+00	2026-03-09 22:10:26.2567+00	\N	0	f	96c9ab2d-1bc3-4af1-b1e7-6757eb8f43f2	\N	\N	0	f	\N	\N	\N	\N	\N
cfe56477-6f2e-4b38-a75e-17a500370a23	Silenced	5A	approved	bouldering	\N	e5484882-26c8-430d-9c84-7ce112269fe8	2026-01-23 15:25:19.664245+00	2026-01-30 22:48:52.423913+00	\N	0	f	8f1075f1-c6d4-484e-ab3e-ac1b3cd86697	silenced	\N	0	f	8f1075f1-c6d4-484e-ab3e-ac1b3cd86697	49.50552500	-2.52044722	\N	\N
a0415b07-d6e2-42b6-b8df-c6cc59d26efc	Layaway Cure	6A	approved	boulder	\N	c866ca90-e0a9-4e6c-9a5d-8494f064a78a	2026-03-09 22:10:26.2567+00	2026-03-09 22:10:26.2567+00	\N	0	f	96c9ab2d-1bc3-4af1-b1e7-6757eb8f43f2	\N	\N	0	f	\N	\N	\N	\N	\N
d21d6a4b-d41e-4994-9487-19bfb8f2b6fd	Tabitha (SS)	6B	approved	bouldering	\N	e5484882-26c8-430d-9c84-7ce112269fe8	2026-01-23 15:29:31.839277+00	2026-01-30 22:48:52.423913+00	\N	0	f	74333291-a8ae-4e0b-8bf5-2cee78a8417a	tabitha-ss	\N	0	f	74333291-a8ae-4e0b-8bf5-2cee78a8417a	49.50835833	-2.53218889	4	6B
abde4b17-bfe8-4a06-b7b3-4f67785012ce	Double Down	6C	approved	bouldering	\N	e5484882-26c8-430d-9c84-7ce112269fe8	2026-01-23 15:28:20.71116+00	2026-01-30 22:48:52.423913+00	\N	0	f	8f1075f1-c6d4-484e-ab3e-ac1b3cd86697	double-down	\N	0	f	8f1075f1-c6d4-484e-ab3e-ac1b3cd86697	49.50538889	-2.52123056	5	6C
a96de19e-9405-4db8-8840-02f0d2949a3b	rah	7A	approved	bouldering	\N	e5484882-26c8-430d-9c84-7ce112269fe8	2026-01-23 15:23:06.548995+00	2026-01-30 22:48:52.423913+00	\N	0	f	8f1075f1-c6d4-484e-ab3e-ac1b3cd86697	rah	\N	0	f	8f1075f1-c6d4-484e-ab3e-ac1b3cd86697	49.50575000	-2.52035833	6	7A
bb445c61-8791-49c1-a0be-affd34ab9a5b	Torque Wrench Left	6A+	approved	boulder	\N	c866ca90-e0a9-4e6c-9a5d-8494f064a78a	2026-03-09 22:10:26.2567+00	2026-03-09 22:10:26.2567+00	\N	0	f	96c9ab2d-1bc3-4af1-b1e7-6757eb8f43f2	\N	\N	0	f	\N	\N	\N	\N	\N
7dc20144-4959-433f-aed8-5cb175df16ac	Torque Wrench	6A	approved	boulder	\N	c866ca90-e0a9-4e6c-9a5d-8494f064a78a	2026-03-09 22:10:26.2567+00	2026-03-09 22:10:26.2567+00	\N	0	f	96c9ab2d-1bc3-4af1-b1e7-6757eb8f43f2	\N	\N	0	f	\N	\N	\N	\N	\N
fb705906-b097-4900-b9d6-5d8528b522d1	Torque Wrench	6A	approved	boulder	\N	c866ca90-e0a9-4e6c-9a5d-8494f064a78a	2026-03-09 22:10:26.2567+00	2026-03-09 22:10:26.2567+00	\N	0	f	96c9ab2d-1bc3-4af1-b1e7-6757eb8f43f2	\N	\N	0	f	\N	\N	\N	\N	\N
d5038bbf-05bf-46e8-81d1-4d9c00559e8f	Finger Flow	7A+	approved	boulder	\N	c866ca90-e0a9-4e6c-9a5d-8494f064a78a	2026-03-09 22:10:26.2567+00	2026-03-09 22:10:26.2567+00	\N	0	f	96c9ab2d-1bc3-4af1-b1e7-6757eb8f43f2	\N	\N	0	f	\N	\N	\N	\N	\N
e0622a7c-5b50-4132-9af4-b6950729f4a5	West Face Route	6A	approved	boulder	\N	c866ca90-e0a9-4e6c-9a5d-8494f064a78a	2026-03-09 22:10:26.2567+00	2026-03-09 22:10:26.2567+00	\N	0	f	96c9ab2d-1bc3-4af1-b1e7-6757eb8f43f2	\N	\N	0	f	\N	\N	\N	\N	\N
2d57ddd2-af62-41bb-89d6-892476f4c30c	Strong Struggle	6C+	approved	boulder	\N	c866ca90-e0a9-4e6c-9a5d-8494f064a78a	2026-03-09 22:10:26.2567+00	2026-03-09 22:10:26.2567+00	\N	0	f	96c9ab2d-1bc3-4af1-b1e7-6757eb8f43f2	\N	\N	0	f	\N	\N	\N	\N	\N
5ab5eaed-3e10-4e5c-a883-5f6511df189a	Back Breaker	6A	approved	boulder	\N	c866ca90-e0a9-4e6c-9a5d-8494f064a78a	2026-03-09 22:10:26.2567+00	2026-03-09 22:10:26.2567+00	\N	0	f	96c9ab2d-1bc3-4af1-b1e7-6757eb8f43f2	\N	\N	0	f	\N	\N	\N	\N	\N
6e7fa97c-82aa-4dcd-9b5c-43788e896607	Full on Fling	6A	approved	boulder	\N	c866ca90-e0a9-4e6c-9a5d-8494f064a78a	2026-03-09 22:10:26.2567+00	2026-03-09 22:10:26.2567+00	\N	0	f	96c9ab2d-1bc3-4af1-b1e7-6757eb8f43f2	\N	\N	0	f	\N	\N	\N	\N	\N
baca387d-7b59-4541-b8c1-7232694658cd	Hornby's Nose (SS)	6A	approved	bouldering	\N	e5484882-26c8-430d-9c84-7ce112269fe8	2026-01-14 22:00:12.959252+00	2026-01-30 22:48:52.423913+00	\N	0	f	2c084efc-fc2f-4f8f-8c24-6f89a6081cbd	hornby-s-nose-ss	\N	0	f	2c084efc-fc2f-4f8f-8c24-6f89a6081cbd	49.50540556	-2.50471944	\N	\N
105f19e4-2cb2-44ed-916d-516d636fdb17	The Flying Dutchman (SS)	5C	approved	bouldering	\N	e5484882-26c8-430d-9c84-7ce112269fe8	2026-01-14 22:04:33.661771+00	2026-01-30 22:48:52.423913+00	\N	0	f	2c084efc-fc2f-4f8f-8c24-6f89a6081cbd	the-flying-dutchman-ss	\N	0	f	2c084efc-fc2f-4f8f-8c24-6f89a6081cbd	49.50356944	-2.50423611	\N	\N
62859982-be74-4594-9283-b06bea1acdd5	The Fisherman	5A	approved	bouldering	\N	e5484882-26c8-430d-9c84-7ce112269fe8	2026-01-14 22:04:33.661771+00	2026-01-30 22:48:52.423913+00	\N	0	f	2c084efc-fc2f-4f8f-8c24-6f89a6081cbd	the-fisherman	\N	0	f	2c084efc-fc2f-4f8f-8c24-6f89a6081cbd	49.50356944	-2.50423611	\N	\N
4bfca1fb-72b8-4158-82ef-96e117c5e08c	Beta	6A	approved	boulder	💀\nBoulder vertical y directo, que comparte el inicio con Alpha.\nDesde los mismos agarres iniciales (ligeramente a la derecha del V3 Clásico), se toma el\nmismo agarre clave de Alpha con derecha, pero en lugar de ir en diagonal, la línea continúa\ntodo recto hacia arriba.\nCombina agarres del V3 Clásico, funcionando como una versión un poco más accesible,\naunque no necesariamente fácil.\nEl crux está en subir bien los pies para alcanzar unos agarres tipo gastón antes del top.	3d4fcee7-7b78-42a5-bac5-8293378a86b2	2026-03-04 18:17:21.80337+00	2026-03-05 10:44:14.314146+00	\N	0	f	d913b3e3-1b52-4e84-8f42-702e9863ed0d	beta	6A	1	f	\N	17.06761561	-96.76826477	\N	\N
11cff804-b2a1-4e2c-bf36-81ad128315bb	Twilight (SS)	6B+	approved	bouldering	\N	e5484882-26c8-430d-9c84-7ce112269fe8	2026-01-14 22:07:28.624787+00	2026-01-30 22:48:52.423913+00	\N	0	f	2c084efc-fc2f-4f8f-8c24-6f89a6081cbd	twilight-ss	\N	0	f	2c084efc-fc2f-4f8f-8c24-6f89a6081cbd	49.50622222	-2.50617500	\N	\N
7f48eb8b-8712-4403-964f-02964971bd86	Stoned (SS)	5B	approved	bouldering	\N	e5484882-26c8-430d-9c84-7ce112269fe8	2026-01-23 14:53:12.727439+00	2026-01-30 22:48:52.423913+00	\N	0	f	74333291-a8ae-4e0b-8bf5-2cee78a8417a	stoned-ss	\N	0	f	74333291-a8ae-4e0b-8bf5-2cee78a8417a	49.50751389	-2.53261667	\N	\N
7e8907b0-c1a9-4cc6-91db-9b495a707fa7	Raphael (SS)	6B+	approved	bouldering	\N	e5484882-26c8-430d-9c84-7ce112269fe8	2026-01-23 14:56:48.647195+00	2026-01-30 22:48:52.423913+00	\N	0	f	367ba90f-37a5-4ea6-9cd8-80ba229f9746	raphael-ss	\N	0	f	367ba90f-37a5-4ea6-9cd8-80ba229f9746	49.50833056	-2.53681944	\N	\N
6b7de0fd-846e-4844-99fa-b069fe8755dc	Génesis II	5B+	approved	boulder	💀💀💀\nInicia en una pinza que muerde y sube todo derecho por una línea horizontal con\nagarres tipo cazuela.\nMovimientos explosivos y potentes, típicos de fuerza bruta.\nEl landing presenta una piedra grande debajo, por lo que se recomienda spotear\ncon precaución y usar más de un crashpad.\nAperturista: Beto Pacheco\nF.A: Beto Pacheco	3d4fcee7-7b78-42a5-bac5-8293378a86b2	2026-03-04 17:39:22.787015+00	2026-03-05 10:44:14.314146+00	\N	0	f	d913b3e3-1b52-4e84-8f42-702e9863ed0d	route-2	5B+	1	f	\N	17.06761561	-96.76826477	\N	\N
099bc715-318f-4f00-85d4-c25b9a2cde7d	Hidden Viper (SS)	6B+	approved	bouldering	\N	e5484882-26c8-430d-9c84-7ce112269fe8	2026-01-23 15:04:31.854338+00	2026-01-30 22:48:52.423913+00	\N	0	f	8f1075f1-c6d4-484e-ab3e-ac1b3cd86697	hidden-viper-ss	\N	0	f	8f1075f1-c6d4-484e-ab3e-ac1b3cd86697	49.50805556	-2.51929167	\N	\N
e8e51817-e554-4a15-b122-c5dfc223dec2	The Sheriff	6C+	approved	boulder	\N	c866ca90-e0a9-4e6c-9a5d-8494f064a78a	2026-03-09 22:10:26.2567+00	2026-03-09 22:10:26.2567+00	\N	0	f	96c9ab2d-1bc3-4af1-b1e7-6757eb8f43f2	\N	\N	0	f	\N	\N	\N	\N	\N
9d1239b7-489c-47c6-b40b-b5bcac26041f	Route 1	6A	approved	boulder	\N	c866ca90-e0a9-4e6c-9a5d-8494f064a78a	2026-03-09 22:10:26.2567+00	2026-03-09 22:10:26.2567+00	\N	0	f	96c9ab2d-1bc3-4af1-b1e7-6757eb8f43f2	\N	\N	0	f	\N	\N	\N	\N	\N
6a4ebb3a-6886-4633-8236-9cbace4e1aef	Wil's Problem	5A	approved	bouldering	\N	e5484882-26c8-430d-9c84-7ce112269fe8	2026-01-23 15:06:53.334066+00	2026-01-30 22:48:52.423913+00	\N	0	f	8f1075f1-c6d4-484e-ab3e-ac1b3cd86697	wil-s-problem	\N	0	f	8f1075f1-c6d4-484e-ab3e-ac1b3cd86697	49.50932778	-2.51866389	\N	\N
2a53ecbc-4501-465a-8cee-4c8557cb908f	Achilles' Heel (Crouch)	6B+	approved	bouldering	\N	e5484882-26c8-430d-9c84-7ce112269fe8	2026-01-23 15:08:51.854001+00	2026-01-30 22:48:52.423913+00	\N	0	f	8f1075f1-c6d4-484e-ab3e-ac1b3cd86697	achilles-heel-crouch	\N	0	f	8f1075f1-c6d4-484e-ab3e-ac1b3cd86697	49.50853056	-2.51878611	\N	\N
841b56d4-721d-4454-b680-5b9cdbe248d8	Africa	5B	approved	bouldering	\N	e5484882-26c8-430d-9c84-7ce112269fe8	2026-01-23 15:18:13.681963+00	2026-01-30 22:48:52.423913+00	\N	0	f	367ba90f-37a5-4ea6-9cd8-80ba229f9746	africa	\N	0	f	367ba90f-37a5-4ea6-9cd8-80ba229f9746	49.50823333	-2.53798333	\N	\N
6562868d-beee-47ce-a40b-aee5092e1cee	Route 1	6A	approved	sport	\N	3d4fcee7-7b78-42a5-bac5-8293378a86b2	2026-01-28 17:37:04.83455+00	2026-01-30 22:48:52.423913+00	\N	0	f	\N	\N	\N	0	f	\N	\N	\N	2	6A
f2f97ec3-d989-4870-ba71-c1812ad7e619	Route 1	6A	approved	sport	\N	3d4fcee7-7b78-42a5-bac5-8293378a86b2	2026-01-28 17:22:09.369335+00	2026-01-30 22:48:52.423913+00	\N	0	f	\N	\N	\N	0	f	\N	\N	\N	2	6A
06618649-8c11-45dc-ae43-518d5b924863	Route 3	6A	approved	sport	\N	3d4fcee7-7b78-42a5-bac5-8293378a86b2	2026-01-26 12:05:18.683799+00	2026-01-30 22:48:52.423913+00	\N	0	f	\N	\N	\N	0	f	\N	\N	\N	2	6A
f39dfcaa-2c85-42e3-ba62-212ef6a78bd5	Route 2	6A	approved	sport	\N	3d4fcee7-7b78-42a5-bac5-8293378a86b2	2026-01-26 12:05:18.683799+00	2026-01-30 22:48:52.423913+00	\N	0	f	\N	\N	\N	0	f	\N	\N	\N	2	6A
5406be07-bbdb-43bd-b2fc-fab640bff82f	Route 1	6A	approved	sport	\N	3d4fcee7-7b78-42a5-bac5-8293378a86b2	2026-01-26 12:05:18.683799+00	2026-01-30 22:48:52.423913+00	\N	0	f	\N	\N	\N	0	f	\N	\N	\N	2	6A
dce56ed0-769c-4248-97a6-9d5d6fd17e05	Route 3	6A	approved	sport	\N	3d4fcee7-7b78-42a5-bac5-8293378a86b2	2026-01-26 11:01:38.264825+00	2026-01-30 22:48:52.423913+00	\N	0	f	\N	\N	\N	0	f	\N	\N	\N	2	6A
789b8d25-f81c-4b96-89c1-c88650aa8200	Sss	5A	approved	sport	\N	3d4fcee7-7b78-42a5-bac5-8293378a86b2	2026-01-26 11:01:38.264825+00	2026-01-30 22:48:52.423913+00	\N	0	f	\N	\N	\N	0	f	\N	\N	\N	\N	\N
15278fe3-59ab-4ad9-858f-19cc843b18f2	Ring (SS)	5B	approved	bouldering	\N	e5484882-26c8-430d-9c84-7ce112269fe8	2026-01-23 15:35:17.225582+00	2026-01-30 22:48:52.423913+00	\N	0	f	f6e29130-2275-4122-8730-bb8916fcb825	ring-ss	\N	0	f	f6e29130-2275-4122-8730-bb8916fcb825	49.41913333	-2.59096389	\N	\N
190f960b-0ed4-47eb-ae6a-346ae336682c	Ring Ring (SS)	5C	approved	bouldering	\N	e5484882-26c8-430d-9c84-7ce112269fe8	2026-01-23 15:35:17.225582+00	2026-01-30 22:48:52.423913+00	\N	0	f	f6e29130-2275-4122-8730-bb8916fcb825	ring-ring-ss	\N	0	f	f6e29130-2275-4122-8730-bb8916fcb825	49.41913333	-2.59096389	\N	\N
01e1bb10-e3ca-40f5-a471-cc32fbea3e3d	Route 1	6A	approved	sport	\N	3d4fcee7-7b78-42a5-bac5-8293378a86b2	2026-01-26 11:01:38.264825+00	2026-01-30 22:48:52.423913+00	\N	0	f	\N	\N	\N	0	f	\N	\N	\N	2	6A
3a2cc1e2-08f9-45ab-bf39-db29eaf5f8d3	Route 1	6A	approved	sport	\N	3d4fcee7-7b78-42a5-bac5-8293378a86b2	2026-01-25 18:27:17.208166+00	2026-01-30 22:48:52.423913+00	\N	0	f	\N	\N	\N	0	f	\N	\N	\N	2	6A
6f198e3c-9738-4c59-afd4-d0ca30007116	Route 3	6A	approved	sport	\N	3d4fcee7-7b78-42a5-bac5-8293378a86b2	2026-01-25 17:57:25.563098+00	2026-01-30 22:48:52.423913+00	\N	0	f	\N	\N	\N	0	f	\N	\N	\N	2	6A
1588b9c9-9450-48df-858a-45cf9863e4b8	Route 2	6A	approved	sport	\N	3d4fcee7-7b78-42a5-bac5-8293378a86b2	2026-01-25 17:57:25.563098+00	2026-01-30 22:48:52.423913+00	\N	0	f	\N	\N	\N	0	f	\N	\N	\N	2	6A
536c54fa-9a99-49d9-836c-151105d8f5de	Route 1	6A	approved	sport	\N	3d4fcee7-7b78-42a5-bac5-8293378a86b2	2026-01-25 17:57:25.563098+00	2026-01-30 22:48:52.423913+00	\N	0	f	\N	\N	\N	0	f	\N	\N	\N	2	6A
f86e1f3e-435a-4225-befc-1c0c5ee2dad5	Morning Stretch (SS)	6A	approved	bouldering	\N	e5484882-26c8-430d-9c84-7ce112269fe8	2026-01-23 15:06:53.334066+00	2026-01-30 22:48:52.423913+00	\N	0	f	8f1075f1-c6d4-484e-ab3e-ac1b3cd86697	morning-stretch-ss	\N	0	f	8f1075f1-c6d4-484e-ab3e-ac1b3cd86697	49.50932778	-2.51866389	2	6A
739a908b-1b1b-44b7-b175-57bedc288699	Do Bad Look Bad (SS)	6A	approved	bouldering	\N	e5484882-26c8-430d-9c84-7ce112269fe8	2026-01-23 15:04:31.854338+00	2026-01-30 22:48:52.423913+00	\N	0	f	8f1075f1-c6d4-484e-ab3e-ac1b3cd86697	do-bad-look-bad-ss	\N	0	f	8f1075f1-c6d4-484e-ab3e-ac1b3cd86697	49.50805556	-2.51929167	2	6A
19d97dbb-f640-449d-9e4a-8e4ab2218f70	Running out of Money	6A	approved	bouldering	\N	e5484882-26c8-430d-9c84-7ce112269fe8	2026-01-23 14:53:12.727439+00	2026-01-30 22:48:52.423913+00	\N	0	f	74333291-a8ae-4e0b-8bf5-2cee78a8417a	running-out-of-money	\N	0	f	74333291-a8ae-4e0b-8bf5-2cee78a8417a	49.50751389	-2.53261667	2	6A
23e08c4c-2840-430f-94c0-a8a4e3c56ee1	Mario Hanging in an Arcade	6A	approved	bouldering	\N	e5484882-26c8-430d-9c84-7ce112269fe8	2026-01-14 22:00:12.959252+00	2026-01-30 22:48:52.423913+00	\N	0	f	2c084efc-fc2f-4f8f-8c24-6f89a6081cbd	mario-hanging-in-an-arcade	\N	0	f	2c084efc-fc2f-4f8f-8c24-6f89a6081cbd	49.50540556	-2.50471944	2	6A
3aa22403-f73f-49bd-993d-8271c882fb54	Waggle Dance (SS)	6A+	approved	bouldering	\N	e5484882-26c8-430d-9c84-7ce112269fe8	2026-01-23 15:09:50.333517+00	2026-01-30 22:48:52.423913+00	\N	0	f	8f1075f1-c6d4-484e-ab3e-ac1b3cd86697	waggle-dance-ss	\N	0	f	8f1075f1-c6d4-484e-ab3e-ac1b3cd86697	49.50616111	-2.51597778	3	6A+
4a7f1e09-0f66-44b3-b014-357c936a4176	Cruise Liner	6A+	approved	bouldering	\N	e5484882-26c8-430d-9c84-7ce112269fe8	2026-01-23 15:06:53.334066+00	2026-01-30 22:48:52.423913+00	\N	0	f	8f1075f1-c6d4-484e-ab3e-ac1b3cd86697	cruise-liner	\N	0	f	8f1075f1-c6d4-484e-ab3e-ac1b3cd86697	49.50932778	-2.51866389	3	6A+
ce66f7ec-6244-472d-87a8-a8525d05d60d	Michelangelo (SS)	6B	approved	bouldering	\N	e5484882-26c8-430d-9c84-7ce112269fe8	2026-01-23 14:56:48.647195+00	2026-01-30 22:48:52.423913+00	\N	0	f	367ba90f-37a5-4ea6-9cd8-80ba229f9746	michelangelo-ss	\N	0	f	367ba90f-37a5-4ea6-9cd8-80ba229f9746	49.50833056	-2.53681944	4	6B
bcafeaa4-e0c1-4e02-bc27-8aae9d00218a	Goo Lagoon (Crouch)	6B	approved	bouldering	\N	e5484882-26c8-430d-9c84-7ce112269fe8	2026-01-14 22:04:33.661771+00	2026-01-30 22:48:52.423913+00	\N	0	f	2c084efc-fc2f-4f8f-8c24-6f89a6081cbd	goo-lagoon-crouch	\N	0	f	2c084efc-fc2f-4f8f-8c24-6f89a6081cbd	49.50356944	-2.50423611	4	6B
f8bd1a9f-ce42-4465-832f-91931a525c2a	Muad'Dib (SS)	6C	approved	bouldering	\N	e5484882-26c8-430d-9c84-7ce112269fe8	2026-01-23 14:59:46.351782+00	2026-01-30 22:48:52.423913+00	\N	0	f	8f1075f1-c6d4-484e-ab3e-ac1b3cd86697	muad-dib-ss	\N	0	f	8f1075f1-c6d4-484e-ab3e-ac1b3cd86697	49.50917778	-2.51924722	5	6C
f10fac8e-ed50-4221-98e8-43a08a511c7e	Off the Rock (SS)	6C	approved	bouldering	\N	e5484882-26c8-430d-9c84-7ce112269fe8	2026-01-14 22:00:12.959252+00	2026-01-30 22:48:52.423913+00	\N	0	f	2c084efc-fc2f-4f8f-8c24-6f89a6081cbd	off-the-rock-ss	\N	0	f	2c084efc-fc2f-4f8f-8c24-6f89a6081cbd	49.50540556	-2.50471944	5	6C
98afcfe3-37e7-4b19-b1ff-421def1d7805	Gigaflop	7A	approved	bouldering	\N	e5484882-26c8-430d-9c84-7ce112269fe8	2026-02-07 15:23:53.83298+00	2026-02-07 15:23:53.83298+00	\N	0	f	367ba90f-37a5-4ea6-9cd8-80ba229f9746	gigaflop	\N	0	f	367ba90f-37a5-4ea6-9cd8-80ba229f9746	49.50825621	-2.53791958	6	7A
dd93dc0c-9cf1-4b40-bba0-bd7c5fe0519a	Leon's Problem (SS)	7A	approved	bouldering	\N	e5484882-26c8-430d-9c84-7ce112269fe8	2026-01-14 22:07:28.624787+00	2026-01-30 22:48:52.423913+00	\N	0	f	2c084efc-fc2f-4f8f-8c24-6f89a6081cbd	leon-s-problem-ss	\N	0	f	2c084efc-fc2f-4f8f-8c24-6f89a6081cbd	49.50622222	-2.50617500	6	7A
e6da3770-e933-4b72-9374-dff8588e6ff9	Grayling	6C+	approved	bouldering	\N	e5484882-26c8-430d-9c84-7ce112269fe8	2026-01-14 22:01:38.035165+00	2026-01-30 22:48:52.423913+00	\N	0	f	2c084efc-fc2f-4f8f-8c24-6f89a6081cbd	grayling	6C+	1	f	2c084efc-fc2f-4f8f-8c24-6f89a6081cbd	49.50628611	-2.50501389	6	7A
b3922926-2f76-4564-a201-a89bd91d8ca4	La Serpiente	6C	approved	boulder	💀💀💀\nBoulder muy alto y técnico, con movimientos explosivos desde el inicio.\nComienza en un sit start tipo hook, apoyando la presión en el hook derecho.\nDe ahí se progresa sobre slopers en una línea recta por la parte media de la roca.\nLa salida es delicada y expuesta, con una secuencia de precisión que la convierte en uno de\nlos boulders más altos del sector.\nAperturista: Beto Pacheco, Eduardo Esperón\nF.A: Ernesto Mèndez (El Chipo)	3d4fcee7-7b78-42a5-bac5-8293378a86b2	2026-03-04 18:08:21.948304+00	2026-03-05 10:44:14.314146+00	\N	0	f	d913b3e3-1b52-4e84-8f42-702e9863ed0d	la-serpiente	6C	1	f	\N	17.06761561	-96.76826477	\N	\N
3979c06a-6153-4753-ac8a-5cc5c5df20ef	Epsilon	6A	approved	boulder	💀💀\nBoulder técnico y de resistencia, con una travesía larga de derecha a izquierda en diagonal.\nInicia en dos laterales muy a la derecha de la roca (inicio compartido con el siguiente\nboulder).\nPrimero progresa recto hasta el corte del Alpha, y desde ahí comienza la transición hacia la\nizquierda, enlazando agarres de Alpha, Beta, V3 Clásico y Génesis II, hasta salir por la salida\nde Génesis II.\nEs una línea de posición corporal, lectura fina y optimización de descansos.	3d4fcee7-7b78-42a5-bac5-8293378a86b2	2026-03-04 18:19:11.186823+00	2026-03-05 10:44:14.314146+00	\N	0	f	d913b3e3-1b52-4e84-8f42-702e9863ed0d	epsilon	6A	1	f	\N	17.06761561	-96.76826477	\N	\N
\.


--
-- Data for Name: climb_corrections; Type: TABLE DATA; Schema: public; Owner: postgres
--

COPY "public"."climb_corrections" ("id", "climb_id", "user_id", "correction_type", "original_value", "suggested_value", "reason", "status", "approval_count", "rejection_count", "created_at", "resolved_at") FROM stdin;
\.


--
-- Data for Name: images; Type: TABLE DATA; Schema: public; Owner: postgres
--

COPY "public"."images" ("id", "url", "latitude", "longitude", "capture_date", "crag_id", "width", "height", "created_by", "created_at", "verification_count", "is_verified", "natural_width", "natural_height", "status", "has_humans", "moderated_at", "moderation_labels", "moderation_status", "face_direction", "storage_bucket", "storage_path", "place_id", "face_directions", "contribution_credit_platform", "contribution_credit_handle", "last_edited_by", "parent_image_id", "is_primary", "is_anonymous_submission", "storage_provider", "original_bucket", "original_key", "original_mime_type", "original_bytes", "original_width", "original_height", "asset_version", "variants", "visibility", "processing_status", "checksum_sha256", "processed_at", "moderation_provider", "moderation_error") FROM stdin;
5dbe66f6-ded7-4df2-bae0-993277d95673	https://static.letsboulder.com/images/5dbe66f6-ded7-4df2-bae0-993277d95673/v1/detail.jpg	49.50652222	-2.50752778	\N	2c084efc-fc2f-4f8f-8c24-6f89a6081cbd	1200	900	e5484882-26c8-430d-9c84-7ce112269fe8	2026-01-14 21:39:40.707397+00	0	f	1200	900	approved	\N	2026-02-06 04:13:42.496144+00	[]	approved	\N	route-uploads	e5484882-26c8-430d-9c84-7ce112269fe8/1768426207585-IMG_1816.jpg	2c084efc-fc2f-4f8f-8c24-6f89a6081cbd	\N	\N	\N	\N	\N	t	f	r2	lb-prod-media-private	images/originals/5dbe66f6-ded7-4df2-bae0-993277d95673/original.jpg	image/jpeg	284626	1200	900	1	{"card": {"avif": {"path": "images/5dbe66f6-ded7-4df2-bae0-993277d95673/v1/card.avif", "bytes": 62369, "width": 640, "height": 480, "contentType": "image/avif"}, "jpeg": {"path": "images/5dbe66f6-ded7-4df2-bae0-993277d95673/v1/card.jpg", "bytes": 79367, "width": 640, "height": 480, "contentType": "image/jpeg"}, "webp": {"path": "images/5dbe66f6-ded7-4df2-bae0-993277d95673/v1/card.webp", "bytes": 74856, "width": 640, "height": 480, "contentType": "image/webp"}}, "full": {"avif": {"path": "images/5dbe66f6-ded7-4df2-bae0-993277d95673/v1/full.avif", "bytes": 215992, "width": 1200, "height": 900, "contentType": "image/avif"}, "jpeg": {"path": "images/5dbe66f6-ded7-4df2-bae0-993277d95673/v1/full.jpg", "bytes": 284113, "width": 1200, "height": 900, "contentType": "image/jpeg"}, "webp": {"path": "images/5dbe66f6-ded7-4df2-bae0-993277d95673/v1/full.webp", "bytes": 281688, "width": 1200, "height": 900, "contentType": "image/webp"}}, "topo": {"avif": {"path": "images/5dbe66f6-ded7-4df2-bae0-993277d95673/v1/topo.avif", "bytes": 215992, "width": 1200, "height": 900, "contentType": "image/avif"}, "jpeg": {"path": "images/5dbe66f6-ded7-4df2-bae0-993277d95673/v1/topo.jpg", "bytes": 284113, "width": 1200, "height": 900, "contentType": "image/jpeg"}, "webp": {"path": "images/5dbe66f6-ded7-4df2-bae0-993277d95673/v1/topo.webp", "bytes": 281688, "width": 1200, "height": 900, "contentType": "image/webp"}}, "thumb": {"avif": {"path": "images/5dbe66f6-ded7-4df2-bae0-993277d95673/v1/thumb.avif", "bytes": 8248, "width": 240, "height": 180, "contentType": "image/avif"}, "jpeg": {"path": "images/5dbe66f6-ded7-4df2-bae0-993277d95673/v1/thumb.jpg", "bytes": 11452, "width": 240, "height": 180, "contentType": "image/jpeg"}, "webp": {"path": "images/5dbe66f6-ded7-4df2-bae0-993277d95673/v1/thumb.webp", "bytes": 10010, "width": 240, "height": 180, "contentType": "image/webp"}}, "detail": {"avif": {"path": "images/5dbe66f6-ded7-4df2-bae0-993277d95673/v1/detail.avif", "bytes": 215992, "width": 1200, "height": 900, "contentType": "image/avif"}, "jpeg": {"path": "images/5dbe66f6-ded7-4df2-bae0-993277d95673/v1/detail.jpg", "bytes": 284113, "width": 1200, "height": 900, "contentType": "image/jpeg"}, "webp": {"path": "images/5dbe66f6-ded7-4df2-bae0-993277d95673/v1/detail.webp", "bytes": 281688, "width": 1200, "height": 900, "contentType": "image/webp"}}}	public	ready	737bbcea2f55cc7af6f274b4584af3ddaefa7b5fa88703d3a60369d0202ddd40	2026-03-10 17:23:31.208+00	disabled	Access Denied
4c182e9e-1e05-4862-9ac0-896d68059080	https://static.letsboulder.com/images/4c182e9e-1e05-4862-9ac0-896d68059080/v1/detail.jpg	49.50540556	-2.50471944	\N	2c084efc-fc2f-4f8f-8c24-6f89a6081cbd	1200	900	e5484882-26c8-430d-9c84-7ce112269fe8	2026-01-14 22:00:12.619435+00	0	f	1200	900	approved	\N	2026-02-06 04:13:42.496144+00	[]	approved	\N	route-uploads	e5484882-26c8-430d-9c84-7ce112269fe8/1768427061667-IMG_1812.jpg	2c084efc-fc2f-4f8f-8c24-6f89a6081cbd	\N	\N	\N	\N	\N	t	f	r2	lb-prod-media-private	images/originals/4c182e9e-1e05-4862-9ac0-896d68059080/original.jpg	image/jpeg	246747	1200	900	1	{"card": {"avif": {"path": "images/4c182e9e-1e05-4862-9ac0-896d68059080/v1/card.avif", "bytes": 40129, "width": 640, "height": 480, "contentType": "image/avif"}, "jpeg": {"path": "images/4c182e9e-1e05-4862-9ac0-896d68059080/v1/card.jpg", "bytes": 61113, "width": 640, "height": 480, "contentType": "image/jpeg"}, "webp": {"path": "images/4c182e9e-1e05-4862-9ac0-896d68059080/v1/card.webp", "bytes": 50302, "width": 640, "height": 480, "contentType": "image/webp"}}, "full": {"avif": {"path": "images/4c182e9e-1e05-4862-9ac0-896d68059080/v1/full.avif", "bytes": 142878, "width": 1200, "height": 900, "contentType": "image/avif"}, "jpeg": {"path": "images/4c182e9e-1e05-4862-9ac0-896d68059080/v1/full.jpg", "bytes": 210968, "width": 1200, "height": 900, "contentType": "image/jpeg"}, "webp": {"path": "images/4c182e9e-1e05-4862-9ac0-896d68059080/v1/full.webp", "bytes": 177216, "width": 1200, "height": 900, "contentType": "image/webp"}}, "topo": {"avif": {"path": "images/4c182e9e-1e05-4862-9ac0-896d68059080/v1/topo.avif", "bytes": 142878, "width": 1200, "height": 900, "contentType": "image/avif"}, "jpeg": {"path": "images/4c182e9e-1e05-4862-9ac0-896d68059080/v1/topo.jpg", "bytes": 210968, "width": 1200, "height": 900, "contentType": "image/jpeg"}, "webp": {"path": "images/4c182e9e-1e05-4862-9ac0-896d68059080/v1/topo.webp", "bytes": 177216, "width": 1200, "height": 900, "contentType": "image/webp"}}, "thumb": {"avif": {"path": "images/4c182e9e-1e05-4862-9ac0-896d68059080/v1/thumb.avif", "bytes": 7559, "width": 240, "height": 180, "contentType": "image/avif"}, "jpeg": {"path": "images/4c182e9e-1e05-4862-9ac0-896d68059080/v1/thumb.jpg", "bytes": 10861, "width": 240, "height": 180, "contentType": "image/jpeg"}, "webp": {"path": "images/4c182e9e-1e05-4862-9ac0-896d68059080/v1/thumb.webp", "bytes": 8814, "width": 240, "height": 180, "contentType": "image/webp"}}, "detail": {"avif": {"path": "images/4c182e9e-1e05-4862-9ac0-896d68059080/v1/detail.avif", "bytes": 142878, "width": 1200, "height": 900, "contentType": "image/avif"}, "jpeg": {"path": "images/4c182e9e-1e05-4862-9ac0-896d68059080/v1/detail.jpg", "bytes": 210968, "width": 1200, "height": 900, "contentType": "image/jpeg"}, "webp": {"path": "images/4c182e9e-1e05-4862-9ac0-896d68059080/v1/detail.webp", "bytes": 177216, "width": 1200, "height": 900, "contentType": "image/webp"}}}	public	ready	30458ccf6d58c452ae4a9f027311f6386ea2dfa8b2053917cf29968ae29c30a0	2026-03-10 17:23:43.41+00	disabled	Access Denied
911f2dcc-e2b4-4eb1-bb4f-00f949959a16	https://static.letsboulder.com/images/911f2dcc-e2b4-4eb1-bb4f-00f949959a16/v1/detail.jpg	49.50575000	-2.52035833	\N	8f1075f1-c6d4-484e-ab3e-ac1b3cd86697	1200	900	e5484882-26c8-430d-9c84-7ce112269fe8	2026-01-23 15:23:05.999442+00	0	f	\N	\N	approved	\N	2026-02-06 04:13:42.496144+00	[]	approved	\N	route-uploads	e5484882-26c8-430d-9c84-7ce112269fe8/1769181721476-IMG_2967.jpg	8f1075f1-c6d4-484e-ab3e-ac1b3cd86697	\N	\N	\N	\N	\N	t	f	r2	lb-prod-media-private	images/originals/911f2dcc-e2b4-4eb1-bb4f-00f949959a16/original.jpg	image/jpeg	271755	1200	900	1	{"card": {"avif": {"path": "images/911f2dcc-e2b4-4eb1-bb4f-00f949959a16/v1/card.avif", "bytes": 70992, "width": 640, "height": 480, "contentType": "image/avif"}, "jpeg": {"path": "images/911f2dcc-e2b4-4eb1-bb4f-00f949959a16/v1/card.jpg", "bytes": 85688, "width": 640, "height": 480, "contentType": "image/jpeg"}, "webp": {"path": "images/911f2dcc-e2b4-4eb1-bb4f-00f949959a16/v1/card.webp", "bytes": 84262, "width": 640, "height": 480, "contentType": "image/webp"}}, "full": {"avif": {"path": "images/911f2dcc-e2b4-4eb1-bb4f-00f949959a16/v1/full.avif", "bytes": 228188, "width": 1200, "height": 900, "contentType": "image/avif"}, "jpeg": {"path": "images/911f2dcc-e2b4-4eb1-bb4f-00f949959a16/v1/full.jpg", "bytes": 291698, "width": 1200, "height": 900, "contentType": "image/jpeg"}, "webp": {"path": "images/911f2dcc-e2b4-4eb1-bb4f-00f949959a16/v1/full.webp", "bytes": 318468, "width": 1200, "height": 900, "contentType": "image/webp"}}, "topo": {"avif": {"path": "images/911f2dcc-e2b4-4eb1-bb4f-00f949959a16/v1/topo.avif", "bytes": 228188, "width": 1200, "height": 900, "contentType": "image/avif"}, "jpeg": {"path": "images/911f2dcc-e2b4-4eb1-bb4f-00f949959a16/v1/topo.jpg", "bytes": 291698, "width": 1200, "height": 900, "contentType": "image/jpeg"}, "webp": {"path": "images/911f2dcc-e2b4-4eb1-bb4f-00f949959a16/v1/topo.webp", "bytes": 318468, "width": 1200, "height": 900, "contentType": "image/webp"}}, "thumb": {"avif": {"path": "images/911f2dcc-e2b4-4eb1-bb4f-00f949959a16/v1/thumb.avif", "bytes": 9518, "width": 240, "height": 180, "contentType": "image/avif"}, "jpeg": {"path": "images/911f2dcc-e2b4-4eb1-bb4f-00f949959a16/v1/thumb.jpg", "bytes": 12286, "width": 240, "height": 180, "contentType": "image/jpeg"}, "webp": {"path": "images/911f2dcc-e2b4-4eb1-bb4f-00f949959a16/v1/thumb.webp", "bytes": 11468, "width": 240, "height": 180, "contentType": "image/webp"}}, "detail": {"avif": {"path": "images/911f2dcc-e2b4-4eb1-bb4f-00f949959a16/v1/detail.avif", "bytes": 228188, "width": 1200, "height": 900, "contentType": "image/avif"}, "jpeg": {"path": "images/911f2dcc-e2b4-4eb1-bb4f-00f949959a16/v1/detail.jpg", "bytes": 291698, "width": 1200, "height": 900, "contentType": "image/jpeg"}, "webp": {"path": "images/911f2dcc-e2b4-4eb1-bb4f-00f949959a16/v1/detail.webp", "bytes": 318468, "width": 1200, "height": 900, "contentType": "image/webp"}}}	public	ready	664d52cb4ade1c96b64d8fa72307155d77f43dc6ec9a0541396a6defd3ed9aeb	2026-03-10 17:26:32.876+00	disabled	Access Denied
fe4372e6-e4fc-4f1a-9f83-978771166b52	https://static.letsboulder.com/images/fe4372e6-e4fc-4f1a-9f83-978771166b52/v1/detail.jpg	49.50552500	-2.52044722	\N	8f1075f1-c6d4-484e-ab3e-ac1b3cd86697	1200	900	e5484882-26c8-430d-9c84-7ce112269fe8	2026-01-23 15:25:18.985254+00	0	f	\N	\N	approved	\N	2026-02-06 04:13:42.496144+00	[]	approved	\N	route-uploads	e5484882-26c8-430d-9c84-7ce112269fe8/1769181810901-IMG_2968.jpg	8f1075f1-c6d4-484e-ab3e-ac1b3cd86697	\N	\N	\N	\N	\N	t	f	r2	lb-prod-media-private	images/originals/fe4372e6-e4fc-4f1a-9f83-978771166b52/original.jpg	image/jpeg	299650	1200	900	1	{"card": {"avif": {"path": "images/fe4372e6-e4fc-4f1a-9f83-978771166b52/v1/card.avif", "bytes": 62067, "width": 640, "height": 480, "contentType": "image/avif"}, "jpeg": {"path": "images/fe4372e6-e4fc-4f1a-9f83-978771166b52/v1/card.jpg", "bytes": 77270, "width": 640, "height": 480, "contentType": "image/jpeg"}, "webp": {"path": "images/fe4372e6-e4fc-4f1a-9f83-978771166b52/v1/card.webp", "bytes": 72312, "width": 640, "height": 480, "contentType": "image/webp"}}, "full": {"avif": {"path": "images/fe4372e6-e4fc-4f1a-9f83-978771166b52/v1/full.avif", "bytes": 234017, "width": 1200, "height": 900, "contentType": "image/avif"}, "jpeg": {"path": "images/fe4372e6-e4fc-4f1a-9f83-978771166b52/v1/full.jpg", "bytes": 294598, "width": 1200, "height": 900, "contentType": "image/jpeg"}, "webp": {"path": "images/fe4372e6-e4fc-4f1a-9f83-978771166b52/v1/full.webp", "bytes": 293636, "width": 1200, "height": 900, "contentType": "image/webp"}}, "topo": {"avif": {"path": "images/fe4372e6-e4fc-4f1a-9f83-978771166b52/v1/topo.avif", "bytes": 234017, "width": 1200, "height": 900, "contentType": "image/avif"}, "jpeg": {"path": "images/fe4372e6-e4fc-4f1a-9f83-978771166b52/v1/topo.jpg", "bytes": 294598, "width": 1200, "height": 900, "contentType": "image/jpeg"}, "webp": {"path": "images/fe4372e6-e4fc-4f1a-9f83-978771166b52/v1/topo.webp", "bytes": 293636, "width": 1200, "height": 900, "contentType": "image/webp"}}, "thumb": {"avif": {"path": "images/fe4372e6-e4fc-4f1a-9f83-978771166b52/v1/thumb.avif", "bytes": 8266, "width": 240, "height": 180, "contentType": "image/avif"}, "jpeg": {"path": "images/fe4372e6-e4fc-4f1a-9f83-978771166b52/v1/thumb.jpg", "bytes": 11282, "width": 240, "height": 180, "contentType": "image/jpeg"}, "webp": {"path": "images/fe4372e6-e4fc-4f1a-9f83-978771166b52/v1/thumb.webp", "bytes": 9880, "width": 240, "height": 180, "contentType": "image/webp"}}, "detail": {"avif": {"path": "images/fe4372e6-e4fc-4f1a-9f83-978771166b52/v1/detail.avif", "bytes": 234017, "width": 1200, "height": 900, "contentType": "image/avif"}, "jpeg": {"path": "images/fe4372e6-e4fc-4f1a-9f83-978771166b52/v1/detail.jpg", "bytes": 294598, "width": 1200, "height": 900, "contentType": "image/jpeg"}, "webp": {"path": "images/fe4372e6-e4fc-4f1a-9f83-978771166b52/v1/detail.webp", "bytes": 293636, "width": 1200, "height": 900, "contentType": "image/webp"}}}	public	ready	dcf49c92446e57e353e4cae2b0070372eed1f0ba76a0d5f528f7b0775f374d34	2026-03-10 17:26:44.868+00	disabled	Access Denied
7f8569ea-c138-44fd-9a81-8b892b135701	https://static.letsboulder.com/images/7f8569ea-c138-44fd-9a81-8b892b135701/v1/detail.jpg	49.50538889	-2.52123056	\N	8f1075f1-c6d4-484e-ab3e-ac1b3cd86697	1200	900	e5484882-26c8-430d-9c84-7ce112269fe8	2026-01-23 15:28:20.369131+00	0	f	\N	\N	approved	\N	2026-02-06 04:13:42.496144+00	[]	approved	\N	route-uploads	e5484882-26c8-430d-9c84-7ce112269fe8/1769182045594-IMG_2969.jpg	8f1075f1-c6d4-484e-ab3e-ac1b3cd86697	\N	\N	\N	\N	\N	t	f	r2	lb-prod-media-private	images/originals/7f8569ea-c138-44fd-9a81-8b892b135701/original.jpg	image/jpeg	299294	1200	900	1	{"card": {"avif": {"path": "images/7f8569ea-c138-44fd-9a81-8b892b135701/v1/card.avif", "bytes": 63294, "width": 640, "height": 480, "contentType": "image/avif"}, "jpeg": {"path": "images/7f8569ea-c138-44fd-9a81-8b892b135701/v1/card.jpg", "bytes": 80140, "width": 640, "height": 480, "contentType": "image/jpeg"}, "webp": {"path": "images/7f8569ea-c138-44fd-9a81-8b892b135701/v1/card.webp", "bytes": 73948, "width": 640, "height": 480, "contentType": "image/webp"}}, "full": {"avif": {"path": "images/7f8569ea-c138-44fd-9a81-8b892b135701/v1/full.avif", "bytes": 233938, "width": 1200, "height": 900, "contentType": "image/avif"}, "jpeg": {"path": "images/7f8569ea-c138-44fd-9a81-8b892b135701/v1/full.jpg", "bytes": 293875, "width": 1200, "height": 900, "contentType": "image/jpeg"}, "webp": {"path": "images/7f8569ea-c138-44fd-9a81-8b892b135701/v1/full.webp", "bytes": 285170, "width": 1200, "height": 900, "contentType": "image/webp"}}, "topo": {"avif": {"path": "images/7f8569ea-c138-44fd-9a81-8b892b135701/v1/topo.avif", "bytes": 233938, "width": 1200, "height": 900, "contentType": "image/avif"}, "jpeg": {"path": "images/7f8569ea-c138-44fd-9a81-8b892b135701/v1/topo.jpg", "bytes": 293875, "width": 1200, "height": 900, "contentType": "image/jpeg"}, "webp": {"path": "images/7f8569ea-c138-44fd-9a81-8b892b135701/v1/topo.webp", "bytes": 285170, "width": 1200, "height": 900, "contentType": "image/webp"}}, "thumb": {"avif": {"path": "images/7f8569ea-c138-44fd-9a81-8b892b135701/v1/thumb.avif", "bytes": 9340, "width": 240, "height": 180, "contentType": "image/avif"}, "jpeg": {"path": "images/7f8569ea-c138-44fd-9a81-8b892b135701/v1/thumb.jpg", "bytes": 12601, "width": 240, "height": 180, "contentType": "image/jpeg"}, "webp": {"path": "images/7f8569ea-c138-44fd-9a81-8b892b135701/v1/thumb.webp", "bytes": 10982, "width": 240, "height": 180, "contentType": "image/webp"}}, "detail": {"avif": {"path": "images/7f8569ea-c138-44fd-9a81-8b892b135701/v1/detail.avif", "bytes": 233938, "width": 1200, "height": 900, "contentType": "image/avif"}, "jpeg": {"path": "images/7f8569ea-c138-44fd-9a81-8b892b135701/v1/detail.jpg", "bytes": 293875, "width": 1200, "height": 900, "contentType": "image/jpeg"}, "webp": {"path": "images/7f8569ea-c138-44fd-9a81-8b892b135701/v1/detail.webp", "bytes": 285170, "width": 1200, "height": 900, "contentType": "image/webp"}}}	public	ready	2050aab32fb1939951af476ce98dac79b9e345d050e8e994b0ea1f9b98de52e1	2026-03-10 17:26:57.426+00	disabled	Access Denied
d05a1dcc-3380-4f4a-85e0-9f19aada2ecd	https://static.letsboulder.com/images/d05a1dcc-3380-4f4a-85e0-9f19aada2ecd/v1/detail.jpg	17.04529300	-96.65436500	\N	d913b3e3-1b52-4e84-8f42-702e9863ed0d	929	672	3d4fcee7-7b78-42a5-bac5-8293378a86b2	2026-03-04 17:36:32.077285+00	0	f	929	672	approved	\N	2026-03-04 17:36:40.867+00	[]	approved	E	route-uploads	3d4fcee7-7b78-42a5-bac5-8293378a86b2/1772644769094-2f23184a-808f-416b-98a7-eb02df6794f0.png	\N	{E}	instagram	Betoo.pb	3d4fcee7-7b78-42a5-bac5-8293378a86b2	\N	t	f	r2	lb-prod-media-private	images/originals/d05a1dcc-3380-4f4a-85e0-9f19aada2ecd/original.jpg	image/jpeg	161407	929	672	1	{"card": {"avif": {"path": "images/d05a1dcc-3380-4f4a-85e0-9f19aada2ecd/v1/card.avif", "bytes": 60153, "width": 640, "height": 463, "contentType": "image/avif"}, "jpeg": {"path": "images/d05a1dcc-3380-4f4a-85e0-9f19aada2ecd/v1/card.jpg", "bytes": 80973, "width": 640, "height": 463, "contentType": "image/jpeg"}, "webp": {"path": "images/d05a1dcc-3380-4f4a-85e0-9f19aada2ecd/v1/card.webp", "bytes": 76150, "width": 640, "height": 463, "contentType": "image/webp"}}, "full": {"avif": {"path": "images/d05a1dcc-3380-4f4a-85e0-9f19aada2ecd/v1/full.avif", "bytes": 104400, "width": 929, "height": 672, "contentType": "image/avif"}, "jpeg": {"path": "images/d05a1dcc-3380-4f4a-85e0-9f19aada2ecd/v1/full.jpg", "bytes": 155185, "width": 929, "height": 672, "contentType": "image/jpeg"}, "webp": {"path": "images/d05a1dcc-3380-4f4a-85e0-9f19aada2ecd/v1/full.webp", "bytes": 136734, "width": 929, "height": 672, "contentType": "image/webp"}}, "topo": {"avif": {"path": "images/d05a1dcc-3380-4f4a-85e0-9f19aada2ecd/v1/topo.avif", "bytes": 104400, "width": 929, "height": 672, "contentType": "image/avif"}, "jpeg": {"path": "images/d05a1dcc-3380-4f4a-85e0-9f19aada2ecd/v1/topo.jpg", "bytes": 155185, "width": 929, "height": 672, "contentType": "image/jpeg"}, "webp": {"path": "images/d05a1dcc-3380-4f4a-85e0-9f19aada2ecd/v1/topo.webp", "bytes": 136734, "width": 929, "height": 672, "contentType": "image/webp"}}, "thumb": {"avif": {"path": "images/d05a1dcc-3380-4f4a-85e0-9f19aada2ecd/v1/thumb.avif", "bytes": 11137, "width": 240, "height": 174, "contentType": "image/avif"}, "jpeg": {"path": "images/d05a1dcc-3380-4f4a-85e0-9f19aada2ecd/v1/thumb.jpg", "bytes": 13183, "width": 240, "height": 174, "contentType": "image/jpeg"}, "webp": {"path": "images/d05a1dcc-3380-4f4a-85e0-9f19aada2ecd/v1/thumb.webp", "bytes": 12806, "width": 240, "height": 174, "contentType": "image/webp"}}, "detail": {"avif": {"path": "images/d05a1dcc-3380-4f4a-85e0-9f19aada2ecd/v1/detail.avif", "bytes": 104400, "width": 929, "height": 672, "contentType": "image/avif"}, "jpeg": {"path": "images/d05a1dcc-3380-4f4a-85e0-9f19aada2ecd/v1/detail.jpg", "bytes": 155185, "width": 929, "height": 672, "contentType": "image/jpeg"}, "webp": {"path": "images/d05a1dcc-3380-4f4a-85e0-9f19aada2ecd/v1/detail.webp", "bytes": 136734, "width": 929, "height": 672, "contentType": "image/webp"}}}	public	ready	5dfd0557f29dc8dcb633936649e0dd948fb6ed9d31dcd9ca12dfbad05e76aad8	2026-03-10 17:28:51.261+00	disabled	Access Denied
01dfa9c4-5075-45bd-b6df-fef776ad8b02	https://static.letsboulder.com/images/01dfa9c4-5075-45bd-b6df-fef776ad8b02/v1/detail.jpg	49.50628611	-2.50501389	\N	2c084efc-fc2f-4f8f-8c24-6f89a6081cbd	1200	900	e5484882-26c8-430d-9c84-7ce112269fe8	2026-01-14 22:01:37.70229+00	0	f	1200	900	approved	\N	2026-02-06 04:13:42.496144+00	[]	approved	\N	route-uploads	e5484882-26c8-430d-9c84-7ce112269fe8/1768428053075-IMG_2591.jpg	2c084efc-fc2f-4f8f-8c24-6f89a6081cbd	\N	\N	\N	\N	\N	t	f	r2	lb-prod-media-private	images/originals/01dfa9c4-5075-45bd-b6df-fef776ad8b02/original.jpg	image/jpeg	276425	1200	900	1	{"card": {"avif": {"path": "images/01dfa9c4-5075-45bd-b6df-fef776ad8b02/v1/card.avif", "bytes": 64062, "width": 640, "height": 480, "contentType": "image/avif"}, "jpeg": {"path": "images/01dfa9c4-5075-45bd-b6df-fef776ad8b02/v1/card.jpg", "bytes": 80351, "width": 640, "height": 480, "contentType": "image/jpeg"}, "webp": {"path": "images/01dfa9c4-5075-45bd-b6df-fef776ad8b02/v1/card.webp", "bytes": 78450, "width": 640, "height": 480, "contentType": "image/webp"}}, "full": {"avif": {"path": "images/01dfa9c4-5075-45bd-b6df-fef776ad8b02/v1/full.avif", "bytes": 203353, "width": 1200, "height": 900, "contentType": "image/avif"}, "jpeg": {"path": "images/01dfa9c4-5075-45bd-b6df-fef776ad8b02/v1/full.jpg", "bytes": 274984, "width": 1200, "height": 900, "contentType": "image/jpeg"}, "webp": {"path": "images/01dfa9c4-5075-45bd-b6df-fef776ad8b02/v1/full.webp", "bytes": 267412, "width": 1200, "height": 900, "contentType": "image/webp"}}, "topo": {"avif": {"path": "images/01dfa9c4-5075-45bd-b6df-fef776ad8b02/v1/topo.avif", "bytes": 203353, "width": 1200, "height": 900, "contentType": "image/avif"}, "jpeg": {"path": "images/01dfa9c4-5075-45bd-b6df-fef776ad8b02/v1/topo.jpg", "bytes": 274984, "width": 1200, "height": 900, "contentType": "image/jpeg"}, "webp": {"path": "images/01dfa9c4-5075-45bd-b6df-fef776ad8b02/v1/topo.webp", "bytes": 267412, "width": 1200, "height": 900, "contentType": "image/webp"}}, "thumb": {"avif": {"path": "images/01dfa9c4-5075-45bd-b6df-fef776ad8b02/v1/thumb.avif", "bytes": 9461, "width": 240, "height": 180, "contentType": "image/avif"}, "jpeg": {"path": "images/01dfa9c4-5075-45bd-b6df-fef776ad8b02/v1/thumb.jpg", "bytes": 12033, "width": 240, "height": 180, "contentType": "image/jpeg"}, "webp": {"path": "images/01dfa9c4-5075-45bd-b6df-fef776ad8b02/v1/thumb.webp", "bytes": 11388, "width": 240, "height": 180, "contentType": "image/webp"}}, "detail": {"avif": {"path": "images/01dfa9c4-5075-45bd-b6df-fef776ad8b02/v1/detail.avif", "bytes": 203353, "width": 1200, "height": 900, "contentType": "image/avif"}, "jpeg": {"path": "images/01dfa9c4-5075-45bd-b6df-fef776ad8b02/v1/detail.jpg", "bytes": 274984, "width": 1200, "height": 900, "contentType": "image/jpeg"}, "webp": {"path": "images/01dfa9c4-5075-45bd-b6df-fef776ad8b02/v1/detail.webp", "bytes": 267412, "width": 1200, "height": 900, "contentType": "image/webp"}}}	public	ready	837b7bcba3ca0cec903d5ef9b1e84da78960335bff03e4b657cd7b98f0d8d037	2026-03-10 17:23:55.703+00	disabled	Access Denied
1278cb47-c6de-4ef6-a347-698546243ddf	https://static.letsboulder.com/images/1278cb47-c6de-4ef6-a347-698546243ddf/v1/detail.jpg	49.50356944	-2.50423611	\N	2c084efc-fc2f-4f8f-8c24-6f89a6081cbd	1200	900	e5484882-26c8-430d-9c84-7ce112269fe8	2026-01-14 22:04:33.260138+00	0	f	1200	900	approved	\N	2026-02-06 04:13:42.496144+00	[]	approved	\N	route-uploads	e5484882-26c8-430d-9c84-7ce112269fe8/1768428124414-IMG_2604.jpg	2c084efc-fc2f-4f8f-8c24-6f89a6081cbd	\N	\N	\N	\N	\N	t	f	r2	lb-prod-media-private	images/originals/1278cb47-c6de-4ef6-a347-698546243ddf/original.jpg	image/jpeg	272440	1200	900	1	{"card": {"avif": {"path": "images/1278cb47-c6de-4ef6-a347-698546243ddf/v1/card.avif", "bytes": 60698, "width": 640, "height": 480, "contentType": "image/avif"}, "jpeg": {"path": "images/1278cb47-c6de-4ef6-a347-698546243ddf/v1/card.jpg", "bytes": 78186, "width": 640, "height": 480, "contentType": "image/jpeg"}, "webp": {"path": "images/1278cb47-c6de-4ef6-a347-698546243ddf/v1/card.webp", "bytes": 72530, "width": 640, "height": 480, "contentType": "image/webp"}}, "full": {"avif": {"path": "images/1278cb47-c6de-4ef6-a347-698546243ddf/v1/full.avif", "bytes": 204965, "width": 1200, "height": 900, "contentType": "image/avif"}, "jpeg": {"path": "images/1278cb47-c6de-4ef6-a347-698546243ddf/v1/full.jpg", "bytes": 269220, "width": 1200, "height": 900, "contentType": "image/jpeg"}, "webp": {"path": "images/1278cb47-c6de-4ef6-a347-698546243ddf/v1/full.webp", "bytes": 261286, "width": 1200, "height": 900, "contentType": "image/webp"}}, "topo": {"avif": {"path": "images/1278cb47-c6de-4ef6-a347-698546243ddf/v1/topo.avif", "bytes": 204965, "width": 1200, "height": 900, "contentType": "image/avif"}, "jpeg": {"path": "images/1278cb47-c6de-4ef6-a347-698546243ddf/v1/topo.jpg", "bytes": 269220, "width": 1200, "height": 900, "contentType": "image/jpeg"}, "webp": {"path": "images/1278cb47-c6de-4ef6-a347-698546243ddf/v1/topo.webp", "bytes": 261286, "width": 1200, "height": 900, "contentType": "image/webp"}}, "thumb": {"avif": {"path": "images/1278cb47-c6de-4ef6-a347-698546243ddf/v1/thumb.avif", "bytes": 9392, "width": 240, "height": 180, "contentType": "image/avif"}, "jpeg": {"path": "images/1278cb47-c6de-4ef6-a347-698546243ddf/v1/thumb.jpg", "bytes": 12231, "width": 240, "height": 180, "contentType": "image/jpeg"}, "webp": {"path": "images/1278cb47-c6de-4ef6-a347-698546243ddf/v1/thumb.webp", "bytes": 10764, "width": 240, "height": 180, "contentType": "image/webp"}}, "detail": {"avif": {"path": "images/1278cb47-c6de-4ef6-a347-698546243ddf/v1/detail.avif", "bytes": 204965, "width": 1200, "height": 900, "contentType": "image/avif"}, "jpeg": {"path": "images/1278cb47-c6de-4ef6-a347-698546243ddf/v1/detail.jpg", "bytes": 269220, "width": 1200, "height": 900, "contentType": "image/jpeg"}, "webp": {"path": "images/1278cb47-c6de-4ef6-a347-698546243ddf/v1/detail.webp", "bytes": 261286, "width": 1200, "height": 900, "contentType": "image/webp"}}}	public	ready	d7e91381f0930e32e8eeef80c8b347f74b8d1ea1609d75ebf99c48992d3be876	2026-03-10 17:24:07.444+00	disabled	Access Denied
87a11c1f-5fe4-46ba-b255-a6ecea238406	https://static.letsboulder.com/images/87a11c1f-5fe4-46ba-b255-a6ecea238406/v1/detail.jpg	49.50622222	-2.50617500	\N	2c084efc-fc2f-4f8f-8c24-6f89a6081cbd	1200	900	e5484882-26c8-430d-9c84-7ce112269fe8	2026-01-14 22:07:28.315096+00	0	f	1200	900	approved	\N	2026-02-06 04:13:42.496144+00	[]	approved	\N	route-uploads	e5484882-26c8-430d-9c84-7ce112269fe8/1768428310527-IMG_3232.jpg	2c084efc-fc2f-4f8f-8c24-6f89a6081cbd	\N	\N	\N	\N	\N	t	f	r2	lb-prod-media-private	images/originals/87a11c1f-5fe4-46ba-b255-a6ecea238406/original.jpg	image/jpeg	282704	1200	900	1	{"card": {"avif": {"path": "images/87a11c1f-5fe4-46ba-b255-a6ecea238406/v1/card.avif", "bytes": 58534, "width": 640, "height": 480, "contentType": "image/avif"}, "jpeg": {"path": "images/87a11c1f-5fe4-46ba-b255-a6ecea238406/v1/card.jpg", "bytes": 74301, "width": 640, "height": 480, "contentType": "image/jpeg"}, "webp": {"path": "images/87a11c1f-5fe4-46ba-b255-a6ecea238406/v1/card.webp", "bytes": 69424, "width": 640, "height": 480, "contentType": "image/webp"}}, "full": {"avif": {"path": "images/87a11c1f-5fe4-46ba-b255-a6ecea238406/v1/full.avif", "bytes": 214112, "width": 1200, "height": 900, "contentType": "image/avif"}, "jpeg": {"path": "images/87a11c1f-5fe4-46ba-b255-a6ecea238406/v1/full.jpg", "bytes": 278359, "width": 1200, "height": 900, "contentType": "image/jpeg"}, "webp": {"path": "images/87a11c1f-5fe4-46ba-b255-a6ecea238406/v1/full.webp", "bytes": 276594, "width": 1200, "height": 900, "contentType": "image/webp"}}, "topo": {"avif": {"path": "images/87a11c1f-5fe4-46ba-b255-a6ecea238406/v1/topo.avif", "bytes": 214112, "width": 1200, "height": 900, "contentType": "image/avif"}, "jpeg": {"path": "images/87a11c1f-5fe4-46ba-b255-a6ecea238406/v1/topo.jpg", "bytes": 278359, "width": 1200, "height": 900, "contentType": "image/jpeg"}, "webp": {"path": "images/87a11c1f-5fe4-46ba-b255-a6ecea238406/v1/topo.webp", "bytes": 276594, "width": 1200, "height": 900, "contentType": "image/webp"}}, "thumb": {"avif": {"path": "images/87a11c1f-5fe4-46ba-b255-a6ecea238406/v1/thumb.avif", "bytes": 8591, "width": 240, "height": 180, "contentType": "image/avif"}, "jpeg": {"path": "images/87a11c1f-5fe4-46ba-b255-a6ecea238406/v1/thumb.jpg", "bytes": 11480, "width": 240, "height": 180, "contentType": "image/jpeg"}, "webp": {"path": "images/87a11c1f-5fe4-46ba-b255-a6ecea238406/v1/thumb.webp", "bytes": 9916, "width": 240, "height": 180, "contentType": "image/webp"}}, "detail": {"avif": {"path": "images/87a11c1f-5fe4-46ba-b255-a6ecea238406/v1/detail.avif", "bytes": 214112, "width": 1200, "height": 900, "contentType": "image/avif"}, "jpeg": {"path": "images/87a11c1f-5fe4-46ba-b255-a6ecea238406/v1/detail.jpg", "bytes": 278359, "width": 1200, "height": 900, "contentType": "image/jpeg"}, "webp": {"path": "images/87a11c1f-5fe4-46ba-b255-a6ecea238406/v1/detail.webp", "bytes": 276594, "width": 1200, "height": 900, "contentType": "image/webp"}}}	public	ready	293ec3744a8578648a1c35c0167ea84c0d5852174659e2632d64107d9edff184	2026-03-10 17:24:20.102+00	disabled	Access Denied
82695588-31a0-4651-9288-6d5b765ba26a	https://static.letsboulder.com/images/82695588-31a0-4651-9288-6d5b765ba26a/v1/detail.jpg	49.50570000	-2.50911944	\N	2c084efc-fc2f-4f8f-8c24-6f89a6081cbd	1200	900	e5484882-26c8-430d-9c84-7ce112269fe8	2026-01-14 22:10:29.61329+00	0	f	1200	900	approved	\N	2026-02-06 04:13:42.496144+00	[]	approved	\N	route-uploads	e5484882-26c8-430d-9c84-7ce112269fe8/1768428563286-IMG_3251.jpg	2c084efc-fc2f-4f8f-8c24-6f89a6081cbd	\N	\N	\N	\N	\N	t	f	r2	lb-prod-media-private	images/originals/82695588-31a0-4651-9288-6d5b765ba26a/original.jpg	image/jpeg	299904	1200	900	1	{"card": {"avif": {"path": "images/82695588-31a0-4651-9288-6d5b765ba26a/v1/card.avif", "bytes": 79129, "width": 640, "height": 480, "contentType": "image/avif"}, "jpeg": {"path": "images/82695588-31a0-4651-9288-6d5b765ba26a/v1/card.jpg", "bytes": 91809, "width": 640, "height": 480, "contentType": "image/jpeg"}, "webp": {"path": "images/82695588-31a0-4651-9288-6d5b765ba26a/v1/card.webp", "bytes": 93436, "width": 640, "height": 480, "contentType": "image/webp"}}, "full": {"avif": {"path": "images/82695588-31a0-4651-9288-6d5b765ba26a/v1/full.avif", "bytes": 258419, "width": 1200, "height": 900, "contentType": "image/avif"}, "jpeg": {"path": "images/82695588-31a0-4651-9288-6d5b765ba26a/v1/full.jpg", "bytes": 322549, "width": 1200, "height": 900, "contentType": "image/jpeg"}, "webp": {"path": "images/82695588-31a0-4651-9288-6d5b765ba26a/v1/full.webp", "bytes": 361266, "width": 1200, "height": 900, "contentType": "image/webp"}}, "topo": {"avif": {"path": "images/82695588-31a0-4651-9288-6d5b765ba26a/v1/topo.avif", "bytes": 258419, "width": 1200, "height": 900, "contentType": "image/avif"}, "jpeg": {"path": "images/82695588-31a0-4651-9288-6d5b765ba26a/v1/topo.jpg", "bytes": 322549, "width": 1200, "height": 900, "contentType": "image/jpeg"}, "webp": {"path": "images/82695588-31a0-4651-9288-6d5b765ba26a/v1/topo.webp", "bytes": 361266, "width": 1200, "height": 900, "contentType": "image/webp"}}, "thumb": {"avif": {"path": "images/82695588-31a0-4651-9288-6d5b765ba26a/v1/thumb.avif", "bytes": 10740, "width": 240, "height": 180, "contentType": "image/avif"}, "jpeg": {"path": "images/82695588-31a0-4651-9288-6d5b765ba26a/v1/thumb.jpg", "bytes": 13216, "width": 240, "height": 180, "contentType": "image/jpeg"}, "webp": {"path": "images/82695588-31a0-4651-9288-6d5b765ba26a/v1/thumb.webp", "bytes": 12566, "width": 240, "height": 180, "contentType": "image/webp"}}, "detail": {"avif": {"path": "images/82695588-31a0-4651-9288-6d5b765ba26a/v1/detail.avif", "bytes": 258419, "width": 1200, "height": 900, "contentType": "image/avif"}, "jpeg": {"path": "images/82695588-31a0-4651-9288-6d5b765ba26a/v1/detail.jpg", "bytes": 322549, "width": 1200, "height": 900, "contentType": "image/jpeg"}, "webp": {"path": "images/82695588-31a0-4651-9288-6d5b765ba26a/v1/detail.webp", "bytes": 361266, "width": 1200, "height": 900, "contentType": "image/webp"}}}	public	ready	973bae97ff4eeb4b1dc37178291513203c1033c6ecf28e88c2b9d3b2bc28572a	2026-03-10 17:24:32.818+00	disabled	Access Denied
e91aa8ab-ce5f-456d-8641-90ed87062e71	https://static.letsboulder.com/images/e91aa8ab-ce5f-456d-8641-90ed87062e71/v1/detail.jpg	49.50917778	-2.51924722	\N	8f1075f1-c6d4-484e-ab3e-ac1b3cd86697	1200	900	e5484882-26c8-430d-9c84-7ce112269fe8	2026-01-23 14:59:45.918511+00	0	f	1200	900	approved	\N	2026-02-06 04:13:42.496144+00	[]	approved	\N	route-uploads	e5484882-26c8-430d-9c84-7ce112269fe8/1769180323146-IMG_1838.jpg	8f1075f1-c6d4-484e-ab3e-ac1b3cd86697	\N	\N	\N	\N	\N	t	f	r2	lb-prod-media-private	images/originals/e91aa8ab-ce5f-456d-8641-90ed87062e71/original.jpg	image/jpeg	290032	1200	900	1	{"card": {"avif": {"path": "images/e91aa8ab-ce5f-456d-8641-90ed87062e71/v1/card.avif", "bytes": 55461, "width": 640, "height": 480, "contentType": "image/avif"}, "jpeg": {"path": "images/e91aa8ab-ce5f-456d-8641-90ed87062e71/v1/card.jpg", "bytes": 70960, "width": 640, "height": 480, "contentType": "image/jpeg"}, "webp": {"path": "images/e91aa8ab-ce5f-456d-8641-90ed87062e71/v1/card.webp", "bytes": 68150, "width": 640, "height": 480, "contentType": "image/webp"}}, "full": {"avif": {"path": "images/e91aa8ab-ce5f-456d-8641-90ed87062e71/v1/full.avif", "bytes": 224734, "width": 1200, "height": 900, "contentType": "image/avif"}, "jpeg": {"path": "images/e91aa8ab-ce5f-456d-8641-90ed87062e71/v1/full.jpg", "bytes": 286200, "width": 1200, "height": 900, "contentType": "image/jpeg"}, "webp": {"path": "images/e91aa8ab-ce5f-456d-8641-90ed87062e71/v1/full.webp", "bytes": 290238, "width": 1200, "height": 900, "contentType": "image/webp"}}, "topo": {"avif": {"path": "images/e91aa8ab-ce5f-456d-8641-90ed87062e71/v1/topo.avif", "bytes": 224734, "width": 1200, "height": 900, "contentType": "image/avif"}, "jpeg": {"path": "images/e91aa8ab-ce5f-456d-8641-90ed87062e71/v1/topo.jpg", "bytes": 286200, "width": 1200, "height": 900, "contentType": "image/jpeg"}, "webp": {"path": "images/e91aa8ab-ce5f-456d-8641-90ed87062e71/v1/topo.webp", "bytes": 290238, "width": 1200, "height": 900, "contentType": "image/webp"}}, "thumb": {"avif": {"path": "images/e91aa8ab-ce5f-456d-8641-90ed87062e71/v1/thumb.avif", "bytes": 6672, "width": 240, "height": 180, "contentType": "image/avif"}, "jpeg": {"path": "images/e91aa8ab-ce5f-456d-8641-90ed87062e71/v1/thumb.jpg", "bytes": 10279, "width": 240, "height": 180, "contentType": "image/jpeg"}, "webp": {"path": "images/e91aa8ab-ce5f-456d-8641-90ed87062e71/v1/thumb.webp", "bytes": 8774, "width": 240, "height": 180, "contentType": "image/webp"}}, "detail": {"avif": {"path": "images/e91aa8ab-ce5f-456d-8641-90ed87062e71/v1/detail.avif", "bytes": 224734, "width": 1200, "height": 900, "contentType": "image/avif"}, "jpeg": {"path": "images/e91aa8ab-ce5f-456d-8641-90ed87062e71/v1/detail.jpg", "bytes": 286200, "width": 1200, "height": 900, "contentType": "image/jpeg"}, "webp": {"path": "images/e91aa8ab-ce5f-456d-8641-90ed87062e71/v1/detail.webp", "bytes": 290238, "width": 1200, "height": 900, "contentType": "image/webp"}}}	public	ready	74c7f3a8a8ee443b89b92aaa4393943fc4bf98c9945d6629cc4eac52c052bfaa	2026-03-10 17:25:10.231+00	disabled	Access Denied
d8c8b9e9-6131-46d9-b42e-9ddfc1f8726c	https://static.letsboulder.com/images/d8c8b9e9-6131-46d9-b42e-9ddfc1f8726c/v1/detail.jpg	49.50616111	-2.51597778	\N	8f1075f1-c6d4-484e-ab3e-ac1b3cd86697	1200	900	e5484882-26c8-430d-9c84-7ce112269fe8	2026-01-23 15:09:50.003162+00	0	f	1200	900	approved	\N	2026-02-06 04:13:42.496144+00	[]	approved	\N	route-uploads	e5484882-26c8-430d-9c84-7ce112269fe8/1769180958491-IMG_3244.jpg	8f1075f1-c6d4-484e-ab3e-ac1b3cd86697	\N	\N	\N	\N	\N	t	f	r2	lb-prod-media-private	images/originals/d8c8b9e9-6131-46d9-b42e-9ddfc1f8726c/original.jpg	image/jpeg	283184	1200	900	1	{"card": {"avif": {"path": "images/d8c8b9e9-6131-46d9-b42e-9ddfc1f8726c/v1/card.avif", "bytes": 76709, "width": 640, "height": 480, "contentType": "image/avif"}, "jpeg": {"path": "images/d8c8b9e9-6131-46d9-b42e-9ddfc1f8726c/v1/card.jpg", "bytes": 89997, "width": 640, "height": 480, "contentType": "image/jpeg"}, "webp": {"path": "images/d8c8b9e9-6131-46d9-b42e-9ddfc1f8726c/v1/card.webp", "bytes": 89290, "width": 640, "height": 480, "contentType": "image/webp"}}, "full": {"avif": {"path": "images/d8c8b9e9-6131-46d9-b42e-9ddfc1f8726c/v1/full.avif", "bytes": 241889, "width": 1200, "height": 900, "contentType": "image/avif"}, "jpeg": {"path": "images/d8c8b9e9-6131-46d9-b42e-9ddfc1f8726c/v1/full.jpg", "bytes": 303961, "width": 1200, "height": 900, "contentType": "image/jpeg"}, "webp": {"path": "images/d8c8b9e9-6131-46d9-b42e-9ddfc1f8726c/v1/full.webp", "bytes": 325908, "width": 1200, "height": 900, "contentType": "image/webp"}}, "topo": {"avif": {"path": "images/d8c8b9e9-6131-46d9-b42e-9ddfc1f8726c/v1/topo.avif", "bytes": 241889, "width": 1200, "height": 900, "contentType": "image/avif"}, "jpeg": {"path": "images/d8c8b9e9-6131-46d9-b42e-9ddfc1f8726c/v1/topo.jpg", "bytes": 303961, "width": 1200, "height": 900, "contentType": "image/jpeg"}, "webp": {"path": "images/d8c8b9e9-6131-46d9-b42e-9ddfc1f8726c/v1/topo.webp", "bytes": 325908, "width": 1200, "height": 900, "contentType": "image/webp"}}, "thumb": {"avif": {"path": "images/d8c8b9e9-6131-46d9-b42e-9ddfc1f8726c/v1/thumb.avif", "bytes": 11656, "width": 240, "height": 180, "contentType": "image/avif"}, "jpeg": {"path": "images/d8c8b9e9-6131-46d9-b42e-9ddfc1f8726c/v1/thumb.jpg", "bytes": 13920, "width": 240, "height": 180, "contentType": "image/jpeg"}, "webp": {"path": "images/d8c8b9e9-6131-46d9-b42e-9ddfc1f8726c/v1/thumb.webp", "bytes": 13280, "width": 240, "height": 180, "contentType": "image/webp"}}, "detail": {"avif": {"path": "images/d8c8b9e9-6131-46d9-b42e-9ddfc1f8726c/v1/detail.avif", "bytes": 241889, "width": 1200, "height": 900, "contentType": "image/avif"}, "jpeg": {"path": "images/d8c8b9e9-6131-46d9-b42e-9ddfc1f8726c/v1/detail.jpg", "bytes": 303961, "width": 1200, "height": 900, "contentType": "image/jpeg"}, "webp": {"path": "images/d8c8b9e9-6131-46d9-b42e-9ddfc1f8726c/v1/detail.webp", "bytes": 325908, "width": 1200, "height": 900, "contentType": "image/webp"}}}	public	ready	e65562adeb81550c11e91a37e6b8c0ff96f690053658e818f75917c40bdc30b8	2026-03-10 17:26:08.016+00	disabled	Access Denied
505cd44d-9eaf-4e71-8bd9-36748c909aa9	https://static.letsboulder.com/images/505cd44d-9eaf-4e71-8bd9-36748c909aa9/v1/detail.jpg	49.50751389	-2.53261667	\N	74333291-a8ae-4e0b-8bf5-2cee78a8417a	1200	900	e5484882-26c8-430d-9c84-7ce112269fe8	2026-01-23 14:53:12.363193+00	0	f	1200	900	approved	\N	2026-02-06 04:13:42.496144+00	[]	approved	\N	route-uploads	e5484882-26c8-430d-9c84-7ce112269fe8/1769179888152-IMG_1704.jpg	74333291-a8ae-4e0b-8bf5-2cee78a8417a	\N	\N	\N	\N	\N	t	f	r2	lb-prod-media-private	images/originals/505cd44d-9eaf-4e71-8bd9-36748c909aa9/original.jpg	image/jpeg	252419	1200	900	1	{"card": {"avif": {"path": "images/505cd44d-9eaf-4e71-8bd9-36748c909aa9/v1/card.avif", "bytes": 30565, "width": 640, "height": 480, "contentType": "image/avif"}, "jpeg": {"path": "images/505cd44d-9eaf-4e71-8bd9-36748c909aa9/v1/card.jpg", "bytes": 51352, "width": 640, "height": 480, "contentType": "image/jpeg"}, "webp": {"path": "images/505cd44d-9eaf-4e71-8bd9-36748c909aa9/v1/card.webp", "bytes": 44292, "width": 640, "height": 480, "contentType": "image/webp"}}, "full": {"avif": {"path": "images/505cd44d-9eaf-4e71-8bd9-36748c909aa9/v1/full.avif", "bytes": 149326, "width": 1200, "height": 900, "contentType": "image/avif"}, "jpeg": {"path": "images/505cd44d-9eaf-4e71-8bd9-36748c909aa9/v1/full.jpg", "bytes": 212352, "width": 1200, "height": 900, "contentType": "image/jpeg"}, "webp": {"path": "images/505cd44d-9eaf-4e71-8bd9-36748c909aa9/v1/full.webp", "bytes": 192342, "width": 1200, "height": 900, "contentType": "image/webp"}}, "topo": {"avif": {"path": "images/505cd44d-9eaf-4e71-8bd9-36748c909aa9/v1/topo.avif", "bytes": 149326, "width": 1200, "height": 900, "contentType": "image/avif"}, "jpeg": {"path": "images/505cd44d-9eaf-4e71-8bd9-36748c909aa9/v1/topo.jpg", "bytes": 212352, "width": 1200, "height": 900, "contentType": "image/jpeg"}, "webp": {"path": "images/505cd44d-9eaf-4e71-8bd9-36748c909aa9/v1/topo.webp", "bytes": 192342, "width": 1200, "height": 900, "contentType": "image/webp"}}, "thumb": {"avif": {"path": "images/505cd44d-9eaf-4e71-8bd9-36748c909aa9/v1/thumb.avif", "bytes": 4837, "width": 240, "height": 180, "contentType": "image/avif"}, "jpeg": {"path": "images/505cd44d-9eaf-4e71-8bd9-36748c909aa9/v1/thumb.jpg", "bytes": 8518, "width": 240, "height": 180, "contentType": "image/jpeg"}, "webp": {"path": "images/505cd44d-9eaf-4e71-8bd9-36748c909aa9/v1/thumb.webp", "bytes": 6234, "width": 240, "height": 180, "contentType": "image/webp"}}, "detail": {"avif": {"path": "images/505cd44d-9eaf-4e71-8bd9-36748c909aa9/v1/detail.avif", "bytes": 149326, "width": 1200, "height": 900, "contentType": "image/avif"}, "jpeg": {"path": "images/505cd44d-9eaf-4e71-8bd9-36748c909aa9/v1/detail.jpg", "bytes": 212352, "width": 1200, "height": 900, "contentType": "image/jpeg"}, "webp": {"path": "images/505cd44d-9eaf-4e71-8bd9-36748c909aa9/v1/detail.webp", "bytes": 192342, "width": 1200, "height": 900, "contentType": "image/webp"}}}	public	ready	88083e80663e92293f1081367c7fbc1a5eb6fcbefaa0406dfa89a789fa846caa	2026-03-10 17:24:44.291+00	disabled	Access Denied
2b49da6c-9c8b-4109-a868-ac9841409667	https://static.letsboulder.com/images/2b49da6c-9c8b-4109-a868-ac9841409667/v1/detail.jpg	49.50833056	-2.53681944	\N	367ba90f-37a5-4ea6-9cd8-80ba229f9746	1200	900	e5484882-26c8-430d-9c84-7ce112269fe8	2026-01-23 14:56:48.045018+00	0	f	1200	900	approved	\N	2026-02-06 04:13:42.496144+00	[]	approved	\N	route-uploads	e5484882-26c8-430d-9c84-7ce112269fe8/1769180070746-IMG_1737.jpg	367ba90f-37a5-4ea6-9cd8-80ba229f9746	\N	\N	\N	\N	\N	t	f	r2	lb-prod-media-private	images/originals/2b49da6c-9c8b-4109-a868-ac9841409667/original.jpg	image/jpeg	310500	1200	900	1	{"card": {"avif": {"path": "images/2b49da6c-9c8b-4109-a868-ac9841409667/v1/card.avif", "bytes": 78944, "width": 640, "height": 480, "contentType": "image/avif"}, "jpeg": {"path": "images/2b49da6c-9c8b-4109-a868-ac9841409667/v1/card.jpg", "bytes": 90227, "width": 640, "height": 480, "contentType": "image/jpeg"}, "webp": {"path": "images/2b49da6c-9c8b-4109-a868-ac9841409667/v1/card.webp", "bytes": 92950, "width": 640, "height": 480, "contentType": "image/webp"}}, "full": {"avif": {"path": "images/2b49da6c-9c8b-4109-a868-ac9841409667/v1/full.avif", "bytes": 268516, "width": 1200, "height": 900, "contentType": "image/avif"}, "jpeg": {"path": "images/2b49da6c-9c8b-4109-a868-ac9841409667/v1/full.jpg", "bytes": 331939, "width": 1200, "height": 900, "contentType": "image/jpeg"}, "webp": {"path": "images/2b49da6c-9c8b-4109-a868-ac9841409667/v1/full.webp", "bytes": 380140, "width": 1200, "height": 900, "contentType": "image/webp"}}, "topo": {"avif": {"path": "images/2b49da6c-9c8b-4109-a868-ac9841409667/v1/topo.avif", "bytes": 268516, "width": 1200, "height": 900, "contentType": "image/avif"}, "jpeg": {"path": "images/2b49da6c-9c8b-4109-a868-ac9841409667/v1/topo.jpg", "bytes": 331939, "width": 1200, "height": 900, "contentType": "image/jpeg"}, "webp": {"path": "images/2b49da6c-9c8b-4109-a868-ac9841409667/v1/topo.webp", "bytes": 380140, "width": 1200, "height": 900, "contentType": "image/webp"}}, "thumb": {"avif": {"path": "images/2b49da6c-9c8b-4109-a868-ac9841409667/v1/thumb.avif", "bytes": 9413, "width": 240, "height": 180, "contentType": "image/avif"}, "jpeg": {"path": "images/2b49da6c-9c8b-4109-a868-ac9841409667/v1/thumb.jpg", "bytes": 12182, "width": 240, "height": 180, "contentType": "image/jpeg"}, "webp": {"path": "images/2b49da6c-9c8b-4109-a868-ac9841409667/v1/thumb.webp", "bytes": 11348, "width": 240, "height": 180, "contentType": "image/webp"}}, "detail": {"avif": {"path": "images/2b49da6c-9c8b-4109-a868-ac9841409667/v1/detail.avif", "bytes": 268516, "width": 1200, "height": 900, "contentType": "image/avif"}, "jpeg": {"path": "images/2b49da6c-9c8b-4109-a868-ac9841409667/v1/detail.jpg", "bytes": 331939, "width": 1200, "height": 900, "contentType": "image/jpeg"}, "webp": {"path": "images/2b49da6c-9c8b-4109-a868-ac9841409667/v1/detail.webp", "bytes": 380140, "width": 1200, "height": 900, "contentType": "image/webp"}}}	public	ready	a13159feb80bdbaa517069a87cc9f5203201cdb718d02294a9f7acd365fc9384	2026-03-10 17:24:57.149+00	disabled	Access Denied
f904eaef-706e-402d-a1c6-d0bd4e2e2f9a	https://static.letsboulder.com/images/f904eaef-706e-402d-a1c6-d0bd4e2e2f9a/v1/detail.jpg	49.50805556	-2.51929167	\N	8f1075f1-c6d4-484e-ab3e-ac1b3cd86697	1200	900	e5484882-26c8-430d-9c84-7ce112269fe8	2026-01-23 15:04:31.552884+00	0	f	1200	900	approved	\N	2026-02-06 04:13:42.496144+00	[]	approved	\N	route-uploads	e5484882-26c8-430d-9c84-7ce112269fe8/1769180590352-IMG_3075.jpg	8f1075f1-c6d4-484e-ab3e-ac1b3cd86697	\N	\N	\N	\N	\N	t	f	r2	lb-prod-media-private	images/originals/f904eaef-706e-402d-a1c6-d0bd4e2e2f9a/original.jpg	image/jpeg	272785	1200	900	1	{"card": {"avif": {"path": "images/f904eaef-706e-402d-a1c6-d0bd4e2e2f9a/v1/card.avif", "bytes": 57477, "width": 640, "height": 480, "contentType": "image/avif"}, "jpeg": {"path": "images/f904eaef-706e-402d-a1c6-d0bd4e2e2f9a/v1/card.jpg", "bytes": 73623, "width": 640, "height": 480, "contentType": "image/jpeg"}, "webp": {"path": "images/f904eaef-706e-402d-a1c6-d0bd4e2e2f9a/v1/card.webp", "bytes": 66656, "width": 640, "height": 480, "contentType": "image/webp"}}, "full": {"avif": {"path": "images/f904eaef-706e-402d-a1c6-d0bd4e2e2f9a/v1/full.avif", "bytes": 210252, "width": 1200, "height": 900, "contentType": "image/avif"}, "jpeg": {"path": "images/f904eaef-706e-402d-a1c6-d0bd4e2e2f9a/v1/full.jpg", "bytes": 268069, "width": 1200, "height": 900, "contentType": "image/jpeg"}, "webp": {"path": "images/f904eaef-706e-402d-a1c6-d0bd4e2e2f9a/v1/full.webp", "bytes": 259202, "width": 1200, "height": 900, "contentType": "image/webp"}}, "topo": {"avif": {"path": "images/f904eaef-706e-402d-a1c6-d0bd4e2e2f9a/v1/topo.avif", "bytes": 210252, "width": 1200, "height": 900, "contentType": "image/avif"}, "jpeg": {"path": "images/f904eaef-706e-402d-a1c6-d0bd4e2e2f9a/v1/topo.jpg", "bytes": 268069, "width": 1200, "height": 900, "contentType": "image/jpeg"}, "webp": {"path": "images/f904eaef-706e-402d-a1c6-d0bd4e2e2f9a/v1/topo.webp", "bytes": 259202, "width": 1200, "height": 900, "contentType": "image/webp"}}, "thumb": {"avif": {"path": "images/f904eaef-706e-402d-a1c6-d0bd4e2e2f9a/v1/thumb.avif", "bytes": 9038, "width": 240, "height": 180, "contentType": "image/avif"}, "jpeg": {"path": "images/f904eaef-706e-402d-a1c6-d0bd4e2e2f9a/v1/thumb.jpg", "bytes": 11928, "width": 240, "height": 180, "contentType": "image/jpeg"}, "webp": {"path": "images/f904eaef-706e-402d-a1c6-d0bd4e2e2f9a/v1/thumb.webp", "bytes": 10026, "width": 240, "height": 180, "contentType": "image/webp"}}, "detail": {"avif": {"path": "images/f904eaef-706e-402d-a1c6-d0bd4e2e2f9a/v1/detail.avif", "bytes": 210252, "width": 1200, "height": 900, "contentType": "image/avif"}, "jpeg": {"path": "images/f904eaef-706e-402d-a1c6-d0bd4e2e2f9a/v1/detail.jpg", "bytes": 268069, "width": 1200, "height": 900, "contentType": "image/jpeg"}, "webp": {"path": "images/f904eaef-706e-402d-a1c6-d0bd4e2e2f9a/v1/detail.webp", "bytes": 259202, "width": 1200, "height": 900, "contentType": "image/webp"}}}	public	ready	a221119cdd8124e5b0716481b32544a3ea755fac9f90634b7276926e12b9970a	2026-03-10 17:25:26.006+00	disabled	Access Denied
02ea9c84-4587-4e26-a05b-5f54cfce8dd5	https://static.letsboulder.com/images/02ea9c84-4587-4e26-a05b-5f54cfce8dd5/v1/detail.jpg	49.50853056	-2.51878611	\N	8f1075f1-c6d4-484e-ab3e-ac1b3cd86697	1200	900	e5484882-26c8-430d-9c84-7ce112269fe8	2026-01-23 15:08:51.534708+00	0	f	1200	900	approved	\N	2026-02-06 04:13:42.496144+00	[]	approved	\N	route-uploads	e5484882-26c8-430d-9c84-7ce112269fe8/1769180872479-IMG_3141.jpg	8f1075f1-c6d4-484e-ab3e-ac1b3cd86697	\N	\N	\N	\N	\N	t	f	r2	lb-prod-media-private	images/originals/02ea9c84-4587-4e26-a05b-5f54cfce8dd5/original.jpg	image/jpeg	295325	1200	900	1	{"card": {"avif": {"path": "images/02ea9c84-4587-4e26-a05b-5f54cfce8dd5/v1/card.avif", "bytes": 61402, "width": 640, "height": 480, "contentType": "image/avif"}, "jpeg": {"path": "images/02ea9c84-4587-4e26-a05b-5f54cfce8dd5/v1/card.jpg", "bytes": 77844, "width": 640, "height": 480, "contentType": "image/jpeg"}, "webp": {"path": "images/02ea9c84-4587-4e26-a05b-5f54cfce8dd5/v1/card.webp", "bytes": 73026, "width": 640, "height": 480, "contentType": "image/webp"}}, "full": {"avif": {"path": "images/02ea9c84-4587-4e26-a05b-5f54cfce8dd5/v1/full.avif", "bytes": 229647, "width": 1200, "height": 900, "contentType": "image/avif"}, "jpeg": {"path": "images/02ea9c84-4587-4e26-a05b-5f54cfce8dd5/v1/full.jpg", "bytes": 290554, "width": 1200, "height": 900, "contentType": "image/jpeg"}, "webp": {"path": "images/02ea9c84-4587-4e26-a05b-5f54cfce8dd5/v1/full.webp", "bytes": 291306, "width": 1200, "height": 900, "contentType": "image/webp"}}, "topo": {"avif": {"path": "images/02ea9c84-4587-4e26-a05b-5f54cfce8dd5/v1/topo.avif", "bytes": 229647, "width": 1200, "height": 900, "contentType": "image/avif"}, "jpeg": {"path": "images/02ea9c84-4587-4e26-a05b-5f54cfce8dd5/v1/topo.jpg", "bytes": 290554, "width": 1200, "height": 900, "contentType": "image/jpeg"}, "webp": {"path": "images/02ea9c84-4587-4e26-a05b-5f54cfce8dd5/v1/topo.webp", "bytes": 291306, "width": 1200, "height": 900, "contentType": "image/webp"}}, "thumb": {"avif": {"path": "images/02ea9c84-4587-4e26-a05b-5f54cfce8dd5/v1/thumb.avif", "bytes": 9379, "width": 240, "height": 180, "contentType": "image/avif"}, "jpeg": {"path": "images/02ea9c84-4587-4e26-a05b-5f54cfce8dd5/v1/thumb.jpg", "bytes": 12189, "width": 240, "height": 180, "contentType": "image/jpeg"}, "webp": {"path": "images/02ea9c84-4587-4e26-a05b-5f54cfce8dd5/v1/thumb.webp", "bytes": 10776, "width": 240, "height": 180, "contentType": "image/webp"}}, "detail": {"avif": {"path": "images/02ea9c84-4587-4e26-a05b-5f54cfce8dd5/v1/detail.avif", "bytes": 229647, "width": 1200, "height": 900, "contentType": "image/avif"}, "jpeg": {"path": "images/02ea9c84-4587-4e26-a05b-5f54cfce8dd5/v1/detail.jpg", "bytes": 290554, "width": 1200, "height": 900, "contentType": "image/jpeg"}, "webp": {"path": "images/02ea9c84-4587-4e26-a05b-5f54cfce8dd5/v1/detail.webp", "bytes": 291306, "width": 1200, "height": 900, "contentType": "image/webp"}}}	public	ready	da96d31d77838b7766f349258ee81fc201ef15191f0b94f1264aa161b1badde5	2026-03-10 17:25:54.626+00	disabled	Access Denied
58caf498-ad3c-4bfa-b429-9afbe6296d53	https://static.letsboulder.com/images/58caf498-ad3c-4bfa-b429-9afbe6296d53/v1/detail.jpg	49.50823333	-2.53798333	\N	367ba90f-37a5-4ea6-9cd8-80ba229f9746	1200	900	e5484882-26c8-430d-9c84-7ce112269fe8	2026-01-23 15:18:13.338902+00	0	f	1200	900	approved	\N	2026-02-06 04:13:42.496144+00	[]	approved	\N	route-uploads	e5484882-26c8-430d-9c84-7ce112269fe8/1769181434650-IMG_1163.jpg	367ba90f-37a5-4ea6-9cd8-80ba229f9746	\N	\N	\N	\N	\N	t	f	r2	lb-prod-media-private	images/originals/58caf498-ad3c-4bfa-b429-9afbe6296d53/original.jpg	image/jpeg	313339	1200	900	1	{"card": {"avif": {"path": "images/58caf498-ad3c-4bfa-b429-9afbe6296d53/v1/card.avif", "bytes": 49788, "width": 640, "height": 480, "contentType": "image/avif"}, "jpeg": {"path": "images/58caf498-ad3c-4bfa-b429-9afbe6296d53/v1/card.jpg", "bytes": 67259, "width": 640, "height": 480, "contentType": "image/jpeg"}, "webp": {"path": "images/58caf498-ad3c-4bfa-b429-9afbe6296d53/v1/card.webp", "bytes": 62414, "width": 640, "height": 480, "contentType": "image/webp"}}, "full": {"avif": {"path": "images/58caf498-ad3c-4bfa-b429-9afbe6296d53/v1/full.avif", "bytes": 200459, "width": 1200, "height": 900, "contentType": "image/avif"}, "jpeg": {"path": "images/58caf498-ad3c-4bfa-b429-9afbe6296d53/v1/full.jpg", "bytes": 263329, "width": 1200, "height": 900, "contentType": "image/jpeg"}, "webp": {"path": "images/58caf498-ad3c-4bfa-b429-9afbe6296d53/v1/full.webp", "bytes": 247376, "width": 1200, "height": 900, "contentType": "image/webp"}}, "topo": {"avif": {"path": "images/58caf498-ad3c-4bfa-b429-9afbe6296d53/v1/topo.avif", "bytes": 200459, "width": 1200, "height": 900, "contentType": "image/avif"}, "jpeg": {"path": "images/58caf498-ad3c-4bfa-b429-9afbe6296d53/v1/topo.jpg", "bytes": 263329, "width": 1200, "height": 900, "contentType": "image/jpeg"}, "webp": {"path": "images/58caf498-ad3c-4bfa-b429-9afbe6296d53/v1/topo.webp", "bytes": 247376, "width": 1200, "height": 900, "contentType": "image/webp"}}, "thumb": {"avif": {"path": "images/58caf498-ad3c-4bfa-b429-9afbe6296d53/v1/thumb.avif", "bytes": 7126, "width": 240, "height": 180, "contentType": "image/avif"}, "jpeg": {"path": "images/58caf498-ad3c-4bfa-b429-9afbe6296d53/v1/thumb.jpg", "bytes": 10507, "width": 240, "height": 180, "contentType": "image/jpeg"}, "webp": {"path": "images/58caf498-ad3c-4bfa-b429-9afbe6296d53/v1/thumb.webp", "bytes": 8976, "width": 240, "height": 180, "contentType": "image/webp"}}, "detail": {"avif": {"path": "images/58caf498-ad3c-4bfa-b429-9afbe6296d53/v1/detail.avif", "bytes": 200459, "width": 1200, "height": 900, "contentType": "image/avif"}, "jpeg": {"path": "images/58caf498-ad3c-4bfa-b429-9afbe6296d53/v1/detail.jpg", "bytes": 263329, "width": 1200, "height": 900, "contentType": "image/jpeg"}, "webp": {"path": "images/58caf498-ad3c-4bfa-b429-9afbe6296d53/v1/detail.webp", "bytes": 247376, "width": 1200, "height": 900, "contentType": "image/webp"}}}	public	ready	3f49efe18e137c79494c4a262be5c03c496589ab3cf81c786171a5852e06fc44	2026-03-10 17:26:20.583+00	disabled	Access Denied
f25bbc14-3af0-42d5-888e-939767b57a89	https://static.letsboulder.com/images/f25bbc14-3af0-42d5-888e-939767b57a89/v1/detail.jpg	51.10256230	0.18570490	\N	96c9ab2d-1bc3-4af1-b1e7-6757eb8f43f2	1200	1600	c866ca90-e0a9-4e6c-9a5d-8494f064a78a	2026-03-09 22:10:26.2567+00	0	f	1200	1600	approved	\N	2026-03-09 22:42:21.788679+00	[]	approved	N	route-uploads	c866ca90-e0a9-4e6c-9a5d-8494f064a78a/1773088125862-b20f2f37-4fa8-4d6d-9d42-a3202e101e60.jpg	\N	{N,NE,E,SE,S,SW,W,NW}	\N	\N	\N	\N	t	t	r2	lb-prod-media-private	images/originals/f25bbc14-3af0-42d5-888e-939767b57a89/original.jpg	image/jpeg	611534	1200	1600	1	{"card": {"avif": {"path": "images/f25bbc14-3af0-42d5-888e-939767b57a89/v1/card.avif", "bytes": 145118, "width": 640, "height": 853, "contentType": "image/avif"}, "jpeg": {"path": "images/f25bbc14-3af0-42d5-888e-939767b57a89/v1/card.jpg", "bytes": 167462, "width": 640, "height": 853, "contentType": "image/jpeg"}, "webp": {"path": "images/f25bbc14-3af0-42d5-888e-939767b57a89/v1/card.webp", "bytes": 159886, "width": 640, "height": 853, "contentType": "image/webp"}}, "full": {"avif": {"path": "images/f25bbc14-3af0-42d5-888e-939767b57a89/v1/full.avif", "bytes": 450387, "width": 1200, "height": 1600, "contentType": "image/avif"}, "jpeg": {"path": "images/f25bbc14-3af0-42d5-888e-939767b57a89/v1/full.jpg", "bytes": 575360, "width": 1200, "height": 1600, "contentType": "image/jpeg"}, "webp": {"path": "images/f25bbc14-3af0-42d5-888e-939767b57a89/v1/full.webp", "bytes": 565126, "width": 1200, "height": 1600, "contentType": "image/webp"}}, "topo": {"avif": {"path": "images/f25bbc14-3af0-42d5-888e-939767b57a89/v1/topo.avif", "bytes": 450387, "width": 1200, "height": 1600, "contentType": "image/avif"}, "jpeg": {"path": "images/f25bbc14-3af0-42d5-888e-939767b57a89/v1/topo.jpg", "bytes": 575360, "width": 1200, "height": 1600, "contentType": "image/jpeg"}, "webp": {"path": "images/f25bbc14-3af0-42d5-888e-939767b57a89/v1/topo.webp", "bytes": 565126, "width": 1200, "height": 1600, "contentType": "image/webp"}}, "thumb": {"avif": {"path": "images/f25bbc14-3af0-42d5-888e-939767b57a89/v1/thumb.avif", "bytes": 20719, "width": 240, "height": 320, "contentType": "image/avif"}, "jpeg": {"path": "images/f25bbc14-3af0-42d5-888e-939767b57a89/v1/thumb.jpg", "bytes": 23886, "width": 240, "height": 320, "contentType": "image/jpeg"}, "webp": {"path": "images/f25bbc14-3af0-42d5-888e-939767b57a89/v1/thumb.webp", "bytes": 22412, "width": 240, "height": 320, "contentType": "image/webp"}}, "detail": {"avif": {"path": "images/f25bbc14-3af0-42d5-888e-939767b57a89/v1/detail.avif", "bytes": 450387, "width": 1200, "height": 1600, "contentType": "image/avif"}, "jpeg": {"path": "images/f25bbc14-3af0-42d5-888e-939767b57a89/v1/detail.jpg", "bytes": 575360, "width": 1200, "height": 1600, "contentType": "image/jpeg"}, "webp": {"path": "images/f25bbc14-3af0-42d5-888e-939767b57a89/v1/detail.webp", "bytes": 565126, "width": 1200, "height": 1600, "contentType": "image/webp"}}}	public	ready	431c51a2b0999bc756c2b136420f5d5e0247f530bef87f477008b33915172459	2026-03-10 17:29:13.104+00	disabled	Access Denied
115a6e71-af21-473c-bd99-d974bbe504ea	https://static.letsboulder.com/images/115a6e71-af21-473c-bd99-d974bbe504ea/v1/detail.jpg	49.50932778	-2.51866389	\N	8f1075f1-c6d4-484e-ab3e-ac1b3cd86697	1200	900	e5484882-26c8-430d-9c84-7ce112269fe8	2026-01-23 15:06:53.018574+00	0	f	1200	900	approved	\N	2026-02-06 04:13:42.496144+00	[]	approved	\N	route-uploads	e5484882-26c8-430d-9c84-7ce112269fe8/1769180731963-IMG_3085.jpg	8f1075f1-c6d4-484e-ab3e-ac1b3cd86697	\N	\N	\N	\N	\N	t	f	r2	lb-prod-media-private	images/originals/115a6e71-af21-473c-bd99-d974bbe504ea/original.jpg	image/jpeg	306011	1200	900	1	{"card": {"avif": {"path": "images/115a6e71-af21-473c-bd99-d974bbe504ea/v1/card.avif", "bytes": 50069, "width": 640, "height": 480, "contentType": "image/avif"}, "jpeg": {"path": "images/115a6e71-af21-473c-bd99-d974bbe504ea/v1/card.jpg", "bytes": 65298, "width": 640, "height": 480, "contentType": "image/jpeg"}, "webp": {"path": "images/115a6e71-af21-473c-bd99-d974bbe504ea/v1/card.webp", "bytes": 57100, "width": 640, "height": 480, "contentType": "image/webp"}}, "full": {"avif": {"path": "images/115a6e71-af21-473c-bd99-d974bbe504ea/v1/full.avif", "bytes": 207917, "width": 1200, "height": 900, "contentType": "image/avif"}, "jpeg": {"path": "images/115a6e71-af21-473c-bd99-d974bbe504ea/v1/full.jpg", "bytes": 252371, "width": 1200, "height": 900, "contentType": "image/jpeg"}, "webp": {"path": "images/115a6e71-af21-473c-bd99-d974bbe504ea/v1/full.webp", "bytes": 230792, "width": 1200, "height": 900, "contentType": "image/webp"}}, "topo": {"avif": {"path": "images/115a6e71-af21-473c-bd99-d974bbe504ea/v1/topo.avif", "bytes": 207917, "width": 1200, "height": 900, "contentType": "image/avif"}, "jpeg": {"path": "images/115a6e71-af21-473c-bd99-d974bbe504ea/v1/topo.jpg", "bytes": 252371, "width": 1200, "height": 900, "contentType": "image/jpeg"}, "webp": {"path": "images/115a6e71-af21-473c-bd99-d974bbe504ea/v1/topo.webp", "bytes": 230792, "width": 1200, "height": 900, "contentType": "image/webp"}}, "thumb": {"avif": {"path": "images/115a6e71-af21-473c-bd99-d974bbe504ea/v1/thumb.avif", "bytes": 7815, "width": 240, "height": 180, "contentType": "image/avif"}, "jpeg": {"path": "images/115a6e71-af21-473c-bd99-d974bbe504ea/v1/thumb.jpg", "bytes": 10755, "width": 240, "height": 180, "contentType": "image/jpeg"}, "webp": {"path": "images/115a6e71-af21-473c-bd99-d974bbe504ea/v1/thumb.webp", "bytes": 8792, "width": 240, "height": 180, "contentType": "image/webp"}}, "detail": {"avif": {"path": "images/115a6e71-af21-473c-bd99-d974bbe504ea/v1/detail.avif", "bytes": 207917, "width": 1200, "height": 900, "contentType": "image/avif"}, "jpeg": {"path": "images/115a6e71-af21-473c-bd99-d974bbe504ea/v1/detail.jpg", "bytes": 252371, "width": 1200, "height": 900, "contentType": "image/jpeg"}, "webp": {"path": "images/115a6e71-af21-473c-bd99-d974bbe504ea/v1/detail.webp", "bytes": 230792, "width": 1200, "height": 900, "contentType": "image/webp"}}}	public	ready	4e183f00c2bba0bb24c0318856a9543e372eff403c6d820e746455533d1b5ed5	2026-03-10 17:25:41.623+00	disabled	Access Denied
dc032273-2624-4cf0-9314-b0f5af4cda9a	https://static.letsboulder.com/images/dc032273-2624-4cf0-9314-b0f5af4cda9a/v1/detail.jpg	51.10256230	0.18570490	\N	96c9ab2d-1bc3-4af1-b1e7-6757eb8f43f2	1200	1600	c866ca90-e0a9-4e6c-9a5d-8494f064a78a	2026-03-09 22:10:26.2567+00	0	f	1200	1600	approved	\N	2026-03-09 22:42:21.788679+00	[]	approved	\N	route-uploads	c866ca90-e0a9-4e6c-9a5d-8494f064a78a/1773088130146-ffc52ebd-c082-41e6-9008-2828f0c73dc6.jpg	\N	{}	\N	\N	\N	f25bbc14-3af0-42d5-888e-939767b57a89	f	t	r2	lb-prod-media-private	images/originals/dc032273-2624-4cf0-9314-b0f5af4cda9a/original.jpg	image/jpeg	584596	1200	1600	1	{"card": {"avif": {"path": "images/dc032273-2624-4cf0-9314-b0f5af4cda9a/v1/card.avif", "bytes": 128492, "width": 640, "height": 853, "contentType": "image/avif"}, "jpeg": {"path": "images/dc032273-2624-4cf0-9314-b0f5af4cda9a/v1/card.jpg", "bytes": 152981, "width": 640, "height": 853, "contentType": "image/jpeg"}, "webp": {"path": "images/dc032273-2624-4cf0-9314-b0f5af4cda9a/v1/card.webp", "bytes": 142648, "width": 640, "height": 853, "contentType": "image/webp"}}, "full": {"avif": {"path": "images/dc032273-2624-4cf0-9314-b0f5af4cda9a/v1/full.avif", "bytes": 433956, "width": 1200, "height": 1600, "contentType": "image/avif"}, "jpeg": {"path": "images/dc032273-2624-4cf0-9314-b0f5af4cda9a/v1/full.jpg", "bytes": 550814, "width": 1200, "height": 1600, "contentType": "image/jpeg"}, "webp": {"path": "images/dc032273-2624-4cf0-9314-b0f5af4cda9a/v1/full.webp", "bytes": 531646, "width": 1200, "height": 1600, "contentType": "image/webp"}}, "topo": {"avif": {"path": "images/dc032273-2624-4cf0-9314-b0f5af4cda9a/v1/topo.avif", "bytes": 433956, "width": 1200, "height": 1600, "contentType": "image/avif"}, "jpeg": {"path": "images/dc032273-2624-4cf0-9314-b0f5af4cda9a/v1/topo.jpg", "bytes": 550814, "width": 1200, "height": 1600, "contentType": "image/jpeg"}, "webp": {"path": "images/dc032273-2624-4cf0-9314-b0f5af4cda9a/v1/topo.webp", "bytes": 531646, "width": 1200, "height": 1600, "contentType": "image/webp"}}, "thumb": {"avif": {"path": "images/dc032273-2624-4cf0-9314-b0f5af4cda9a/v1/thumb.avif", "bytes": 17733, "width": 240, "height": 320, "contentType": "image/avif"}, "jpeg": {"path": "images/dc032273-2624-4cf0-9314-b0f5af4cda9a/v1/thumb.jpg", "bytes": 21607, "width": 240, "height": 320, "contentType": "image/jpeg"}, "webp": {"path": "images/dc032273-2624-4cf0-9314-b0f5af4cda9a/v1/thumb.webp", "bytes": 19344, "width": 240, "height": 320, "contentType": "image/webp"}}, "detail": {"avif": {"path": "images/dc032273-2624-4cf0-9314-b0f5af4cda9a/v1/detail.avif", "bytes": 433956, "width": 1200, "height": 1600, "contentType": "image/avif"}, "jpeg": {"path": "images/dc032273-2624-4cf0-9314-b0f5af4cda9a/v1/detail.jpg", "bytes": 550814, "width": 1200, "height": 1600, "contentType": "image/jpeg"}, "webp": {"path": "images/dc032273-2624-4cf0-9314-b0f5af4cda9a/v1/detail.webp", "bytes": 531646, "width": 1200, "height": 1600, "contentType": "image/webp"}}}	public	ready	dcad34677538cf34cf730ddb6f81b042d326c8a431987a047e479dfae8a7c2c2	2026-03-10 17:30:22.341+00	disabled	Access Denied
549b1452-4ca4-4e5d-8334-ee639d37bf92	https://static.letsboulder.com/images/549b1452-4ca4-4e5d-8334-ee639d37bf92/v1/detail.jpg	49.50835833	-2.53218889	\N	74333291-a8ae-4e0b-8bf5-2cee78a8417a	1200	900	e5484882-26c8-430d-9c84-7ce112269fe8	2026-01-23 15:29:31.314425+00	0	f	\N	\N	approved	\N	2026-02-06 04:13:42.496144+00	[]	approved	\N	route-uploads	e5484882-26c8-430d-9c84-7ce112269fe8/1769182139056-IMG_3097.jpg	74333291-a8ae-4e0b-8bf5-2cee78a8417a	\N	\N	\N	\N	\N	t	f	r2	lb-prod-media-private	images/originals/549b1452-4ca4-4e5d-8334-ee639d37bf92/original.jpg	image/jpeg	312748	1200	900	1	{"card": {"avif": {"path": "images/549b1452-4ca4-4e5d-8334-ee639d37bf92/v1/card.avif", "bytes": 48352, "width": 640, "height": 480, "contentType": "image/avif"}, "jpeg": {"path": "images/549b1452-4ca4-4e5d-8334-ee639d37bf92/v1/card.jpg", "bytes": 66237, "width": 640, "height": 480, "contentType": "image/jpeg"}, "webp": {"path": "images/549b1452-4ca4-4e5d-8334-ee639d37bf92/v1/card.webp", "bytes": 58554, "width": 640, "height": 480, "contentType": "image/webp"}}, "full": {"avif": {"path": "images/549b1452-4ca4-4e5d-8334-ee639d37bf92/v1/full.avif", "bytes": 207678, "width": 1200, "height": 900, "contentType": "image/avif"}, "jpeg": {"path": "images/549b1452-4ca4-4e5d-8334-ee639d37bf92/v1/full.jpg", "bytes": 259871, "width": 1200, "height": 900, "contentType": "image/jpeg"}, "webp": {"path": "images/549b1452-4ca4-4e5d-8334-ee639d37bf92/v1/full.webp", "bytes": 240868, "width": 1200, "height": 900, "contentType": "image/webp"}}, "topo": {"avif": {"path": "images/549b1452-4ca4-4e5d-8334-ee639d37bf92/v1/topo.avif", "bytes": 207678, "width": 1200, "height": 900, "contentType": "image/avif"}, "jpeg": {"path": "images/549b1452-4ca4-4e5d-8334-ee639d37bf92/v1/topo.jpg", "bytes": 259871, "width": 1200, "height": 900, "contentType": "image/jpeg"}, "webp": {"path": "images/549b1452-4ca4-4e5d-8334-ee639d37bf92/v1/topo.webp", "bytes": 240868, "width": 1200, "height": 900, "contentType": "image/webp"}}, "thumb": {"avif": {"path": "images/549b1452-4ca4-4e5d-8334-ee639d37bf92/v1/thumb.avif", "bytes": 7171, "width": 240, "height": 180, "contentType": "image/avif"}, "jpeg": {"path": "images/549b1452-4ca4-4e5d-8334-ee639d37bf92/v1/thumb.jpg", "bytes": 10587, "width": 240, "height": 180, "contentType": "image/jpeg"}, "webp": {"path": "images/549b1452-4ca4-4e5d-8334-ee639d37bf92/v1/thumb.webp", "bytes": 8564, "width": 240, "height": 180, "contentType": "image/webp"}}, "detail": {"avif": {"path": "images/549b1452-4ca4-4e5d-8334-ee639d37bf92/v1/detail.avif", "bytes": 207678, "width": 1200, "height": 900, "contentType": "image/avif"}, "jpeg": {"path": "images/549b1452-4ca4-4e5d-8334-ee639d37bf92/v1/detail.jpg", "bytes": 259871, "width": 1200, "height": 900, "contentType": "image/jpeg"}, "webp": {"path": "images/549b1452-4ca4-4e5d-8334-ee639d37bf92/v1/detail.webp", "bytes": 240868, "width": 1200, "height": 900, "contentType": "image/webp"}}}	public	ready	b10863cb42564cc72f7283fd2f527c77700e83d1d0d7a9f090d2c75db7e15b29	2026-03-10 17:27:09.533+00	disabled	Access Denied
39b9871d-071c-4520-b305-8ae57500be05	https://static.letsboulder.com/images/39b9871d-071c-4520-b305-8ae57500be05/v1/detail.jpg	49.41913333	-2.59096389	\N	f6e29130-2275-4122-8730-bb8916fcb825	1200	900	e5484882-26c8-430d-9c84-7ce112269fe8	2026-01-23 15:35:16.676874+00	0	f	\N	\N	approved	\N	2026-02-06 04:13:42.496144+00	[]	approved	\N	route-uploads	e5484882-26c8-430d-9c84-7ce112269fe8/1769182257999-IMG_3355.jpg	f6e29130-2275-4122-8730-bb8916fcb825	\N	\N	\N	\N	\N	t	f	r2	lb-prod-media-private	images/originals/39b9871d-071c-4520-b305-8ae57500be05/original.jpg	image/jpeg	299009	1200	900	1	{"card": {"avif": {"path": "images/39b9871d-071c-4520-b305-8ae57500be05/v1/card.avif", "bytes": 79121, "width": 640, "height": 480, "contentType": "image/avif"}, "jpeg": {"path": "images/39b9871d-071c-4520-b305-8ae57500be05/v1/card.jpg", "bytes": 93819, "width": 640, "height": 480, "contentType": "image/jpeg"}, "webp": {"path": "images/39b9871d-071c-4520-b305-8ae57500be05/v1/card.webp", "bytes": 95798, "width": 640, "height": 480, "contentType": "image/webp"}}, "full": {"avif": {"path": "images/39b9871d-071c-4520-b305-8ae57500be05/v1/full.avif", "bytes": 254721, "width": 1200, "height": 900, "contentType": "image/avif"}, "jpeg": {"path": "images/39b9871d-071c-4520-b305-8ae57500be05/v1/full.jpg", "bytes": 321884, "width": 1200, "height": 900, "contentType": "image/jpeg"}, "webp": {"path": "images/39b9871d-071c-4520-b305-8ae57500be05/v1/full.webp", "bytes": 356666, "width": 1200, "height": 900, "contentType": "image/webp"}}, "topo": {"avif": {"path": "images/39b9871d-071c-4520-b305-8ae57500be05/v1/topo.avif", "bytes": 254721, "width": 1200, "height": 900, "contentType": "image/avif"}, "jpeg": {"path": "images/39b9871d-071c-4520-b305-8ae57500be05/v1/topo.jpg", "bytes": 321884, "width": 1200, "height": 900, "contentType": "image/jpeg"}, "webp": {"path": "images/39b9871d-071c-4520-b305-8ae57500be05/v1/topo.webp", "bytes": 356666, "width": 1200, "height": 900, "contentType": "image/webp"}}, "thumb": {"avif": {"path": "images/39b9871d-071c-4520-b305-8ae57500be05/v1/thumb.avif", "bytes": 11075, "width": 240, "height": 180, "contentType": "image/avif"}, "jpeg": {"path": "images/39b9871d-071c-4520-b305-8ae57500be05/v1/thumb.jpg", "bytes": 14133, "width": 240, "height": 180, "contentType": "image/jpeg"}, "webp": {"path": "images/39b9871d-071c-4520-b305-8ae57500be05/v1/thumb.webp", "bytes": 13460, "width": 240, "height": 180, "contentType": "image/webp"}}, "detail": {"avif": {"path": "images/39b9871d-071c-4520-b305-8ae57500be05/v1/detail.avif", "bytes": 254721, "width": 1200, "height": 900, "contentType": "image/avif"}, "jpeg": {"path": "images/39b9871d-071c-4520-b305-8ae57500be05/v1/detail.jpg", "bytes": 321884, "width": 1200, "height": 900, "contentType": "image/jpeg"}, "webp": {"path": "images/39b9871d-071c-4520-b305-8ae57500be05/v1/detail.webp", "bytes": 356666, "width": 1200, "height": 900, "contentType": "image/webp"}}}	public	ready	b9504ecf90a4a946d387003ae0eaa0a5fd7c4e2ee0c386e1d3386e59bcf4e628	2026-03-10 17:27:22.733+00	disabled	Access Denied
215b8180-4727-404d-8fbf-6cb9bd8f5f9a	https://static.letsboulder.com/images/215b8180-4727-404d-8fbf-6cb9bd8f5f9a/v1/detail.jpg	49.41874444	-2.59154167	\N	f6e29130-2275-4122-8730-bb8916fcb825	1200	900	e5484882-26c8-430d-9c84-7ce112269fe8	2026-01-23 15:36:11.324044+00	0	f	\N	\N	approved	\N	2026-02-06 04:13:42.496144+00	[]	approved	\N	route-uploads	e5484882-26c8-430d-9c84-7ce112269fe8/1769182538201-IMG_3354.jpg	f6e29130-2275-4122-8730-bb8916fcb825	\N	\N	\N	\N	\N	t	f	r2	lb-prod-media-private	images/originals/215b8180-4727-404d-8fbf-6cb9bd8f5f9a/original.jpg	image/jpeg	297087	1200	900	1	{"card": {"avif": {"path": "images/215b8180-4727-404d-8fbf-6cb9bd8f5f9a/v1/card.avif", "bytes": 82475, "width": 640, "height": 480, "contentType": "image/avif"}, "jpeg": {"path": "images/215b8180-4727-404d-8fbf-6cb9bd8f5f9a/v1/card.jpg", "bytes": 96411, "width": 640, "height": 480, "contentType": "image/jpeg"}, "webp": {"path": "images/215b8180-4727-404d-8fbf-6cb9bd8f5f9a/v1/card.webp", "bytes": 98646, "width": 640, "height": 480, "contentType": "image/webp"}}, "full": {"avif": {"path": "images/215b8180-4727-404d-8fbf-6cb9bd8f5f9a/v1/full.avif", "bytes": 251038, "width": 1200, "height": 900, "contentType": "image/avif"}, "jpeg": {"path": "images/215b8180-4727-404d-8fbf-6cb9bd8f5f9a/v1/full.jpg", "bytes": 318632, "width": 1200, "height": 900, "contentType": "image/jpeg"}, "webp": {"path": "images/215b8180-4727-404d-8fbf-6cb9bd8f5f9a/v1/full.webp", "bytes": 353664, "width": 1200, "height": 900, "contentType": "image/webp"}}, "topo": {"avif": {"path": "images/215b8180-4727-404d-8fbf-6cb9bd8f5f9a/v1/topo.avif", "bytes": 251038, "width": 1200, "height": 900, "contentType": "image/avif"}, "jpeg": {"path": "images/215b8180-4727-404d-8fbf-6cb9bd8f5f9a/v1/topo.jpg", "bytes": 318632, "width": 1200, "height": 900, "contentType": "image/jpeg"}, "webp": {"path": "images/215b8180-4727-404d-8fbf-6cb9bd8f5f9a/v1/topo.webp", "bytes": 353664, "width": 1200, "height": 900, "contentType": "image/webp"}}, "thumb": {"avif": {"path": "images/215b8180-4727-404d-8fbf-6cb9bd8f5f9a/v1/thumb.avif", "bytes": 11850, "width": 240, "height": 180, "contentType": "image/avif"}, "jpeg": {"path": "images/215b8180-4727-404d-8fbf-6cb9bd8f5f9a/v1/thumb.jpg", "bytes": 14480, "width": 240, "height": 180, "contentType": "image/jpeg"}, "webp": {"path": "images/215b8180-4727-404d-8fbf-6cb9bd8f5f9a/v1/thumb.webp", "bytes": 13934, "width": 240, "height": 180, "contentType": "image/webp"}}, "detail": {"avif": {"path": "images/215b8180-4727-404d-8fbf-6cb9bd8f5f9a/v1/detail.avif", "bytes": 251038, "width": 1200, "height": 900, "contentType": "image/avif"}, "jpeg": {"path": "images/215b8180-4727-404d-8fbf-6cb9bd8f5f9a/v1/detail.jpg", "bytes": 318632, "width": 1200, "height": 900, "contentType": "image/jpeg"}, "webp": {"path": "images/215b8180-4727-404d-8fbf-6cb9bd8f5f9a/v1/detail.webp", "bytes": 353664, "width": 1200, "height": 900, "contentType": "image/webp"}}}	public	ready	fa520256353d17946f71a2118d7392e4485f76a464652ce30316cc8ca615909b	2026-03-10 17:27:35.588+00	disabled	Access Denied
625b7c07-055e-4fb8-ad9d-35f40328e558	https://static.letsboulder.com/images/625b7c07-055e-4fb8-ad9d-35f40328e558/v1/detail.jpg	49.50681930	-2.51648071	\N	8f1075f1-c6d4-484e-ab3e-ac1b3cd86697	1200	900	e5484882-26c8-430d-9c84-7ce112269fe8	2026-02-04 18:46:07.449553+00	0	f	1200	900	approved	\N	2026-02-06 04:13:42.496144+00	[]	approved	\N	route-uploads	e5484882-26c8-430d-9c84-7ce112269fe8/1770230681284-968B19E9-6180-47AC-AC0D-513AA5AA2BDA.jpeg	8f1075f1-c6d4-484e-ab3e-ac1b3cd86697	\N	\N	\N	\N	\N	t	f	r2	lb-prod-media-private	images/originals/625b7c07-055e-4fb8-ad9d-35f40328e558/original.jpg	image/jpeg	273710	1200	900	1	{"card": {"avif": {"path": "images/625b7c07-055e-4fb8-ad9d-35f40328e558/v1/card.avif", "bytes": 33163, "width": 640, "height": 480, "contentType": "image/avif"}, "jpeg": {"path": "images/625b7c07-055e-4fb8-ad9d-35f40328e558/v1/card.jpg", "bytes": 54996, "width": 640, "height": 480, "contentType": "image/jpeg"}, "webp": {"path": "images/625b7c07-055e-4fb8-ad9d-35f40328e558/v1/card.webp", "bytes": 42152, "width": 640, "height": 480, "contentType": "image/webp"}}, "full": {"avif": {"path": "images/625b7c07-055e-4fb8-ad9d-35f40328e558/v1/full.avif", "bytes": 80140, "width": 1200, "height": 900, "contentType": "image/avif"}, "jpeg": {"path": "images/625b7c07-055e-4fb8-ad9d-35f40328e558/v1/full.jpg", "bytes": 155234, "width": 1200, "height": 900, "contentType": "image/jpeg"}, "webp": {"path": "images/625b7c07-055e-4fb8-ad9d-35f40328e558/v1/full.webp", "bytes": 108212, "width": 1200, "height": 900, "contentType": "image/webp"}}, "topo": {"avif": {"path": "images/625b7c07-055e-4fb8-ad9d-35f40328e558/v1/topo.avif", "bytes": 80140, "width": 1200, "height": 900, "contentType": "image/avif"}, "jpeg": {"path": "images/625b7c07-055e-4fb8-ad9d-35f40328e558/v1/topo.jpg", "bytes": 155234, "width": 1200, "height": 900, "contentType": "image/jpeg"}, "webp": {"path": "images/625b7c07-055e-4fb8-ad9d-35f40328e558/v1/topo.webp", "bytes": 108212, "width": 1200, "height": 900, "contentType": "image/webp"}}, "thumb": {"avif": {"path": "images/625b7c07-055e-4fb8-ad9d-35f40328e558/v1/thumb.avif", "bytes": 6805, "width": 240, "height": 180, "contentType": "image/avif"}, "jpeg": {"path": "images/625b7c07-055e-4fb8-ad9d-35f40328e558/v1/thumb.jpg", "bytes": 9992, "width": 240, "height": 180, "contentType": "image/jpeg"}, "webp": {"path": "images/625b7c07-055e-4fb8-ad9d-35f40328e558/v1/thumb.webp", "bytes": 7726, "width": 240, "height": 180, "contentType": "image/webp"}}, "detail": {"avif": {"path": "images/625b7c07-055e-4fb8-ad9d-35f40328e558/v1/detail.avif", "bytes": 80140, "width": 1200, "height": 900, "contentType": "image/avif"}, "jpeg": {"path": "images/625b7c07-055e-4fb8-ad9d-35f40328e558/v1/detail.jpg", "bytes": 155234, "width": 1200, "height": 900, "contentType": "image/jpeg"}, "webp": {"path": "images/625b7c07-055e-4fb8-ad9d-35f40328e558/v1/detail.webp", "bytes": 108212, "width": 1200, "height": 900, "contentType": "image/webp"}}}	public	ready	fcce20f644c5a051b311fa73fd5e7cb2be8b554c2b5fb6eb8625766a99e7e2c5	2026-03-10 17:27:47.421+00	disabled	Access Denied
127fa0a5-5d0e-451d-b2f5-c0e07b6e52ef	https://static.letsboulder.com/images/127fa0a5-5d0e-451d-b2f5-c0e07b6e52ef/v1/detail.jpg	49.50825621	-2.53791958	\N	367ba90f-37a5-4ea6-9cd8-80ba229f9746	675	1200	e5484882-26c8-430d-9c84-7ce112269fe8	2026-02-07 15:23:52.851535+00	0	f	675	1200	approved	f	2026-02-07 15:23:56.877+00	[]	approved	\N	route-uploads	e5484882-26c8-430d-9c84-7ce112269fe8/1770477738214-94C929EC-9AD7-4D44-BC57-6728AA571C98.png	367ba90f-37a5-4ea6-9cd8-80ba229f9746	\N	\N	\N	\N	\N	t	f	r2	lb-prod-media-private	images/originals/127fa0a5-5d0e-451d-b2f5-c0e07b6e52ef/original.jpg	image/jpeg	254713	675	1200	1	{"card": {"avif": {"path": "images/127fa0a5-5d0e-451d-b2f5-c0e07b6e52ef/v1/card.avif", "bytes": 52556, "width": 640, "height": 1138, "contentType": "image/avif"}, "jpeg": {"path": "images/127fa0a5-5d0e-451d-b2f5-c0e07b6e52ef/v1/card.jpg", "bytes": 118399, "width": 640, "height": 1138, "contentType": "image/jpeg"}, "webp": {"path": "images/127fa0a5-5d0e-451d-b2f5-c0e07b6e52ef/v1/card.webp", "bytes": 80004, "width": 640, "height": 1138, "contentType": "image/webp"}}, "full": {"avif": {"path": "images/127fa0a5-5d0e-451d-b2f5-c0e07b6e52ef/v1/full.avif", "bytes": 56376, "width": 675, "height": 1200, "contentType": "image/avif"}, "jpeg": {"path": "images/127fa0a5-5d0e-451d-b2f5-c0e07b6e52ef/v1/full.jpg", "bytes": 130547, "width": 675, "height": 1200, "contentType": "image/jpeg"}, "webp": {"path": "images/127fa0a5-5d0e-451d-b2f5-c0e07b6e52ef/v1/full.webp", "bytes": 86322, "width": 675, "height": 1200, "contentType": "image/webp"}}, "topo": {"avif": {"path": "images/127fa0a5-5d0e-451d-b2f5-c0e07b6e52ef/v1/topo.avif", "bytes": 56376, "width": 675, "height": 1200, "contentType": "image/avif"}, "jpeg": {"path": "images/127fa0a5-5d0e-451d-b2f5-c0e07b6e52ef/v1/topo.jpg", "bytes": 130547, "width": 675, "height": 1200, "contentType": "image/jpeg"}, "webp": {"path": "images/127fa0a5-5d0e-451d-b2f5-c0e07b6e52ef/v1/topo.webp", "bytes": 86322, "width": 675, "height": 1200, "contentType": "image/webp"}}, "thumb": {"avif": {"path": "images/127fa0a5-5d0e-451d-b2f5-c0e07b6e52ef/v1/thumb.avif", "bytes": 14467, "width": 240, "height": 427, "contentType": "image/avif"}, "jpeg": {"path": "images/127fa0a5-5d0e-451d-b2f5-c0e07b6e52ef/v1/thumb.jpg", "bytes": 23192, "width": 240, "height": 427, "contentType": "image/jpeg"}, "webp": {"path": "images/127fa0a5-5d0e-451d-b2f5-c0e07b6e52ef/v1/thumb.webp", "bytes": 20296, "width": 240, "height": 427, "contentType": "image/webp"}}, "detail": {"avif": {"path": "images/127fa0a5-5d0e-451d-b2f5-c0e07b6e52ef/v1/detail.avif", "bytes": 56376, "width": 675, "height": 1200, "contentType": "image/avif"}, "jpeg": {"path": "images/127fa0a5-5d0e-451d-b2f5-c0e07b6e52ef/v1/detail.jpg", "bytes": 130547, "width": 675, "height": 1200, "contentType": "image/jpeg"}, "webp": {"path": "images/127fa0a5-5d0e-451d-b2f5-c0e07b6e52ef/v1/detail.webp", "bytes": 86322, "width": 675, "height": 1200, "contentType": "image/webp"}}}	public	ready	df0da717eb3a99dc7b1d41786320686b4fe1b1dcdf33533a0dab71586fa93ccf	2026-03-10 17:27:59.435+00	disabled	Access Denied
7603babd-f739-41b4-9911-28dafa162e83	https://static.letsboulder.com/images/7603babd-f739-41b4-9911-28dafa162e83/v1/detail.jpg	57.34125026	-6.09758976	\N	b3beda77-78de-4a9e-9ebe-b50068f75e4a	1280	1707	fcf46093-2632-4f87-a560-c520ad9877eb	2026-02-20 15:53:43.113579+00	0	f	0	0	approved	f	2026-02-20 15:53:49.613+00	[]	approved	NW	route-uploads	fcf46093-2632-4f87-a560-c520ad9877eb/1771602339785-1000026184.jpg	\N	{NW}	\N	\N	\N	\N	t	f	r2	lb-prod-media-private	images/originals/7603babd-f739-41b4-9911-28dafa162e83/original.jpg	image/jpeg	4747373	3000	4000	1	{"card": {"avif": {"path": "images/7603babd-f739-41b4-9911-28dafa162e83/v1/card.avif", "bytes": 96386, "width": 640, "height": 853, "contentType": "image/avif"}, "jpeg": {"path": "images/7603babd-f739-41b4-9911-28dafa162e83/v1/card.jpg", "bytes": 123418, "width": 640, "height": 853, "contentType": "image/jpeg"}, "webp": {"path": "images/7603babd-f739-41b4-9911-28dafa162e83/v1/card.webp", "bytes": 115898, "width": 640, "height": 853, "contentType": "image/webp"}}, "full": {"avif": {"path": "images/7603babd-f739-41b4-9911-28dafa162e83/v1/full.avif", "bytes": 933960, "width": 2560, "height": 3413, "contentType": "image/avif"}, "jpeg": {"path": "images/7603babd-f739-41b4-9911-28dafa162e83/v1/full.jpg", "bytes": 1662865, "width": 2560, "height": 3413, "contentType": "image/jpeg"}, "webp": {"path": "images/7603babd-f739-41b4-9911-28dafa162e83/v1/full.webp", "bytes": 1418020, "width": 2560, "height": 3413, "contentType": "image/webp"}}, "topo": {"avif": {"path": "images/7603babd-f739-41b4-9911-28dafa162e83/v1/topo.avif", "bytes": 729166, "width": 2048, "height": 2731, "contentType": "image/avif"}, "jpeg": {"path": "images/7603babd-f739-41b4-9911-28dafa162e83/v1/topo.jpg", "bytes": 1167463, "width": 2048, "height": 2731, "contentType": "image/jpeg"}, "webp": {"path": "images/7603babd-f739-41b4-9911-28dafa162e83/v1/topo.webp", "bytes": 1056160, "width": 2048, "height": 2731, "contentType": "image/webp"}}, "thumb": {"avif": {"path": "images/7603babd-f739-41b4-9911-28dafa162e83/v1/thumb.avif", "bytes": 11741, "width": 240, "height": 320, "contentType": "image/avif"}, "jpeg": {"path": "images/7603babd-f739-41b4-9911-28dafa162e83/v1/thumb.jpg", "bytes": 16966, "width": 240, "height": 320, "contentType": "image/jpeg"}, "webp": {"path": "images/7603babd-f739-41b4-9911-28dafa162e83/v1/thumb.webp", "bytes": 14862, "width": 240, "height": 320, "contentType": "image/webp"}}, "detail": {"avif": {"path": "images/7603babd-f739-41b4-9911-28dafa162e83/v1/detail.avif", "bytes": 374784, "width": 1280, "height": 1707, "contentType": "image/avif"}, "jpeg": {"path": "images/7603babd-f739-41b4-9911-28dafa162e83/v1/detail.jpg", "bytes": 508423, "width": 1280, "height": 1707, "contentType": "image/jpeg"}, "webp": {"path": "images/7603babd-f739-41b4-9911-28dafa162e83/v1/detail.webp", "bytes": 484830, "width": 1280, "height": 1707, "contentType": "image/webp"}}}	public	ready	b199c9ab6d8ab1b157de9ac75fac533108fb4a67f2463c25b50c6ac345966a63	2026-03-10 17:28:41.44+00	disabled	Access Denied
f12c807b-5554-4a9f-b59c-d09068e63ae5	https://static.letsboulder.com/images/f12c807b-5554-4a9f-b59c-d09068e63ae5/v1/detail.jpg	51.10256230	0.18570490	\N	96c9ab2d-1bc3-4af1-b1e7-6757eb8f43f2	1200	1600	c866ca90-e0a9-4e6c-9a5d-8494f064a78a	2026-03-09 22:10:26.2567+00	0	f	1200	1600	approved	\N	2026-03-09 22:42:21.788679+00	[]	approved	SE	route-uploads	c866ca90-e0a9-4e6c-9a5d-8494f064a78a/1773088127476-49b335f5-63e8-49a9-b387-07ad36074804.jpg	\N	{SE,S}	\N	\N	\N	f25bbc14-3af0-42d5-888e-939767b57a89	f	t	r2	lb-prod-media-private	images/originals/f12c807b-5554-4a9f-b59c-d09068e63ae5/original.jpg	image/jpeg	612299	1200	1600	1	{"card": {"avif": {"path": "images/f12c807b-5554-4a9f-b59c-d09068e63ae5/v1/card.avif", "bytes": 141150, "width": 640, "height": 853, "contentType": "image/avif"}, "jpeg": {"path": "images/f12c807b-5554-4a9f-b59c-d09068e63ae5/v1/card.jpg", "bytes": 163445, "width": 640, "height": 853, "contentType": "image/jpeg"}, "webp": {"path": "images/f12c807b-5554-4a9f-b59c-d09068e63ae5/v1/card.webp", "bytes": 160570, "width": 640, "height": 853, "contentType": "image/webp"}}, "full": {"avif": {"path": "images/f12c807b-5554-4a9f-b59c-d09068e63ae5/v1/full.avif", "bytes": 449602, "width": 1200, "height": 1600, "contentType": "image/avif"}, "jpeg": {"path": "images/f12c807b-5554-4a9f-b59c-d09068e63ae5/v1/full.jpg", "bytes": 583136, "width": 1200, "height": 1600, "contentType": "image/jpeg"}, "webp": {"path": "images/f12c807b-5554-4a9f-b59c-d09068e63ae5/v1/full.webp", "bytes": 578544, "width": 1200, "height": 1600, "contentType": "image/webp"}}, "topo": {"avif": {"path": "images/f12c807b-5554-4a9f-b59c-d09068e63ae5/v1/topo.avif", "bytes": 449602, "width": 1200, "height": 1600, "contentType": "image/avif"}, "jpeg": {"path": "images/f12c807b-5554-4a9f-b59c-d09068e63ae5/v1/topo.jpg", "bytes": 583136, "width": 1200, "height": 1600, "contentType": "image/jpeg"}, "webp": {"path": "images/f12c807b-5554-4a9f-b59c-d09068e63ae5/v1/topo.webp", "bytes": 578544, "width": 1200, "height": 1600, "contentType": "image/webp"}}, "thumb": {"avif": {"path": "images/f12c807b-5554-4a9f-b59c-d09068e63ae5/v1/thumb.avif", "bytes": 19668, "width": 240, "height": 320, "contentType": "image/avif"}, "jpeg": {"path": "images/f12c807b-5554-4a9f-b59c-d09068e63ae5/v1/thumb.jpg", "bytes": 22668, "width": 240, "height": 320, "contentType": "image/jpeg"}, "webp": {"path": "images/f12c807b-5554-4a9f-b59c-d09068e63ae5/v1/thumb.webp", "bytes": 21490, "width": 240, "height": 320, "contentType": "image/webp"}}, "detail": {"avif": {"path": "images/f12c807b-5554-4a9f-b59c-d09068e63ae5/v1/detail.avif", "bytes": 449602, "width": 1200, "height": 1600, "contentType": "image/avif"}, "jpeg": {"path": "images/f12c807b-5554-4a9f-b59c-d09068e63ae5/v1/detail.jpg", "bytes": 583136, "width": 1200, "height": 1600, "contentType": "image/jpeg"}, "webp": {"path": "images/f12c807b-5554-4a9f-b59c-d09068e63ae5/v1/detail.webp", "bytes": 578544, "width": 1200, "height": 1600, "contentType": "image/webp"}}}	public	ready	405a25f113b40b82cd77151d817b8831e8aa8d41682ca8b1ba785b58756f4038	2026-03-10 17:29:35.652+00	disabled	Access Denied
1119f589-ac64-4daa-afa2-d49befc6fba8	https://static.letsboulder.com/images/1119f589-ac64-4daa-afa2-d49befc6fba8/v1/detail.jpg	51.10256230	0.18570490	\N	96c9ab2d-1bc3-4af1-b1e7-6757eb8f43f2	1200	1600	c866ca90-e0a9-4e6c-9a5d-8494f064a78a	2026-03-09 22:10:26.2567+00	0	f	1200	1600	approved	\N	2026-03-09 22:42:21.788679+00	[]	approved	\N	route-uploads	c866ca90-e0a9-4e6c-9a5d-8494f064a78a/1773088128694-b95de95a-c911-4371-91b9-b42f37c15b37.jpg	\N	{}	\N	\N	\N	f25bbc14-3af0-42d5-888e-939767b57a89	f	t	r2	lb-prod-media-private	images/originals/1119f589-ac64-4daa-afa2-d49befc6fba8/original.jpg	image/jpeg	671475	1200	1600	1	{"card": {"avif": {"path": "images/1119f589-ac64-4daa-afa2-d49befc6fba8/v1/card.avif", "bytes": 149632, "width": 640, "height": 853, "contentType": "image/avif"}, "jpeg": {"path": "images/1119f589-ac64-4daa-afa2-d49befc6fba8/v1/card.jpg", "bytes": 170976, "width": 640, "height": 853, "contentType": "image/jpeg"}, "webp": {"path": "images/1119f589-ac64-4daa-afa2-d49befc6fba8/v1/card.webp", "bytes": 168512, "width": 640, "height": 853, "contentType": "image/webp"}}, "full": {"avif": {"path": "images/1119f589-ac64-4daa-afa2-d49befc6fba8/v1/full.avif", "bytes": 508294, "width": 1200, "height": 1600, "contentType": "image/avif"}, "jpeg": {"path": "images/1119f589-ac64-4daa-afa2-d49befc6fba8/v1/full.jpg", "bytes": 633788, "width": 1200, "height": 1600, "contentType": "image/jpeg"}, "webp": {"path": "images/1119f589-ac64-4daa-afa2-d49befc6fba8/v1/full.webp", "bytes": 652064, "width": 1200, "height": 1600, "contentType": "image/webp"}}, "topo": {"avif": {"path": "images/1119f589-ac64-4daa-afa2-d49befc6fba8/v1/topo.avif", "bytes": 508294, "width": 1200, "height": 1600, "contentType": "image/avif"}, "jpeg": {"path": "images/1119f589-ac64-4daa-afa2-d49befc6fba8/v1/topo.jpg", "bytes": 633788, "width": 1200, "height": 1600, "contentType": "image/jpeg"}, "webp": {"path": "images/1119f589-ac64-4daa-afa2-d49befc6fba8/v1/topo.webp", "bytes": 652064, "width": 1200, "height": 1600, "contentType": "image/webp"}}, "thumb": {"avif": {"path": "images/1119f589-ac64-4daa-afa2-d49befc6fba8/v1/thumb.avif", "bytes": 20048, "width": 240, "height": 320, "contentType": "image/avif"}, "jpeg": {"path": "images/1119f589-ac64-4daa-afa2-d49befc6fba8/v1/thumb.jpg", "bytes": 23213, "width": 240, "height": 320, "contentType": "image/jpeg"}, "webp": {"path": "images/1119f589-ac64-4daa-afa2-d49befc6fba8/v1/thumb.webp", "bytes": 22246, "width": 240, "height": 320, "contentType": "image/webp"}}, "detail": {"avif": {"path": "images/1119f589-ac64-4daa-afa2-d49befc6fba8/v1/detail.avif", "bytes": 508294, "width": 1200, "height": 1600, "contentType": "image/avif"}, "jpeg": {"path": "images/1119f589-ac64-4daa-afa2-d49befc6fba8/v1/detail.jpg", "bytes": 633788, "width": 1200, "height": 1600, "contentType": "image/jpeg"}, "webp": {"path": "images/1119f589-ac64-4daa-afa2-d49befc6fba8/v1/detail.webp", "bytes": 652064, "width": 1200, "height": 1600, "contentType": "image/webp"}}}	public	ready	9c6c32f13de1b6c13fcf4949117bb3b489f57d5eff8c5363ab7eca676b113618	2026-03-10 17:29:59.763+00	disabled	Access Denied
\.


--
-- Data for Name: climb_flags; Type: TABLE DATA; Schema: public; Owner: postgres
--

COPY "public"."climb_flags" ("id", "climb_id", "crag_id", "flagger_id", "flag_type", "comment", "status", "action_taken", "resolved_by", "resolved_at", "created_at", "image_id") FROM stdin;
2d0c2e1d-cc09-4da4-915d-68c8d0733c14	\N	\N	3d4fcee7-7b78-42a5-bac5-8293378a86b2	other	Flagged for admin review	resolved	remove	3d4fcee7-7b78-42a5-bac5-8293378a86b2	2026-02-05 00:28:54.25+00	2026-02-04 22:35:57.713153+00	\N
a0cb973c-10e8-469e-b751-abee09b5b7a3	\N	\N	3d4fcee7-7b78-42a5-bac5-8293378a86b2	other	Flagged for admin review	resolved	remove	3d4fcee7-7b78-42a5-bac5-8293378a86b2	2026-01-28 21:55:19.989+00	2026-01-28 17:37:42.660959+00	\N
397efba1-e75c-49fd-9f9c-1117d316d44b	\N	\N	3d4fcee7-7b78-42a5-bac5-8293378a86b2	other	Flagged for admin review	resolved	remove	3d4fcee7-7b78-42a5-bac5-8293378a86b2	2026-02-05 18:53:54.406+00	2026-02-05 18:53:43.916887+00	\N
c382a42b-5df1-4a75-9980-ed35edc1ecde	\N	\N	3d4fcee7-7b78-42a5-bac5-8293378a86b2	other	Flagged for admin review	resolved	remove	3d4fcee7-7b78-42a5-bac5-8293378a86b2	2026-02-05 19:02:37.513+00	2026-02-05 19:02:23.01952+00	\N
5d436f45-1a1f-4825-8aa0-58ad6f8a559d	\N	\N	3d4fcee7-7b78-42a5-bac5-8293378a86b2	other	Flagged for admin review	resolved	remove	3d4fcee7-7b78-42a5-bac5-8293378a86b2	2026-02-05 19:25:31.34+00	2026-02-05 19:25:15.963483+00	\N
e75c5de7-a81f-4a9a-8321-66b3325aba14	\N	\N	3d4fcee7-7b78-42a5-bac5-8293378a86b2	other	Flagged for admin review	resolved	remove	3d4fcee7-7b78-42a5-bac5-8293378a86b2	2026-01-30 22:56:20.2+00	2026-01-30 17:39:48.939258+00	\N
6830938d-e8c0-4583-a0ee-8ca901ce4019	\N	\N	3d4fcee7-7b78-42a5-bac5-8293378a86b2	other	Flagged for admin review	resolved	remove	3d4fcee7-7b78-42a5-bac5-8293378a86b2	2026-02-25 17:15:24.357+00	2026-02-25 17:14:25.533349+00	\N
2303c5d4-0e75-4c75-bc3a-de83e0adc178	\N	\N	3d4fcee7-7b78-42a5-bac5-8293378a86b2	other	Flagged for admin review	resolved	remove	3d4fcee7-7b78-42a5-bac5-8293378a86b2	2026-02-05 19:31:24.63+00	2026-02-05 19:31:12.480825+00	\N
f57f010e-8fad-4f4a-8d64-508504de1add	\N	\N	3d4fcee7-7b78-42a5-bac5-8293378a86b2	other	Flagged for admin review	resolved	remove	3d4fcee7-7b78-42a5-bac5-8293378a86b2	2026-02-04 20:24:44.737+00	2026-02-04 20:24:09.469257+00	\N
f0b23d72-db25-40c4-a7d0-8db11786ebb4	\N	2c084efc-fc2f-4f8f-8c24-6f89a6081cbd	\N	route_name	sssssssssssssssss	resolved	remove	\N	2026-01-23 14:43:29.978+00	2026-01-23 14:07:35.113444+00	82695588-31a0-4651-9288-6d5b765ba26a
1c70c50d-1df1-41a5-b2c6-57c0bbf4661b	\N	\N	3d4fcee7-7b78-42a5-bac5-8293378a86b2	other	Flagged for admin review	resolved	remove	3d4fcee7-7b78-42a5-bac5-8293378a86b2	2026-02-04 21:28:02.009+00	2026-02-04 21:27:39.127731+00	\N
4cc6ad69-3cd4-446e-8862-b30b4710c786	\N	\N	3d4fcee7-7b78-42a5-bac5-8293378a86b2	other	Flagged for admin review	resolved	remove	3d4fcee7-7b78-42a5-bac5-8293378a86b2	2026-02-04 21:41:55.789+00	2026-02-04 21:41:41.709202+00	\N
e225f9a2-2c8a-41a6-bf01-26d1c715db44	\N	\N	3d4fcee7-7b78-42a5-bac5-8293378a86b2	other	Flagged for admin review	resolved	remove	3d4fcee7-7b78-42a5-bac5-8293378a86b2	2026-02-05 19:33:02.066+00	2026-02-05 19:32:51.300972+00	\N
8f025bc1-2968-4259-a8ee-62f75b5d452a	\N	\N	3d4fcee7-7b78-42a5-bac5-8293378a86b2	other	Flagged for admin review	resolved	remove	3d4fcee7-7b78-42a5-bac5-8293378a86b2	2026-02-04 22:09:03.383+00	2026-02-04 21:58:52.715146+00	\N
e091a7bc-fdfa-4751-9ad1-d9f6878bf0ad	\N	\N	3d4fcee7-7b78-42a5-bac5-8293378a86b2	other	Flagged for admin review	resolved	remove	3d4fcee7-7b78-42a5-bac5-8293378a86b2	2026-02-04 22:09:08.126+00	2026-02-04 21:46:37.115525+00	\N
6609461c-cc68-4f40-8502-b7e050a3d28d	\N	\N	3d4fcee7-7b78-42a5-bac5-8293378a86b2	other	Flagged for admin review	resolved	remove	3d4fcee7-7b78-42a5-bac5-8293378a86b2	2026-01-25 18:33:03.65+00	2026-01-25 18:32:26.061073+00	\N
95c0c1b1-e0be-4832-8ff5-676cf369cbb5	\N	\N	3d4fcee7-7b78-42a5-bac5-8293378a86b2	other	Flagged for admin review	resolved	remove	3d4fcee7-7b78-42a5-bac5-8293378a86b2	2026-02-04 22:18:43.66+00	2026-02-04 22:17:10.234183+00	\N
efc60163-1390-444f-aaab-82852caf8c63	\N	\N	3d4fcee7-7b78-42a5-bac5-8293378a86b2	other	Flagged for admin review	resolved	remove	3d4fcee7-7b78-42a5-bac5-8293378a86b2	2026-02-05 20:17:10.081+00	2026-02-05 20:17:00.608146+00	\N
2b4c164e-de9b-40cc-8ba4-6427429155f9	\N	\N	3d4fcee7-7b78-42a5-bac5-8293378a86b2	other	Flagged for admin review	resolved	remove	3d4fcee7-7b78-42a5-bac5-8293378a86b2	2026-02-04 22:18:45.332+00	2026-02-04 22:12:25.162722+00	\N
91802716-40a9-45c1-904e-31ba4dfca25f	\N	\N	e5484882-26c8-430d-9c84-7ce112269fe8	other	Flagged for admin review	resolved	remove	e5484882-26c8-430d-9c84-7ce112269fe8	2026-01-24 20:45:36.883+00	2026-01-24 20:45:05.412766+00	\N
127992f9-19e0-4511-82d0-9ac0bed38d9a	\N	\N	3d4fcee7-7b78-42a5-bac5-8293378a86b2	other	Flagged for admin review	resolved	remove	3d4fcee7-7b78-42a5-bac5-8293378a86b2	2026-02-05 00:28:52.474+00	2026-02-04 22:37:00.419138+00	\N
313a4ccd-725b-477f-974f-56044325746f	\N	\N	\N	other	Flagged for admin review	resolved	remove	\N	2026-01-24 20:24:18.313+00	2026-01-24 20:23:50.821371+00	\N
90c69393-fc9b-41a8-8907-6fb190a90ae2	\N	\N	\N	other	Flagged for admin review	resolved	remove	\N	2026-01-24 20:24:38.687+00	2026-01-24 20:24:30.135457+00	\N
68bc6d8a-4eec-4edd-bf79-773425b5d426	\N	\N	\N	other	Flagged for admin review	resolved	remove	\N	2026-01-24 20:24:57.867+00	2026-01-24 20:24:51.338581+00	\N
7024590d-f549-4c19-8976-0c28fc21f778	\N	\N	\N	other	Flagged for admin review	resolved	remove	\N	2026-01-24 20:25:19.377+00	2026-01-24 20:25:10.746086+00	\N
09b55d18-ffde-43b4-8082-67b3d7d3acd7	\N	\N	3d4fcee7-7b78-42a5-bac5-8293378a86b2	other	Flagged for admin review	resolved	remove	3d4fcee7-7b78-42a5-bac5-8293378a86b2	2026-02-25 17:54:38.15+00	2026-02-25 17:54:10.669807+00	\N
938829b5-2c06-430a-98ce-6298eb1e2ff2	\N	\N	3d4fcee7-7b78-42a5-bac5-8293378a86b2	other	Flagged for admin review	resolved	remove	3d4fcee7-7b78-42a5-bac5-8293378a86b2	2026-01-25 18:34:50.011+00	2026-01-25 18:34:42.655138+00	\N
619efa77-df72-48c2-8ffc-847bfd6fb58d	\N	\N	3d4fcee7-7b78-42a5-bac5-8293378a86b2	other	Flagged for admin review	resolved	remove	3d4fcee7-7b78-42a5-bac5-8293378a86b2	2026-02-05 20:18:27.915+00	2026-02-05 20:18:15.100485+00	\N
b21cb888-c99c-425e-b7d7-22d66344c975	\N	\N	3d4fcee7-7b78-42a5-bac5-8293378a86b2	other	Flagged for admin review	resolved	remove	3d4fcee7-7b78-42a5-bac5-8293378a86b2	2026-01-26 11:24:20.53+00	2026-01-26 11:24:08.060607+00	\N
a98d3b36-c4c9-4ba8-bda2-984e91bbce37	\N	\N	3d4fcee7-7b78-42a5-bac5-8293378a86b2	other	Flagged for admin review	resolved	remove	3d4fcee7-7b78-42a5-bac5-8293378a86b2	2026-02-06 16:29:22.847+00	2026-02-06 16:29:03.475596+00	\N
c7ce8395-1287-4fcb-82c0-726243feffdf	\N	\N	3d4fcee7-7b78-42a5-bac5-8293378a86b2	other	Flagged for admin review	resolved	remove	3d4fcee7-7b78-42a5-bac5-8293378a86b2	2026-01-28 17:36:34.259+00	2026-01-28 17:34:39.551574+00	\N
8c3249c3-47ae-496a-a5f2-8bb9f66c0ec0	\N	\N	3d4fcee7-7b78-42a5-bac5-8293378a86b2	other	Flagged for admin review	resolved	remove	3d4fcee7-7b78-42a5-bac5-8293378a86b2	2026-03-02 15:48:31.494+00	2026-03-02 15:48:10.689634+00	\N
af793581-e8cf-4319-8b72-f73940a7c260	\N	\N	3d4fcee7-7b78-42a5-bac5-8293378a86b2	other	Flagged for admin review	resolved	remove	3d4fcee7-7b78-42a5-bac5-8293378a86b2	2026-02-08 13:37:26.872+00	2026-02-08 13:37:12.951439+00	\N
05340afc-ec0b-4c2b-8a2e-1c267f0ace48	\N	\N	3d4fcee7-7b78-42a5-bac5-8293378a86b2	other	Flagged for admin review	resolved	remove	3d4fcee7-7b78-42a5-bac5-8293378a86b2	2026-02-18 23:10:35.143+00	2026-02-18 23:10:22.475688+00	\N
\.


--
-- Data for Name: climb_verifications; Type: TABLE DATA; Schema: public; Owner: postgres
--

COPY "public"."climb_verifications" ("id", "climb_id", "user_id", "created_at") FROM stdin;
\.


--
-- Data for Name: climb_video_betas; Type: TABLE DATA; Schema: public; Owner: postgres
--

COPY "public"."climb_video_betas" ("id", "climb_id", "user_id", "url", "platform", "title", "notes", "uploader_gender", "uploader_height_cm", "uploader_reach_cm", "created_at") FROM stdin;
\.


--
-- Data for Name: comments; Type: TABLE DATA; Schema: public; Owner: postgres
--

COPY "public"."comments" ("id", "target_type", "target_id", "author_id", "body", "category", "deleted_at", "created_at") FROM stdin;
\.


--
-- Data for Name: community_place_follows; Type: TABLE DATA; Schema: public; Owner: postgres
--

COPY "public"."community_place_follows" ("place_id", "user_id", "notification_level", "created_at", "updated_at") FROM stdin;
\.


--
-- Data for Name: community_posts; Type: TABLE DATA; Schema: public; Owner: postgres
--

COPY "public"."community_posts" ("id", "author_id", "place_id", "type", "title", "body", "discipline", "grade_min", "grade_max", "start_at", "end_at", "created_at", "updated_at") FROM stdin;
\.


--
-- Data for Name: community_post_comments; Type: TABLE DATA; Schema: public; Owner: postgres
--

COPY "public"."community_post_comments" ("id", "post_id", "author_id", "body", "created_at", "updated_at") FROM stdin;
\.


--
-- Data for Name: community_post_rsvps; Type: TABLE DATA; Schema: public; Owner: postgres
--

COPY "public"."community_post_rsvps" ("post_id", "user_id", "status", "created_at") FROM stdin;
\.


--
-- Data for Name: correction_votes; Type: TABLE DATA; Schema: public; Owner: postgres
--

COPY "public"."correction_votes" ("id", "correction_id", "user_id", "vote_type", "created_at") FROM stdin;
\.


--
-- Data for Name: crag_images; Type: TABLE DATA; Schema: public; Owner: postgres
--

COPY "public"."crag_images" ("id", "crag_id", "url", "created_at", "width", "height", "linked_image_id", "source_image_id", "face_directions") FROM stdin;
02a63841-5029-4570-9e85-ef55bdbf4f05	96c9ab2d-1bc3-4af1-b1e7-6757eb8f43f2	private://route-uploads/c866ca90-e0a9-4e6c-9a5d-8494f064a78a/1773088127476-49b335f5-63e8-49a9-b387-07ad36074804.jpg	2026-03-09 22:10:26.2567+00	1200	1600	f12c807b-5554-4a9f-b59c-d09068e63ae5	f25bbc14-3af0-42d5-888e-939767b57a89	{SE,S}
80310f5b-8ed3-444b-8660-35fff901d47c	96c9ab2d-1bc3-4af1-b1e7-6757eb8f43f2	private://route-uploads/c866ca90-e0a9-4e6c-9a5d-8494f064a78a/1773088128694-b95de95a-c911-4371-91b9-b42f37c15b37.jpg	2026-03-09 22:10:26.2567+00	1200	1600	1119f589-ac64-4daa-afa2-d49befc6fba8	f25bbc14-3af0-42d5-888e-939767b57a89	{}
65239bc9-2787-416f-a0d2-6d52b483f81f	96c9ab2d-1bc3-4af1-b1e7-6757eb8f43f2	private://route-uploads/c866ca90-e0a9-4e6c-9a5d-8494f064a78a/1773088130146-ffc52ebd-c082-41e6-9008-2828f0c73dc6.jpg	2026-03-09 22:10:26.2567+00	1200	1600	dc032273-2624-4cf0-9314-b0f5af4cda9a	f25bbc14-3af0-42d5-888e-939767b57a89	{}
\.


--
-- Data for Name: location_tags; Type: TABLE DATA; Schema: public; Owner: postgres
--

COPY "public"."location_tags" ("id", "kind", "name", "slug", "country_code", "created_at", "updated_at") FROM stdin;
d05048a7-4011-406c-9b04-ab39e7dbf2fc	region	Guernsey	guernsey	GG	2026-03-05 10:41:00.244265+00	2026-03-05 10:41:00.244265+00
9966987d-4e9e-4c35-ba91-4978cae16ba4	region	Scotland	scotland	GB	2026-03-05 10:41:00.244265+00	2026-03-05 10:41:00.244265+00
b5f876c4-3586-4b4d-954f-cfc7bebee3a6	region	Yucatán	yucat-n	MX	2026-03-05 10:41:00.244265+00	2026-03-05 10:41:00.244265+00
b047607b-ae66-4bbc-b45d-d5f27fa11e6d	region	Rocklands	rocklands	ZA	2026-03-05 10:41:00.244265+00	2026-03-05 10:41:00.244265+00
e1a5bc7e-95ca-40b9-ac28-3ab7cc9aa8b7	region	East Sussex	east-sussex	\N	2026-03-09 19:04:09.550459+00	2026-03-09 19:04:09.550459+00
\.


--
-- Data for Name: crag_location_tags; Type: TABLE DATA; Schema: public; Owner: postgres
--

COPY "public"."crag_location_tags" ("crag_id", "tag_id", "is_primary_region", "created_at") FROM stdin;
2c084efc-fc2f-4f8f-8c24-6f89a6081cbd	d05048a7-4011-406c-9b04-ab39e7dbf2fc	t	2026-03-05 10:41:00.244265+00
b3beda77-78de-4a9e-9ebe-b50068f75e4a	9966987d-4e9e-4c35-ba91-4978cae16ba4	t	2026-03-05 10:41:00.244265+00
d913b3e3-1b52-4e84-8f42-702e9863ed0d	b5f876c4-3586-4b4d-954f-cfc7bebee3a6	t	2026-03-05 10:44:08.363844+00
42920a43-5237-43e3-8eff-8e07554f8220	e1a5bc7e-95ca-40b9-ac28-3ab7cc9aa8b7	t	2026-03-09 19:04:10.12892+00
96c9ab2d-1bc3-4af1-b1e7-6757eb8f43f2	e1a5bc7e-95ca-40b9-ac28-3ab7cc9aa8b7	t	2026-03-09 20:29:54.780323+00
\.


--
-- Data for Name: crag_reports; Type: TABLE DATA; Schema: public; Owner: postgres
--

COPY "public"."crag_reports" ("id", "crag_id", "reporter_id", "reason", "details", "status", "moderator_id", "moderator_note", "created_at", "resolved_at") FROM stdin;
\.


--
-- Data for Name: deleted_accounts; Type: TABLE DATA; Schema: public; Owner: postgres
--

COPY "public"."deleted_accounts" ("id", "user_id", "email", "deleted_at", "delete_route_uploads", "metadata") FROM stdin;
\.


--
-- Data for Name: deletion_requests; Type: TABLE DATA; Schema: public; Owner: postgres
--

COPY "public"."deletion_requests" ("id", "user_id", "created_at", "scheduled_at", "cancelled_at", "delete_route_uploads", "primary_reason", "deleted_at") FROM stdin;
\.


--
-- Data for Name: grade_votes; Type: TABLE DATA; Schema: public; Owner: postgres
--

COPY "public"."grade_votes" ("id", "climb_id", "user_id", "grade", "created_at") FROM stdin;
c124b11e-ecd8-4e8c-bca3-b6892b685b33	99941bb0-4ec7-4b95-8018-c5782c4c654b	e5484882-26c8-430d-9c84-7ce112269fe8	6B+	2026-01-28 22:15:42.135652+00
be21fca2-365a-44a9-a908-b6a979101679	e6da3770-e933-4b72-9374-dff8588e6ff9	87624d7a-98b4-4490-9bed-1f51964af648	6C+	2026-01-28 22:26:25.166737+00
afe48dca-fd0d-4d4c-8a75-22a570dd1f7c	f9676bde-fbb2-4d90-a178-dec6cdb903f4	e5484882-26c8-430d-9c84-7ce112269fe8	6B	2026-02-05 07:35:58.470122+00
46cd7266-f3a9-48b3-a04e-010e2f5579b2	98afcfe3-37e7-4b19-b1ff-421def1d7805	e5484882-26c8-430d-9c84-7ce112269fe8	7A	2026-02-07 15:24:35.681634+00
6ad5833e-8e97-4dfb-ae45-5321d52130e2	cc619bdf-5031-4fe4-9e54-40664d4ddda2	3d4fcee7-7b78-42a5-bac5-8293378a86b2	6C	2026-02-08 04:49:59.361696+00
287acd33-35b1-481e-969f-28b575ff55e7	4df5af3e-8eb6-4538-8971-5eaa44f6e259	3d4fcee7-7b78-42a5-bac5-8293378a86b2	6A+	2026-01-29 16:35:18.6406+00
d897e8c6-0aa9-4a93-b571-97fde9b86450	baca387d-7b59-4541-b8c1-7232694658cd	3d4fcee7-7b78-42a5-bac5-8293378a86b2	6A	2026-02-15 09:32:54.745544+00
63f1e401-bac9-48d5-918e-bd826e93c56f	6b7de0fd-846e-4844-99fa-b069fe8755dc	3d4fcee7-7b78-42a5-bac5-8293378a86b2	5B+	2026-03-04 18:06:20.928425+00
7cd5216a-f540-4635-9776-55346145bc6f	b3922926-2f76-4564-a201-a89bd91d8ca4	3d4fcee7-7b78-42a5-bac5-8293378a86b2	6C	2026-03-04 18:08:23.035123+00
5357ddc6-b6ed-475a-b12c-95dfe33bd413	3ff91eea-3134-4a52-b125-eb0a0eb30b71	3d4fcee7-7b78-42a5-bac5-8293378a86b2	6B	2026-03-04 18:13:10.617434+00
f6a1aa00-6741-474c-9d64-da29be279ab6	b07b8d6b-456e-4a7f-92b7-5b29c1b794c6	3d4fcee7-7b78-42a5-bac5-8293378a86b2	6B	2026-03-04 18:11:52.865517+00
a69f0fd4-9c51-4cf1-a5fe-82aa15dee344	4bfca1fb-72b8-4158-82ef-96e117c5e08c	3d4fcee7-7b78-42a5-bac5-8293378a86b2	6A	2026-03-04 18:17:22.863229+00
a0de6881-ee37-4174-833c-22ab8ad99537	3979c06a-6153-4753-ac8a-5cc5c5df20ef	3d4fcee7-7b78-42a5-bac5-8293378a86b2	6A	2026-03-04 18:19:11.637579+00
8fa935bf-018e-408d-bb7e-81f0e33b66f9	06dd93bf-66d2-4e3e-a632-586e83b5ff83	3d4fcee7-7b78-42a5-bac5-8293378a86b2	5B	2026-03-04 18:20:35.148964+00
ac641d70-6879-4ba6-b684-34a74d320af8	9f2a9975-3156-48b0-9553-4cf879605c55	3d4fcee7-7b78-42a5-bac5-8293378a86b2	6B	2026-03-04 18:10:21.377497+00
\.


--
-- Data for Name: grades; Type: TABLE DATA; Schema: public; Owner: postgres
--

COPY "public"."grades" ("grade", "points") FROM stdin;
1A	100
1A+	116
1B	132
1B+	148
1C	164
1C+	180
2A	196
2A+	212
2B	228
2B+	244
2C	260
2C+	276
3A	292
3A+	308
3B	324
3B+	340
3C	356
3C+	372
4A	388
4A+	404
4B	420
4B+	436
4C	452
4C+	468
5A	484
5A+	500
5B	516
5B+	532
5C	548
5C+	564
6A	580
6A+	596
6B	612
6B+	628
6C	644
6C+	660
7A	676
7A+	692
7B	708
7B+	724
7C	740
7C+	756
8A	772
8A+	788
8B	804
8B+	820
8C	836
8C+	852
9A	868
9A+	884
9B	900
9B+	916
9C	932
9C+	948
\.


--
-- Data for Name: gym_floor_plans; Type: TABLE DATA; Schema: public; Owner: postgres
--

COPY "public"."gym_floor_plans" ("id", "gym_place_id", "name", "image_url", "image_width", "image_height", "is_active", "created_at", "updated_at") FROM stdin;
\.


--
-- Data for Name: gym_memberships; Type: TABLE DATA; Schema: public; Owner: postgres
--

COPY "public"."gym_memberships" ("id", "user_id", "gym_place_id", "role", "status", "created_at", "updated_at") FROM stdin;
\.


--
-- Data for Name: gym_owner_applications; Type: TABLE DATA; Schema: public; Owner: postgres
--

COPY "public"."gym_owner_applications" ("id", "gym_name", "address", "facilities", "contact_phone", "contact_email", "role", "additional_comments", "status", "created_at", "updated_at", "city", "country", "postcode_or_zip") FROM stdin;
449e4aff-2c56-4116-bdca-396948fffb96	tets	ss	{boulder}	00	patrickhadow@gmail.com	owner	\N	pending	2026-02-27 10:27:05.493801+00	2026-02-27 10:27:05.493801+00	sss	ss	ss
\.


--
-- Data for Name: gym_routes; Type: TABLE DATA; Schema: public; Owner: postgres
--

COPY "public"."gym_routes" ("id", "gym_place_id", "floor_plan_id", "name", "grade", "discipline", "color", "setter_name", "status", "created_at", "updated_at") FROM stdin;
\.


--
-- Data for Name: gym_route_markers; Type: TABLE DATA; Schema: public; Owner: postgres
--

COPY "public"."gym_route_markers" ("route_id", "x_norm", "y_norm", "created_at", "updated_at") FROM stdin;
\.


--
-- Data for Name: media_jobs; Type: TABLE DATA; Schema: public; Owner: postgres
--

COPY "public"."media_jobs" ("id", "image_id", "job_type", "status", "payload", "attempts", "max_attempts", "run_at", "locked_at", "locked_by", "last_error", "created_at", "updated_at") FROM stdin;
5420768f-d016-4c96-aff5-912ac644ef2e	4c182e9e-1e05-4862-9ac0-896d68059080	ingest_image	failed	{"imageId": "4c182e9e-1e05-4862-9ac0-896d68059080", "purpose": "submission_image", "trigger": "backfill", "originalKey": "e5484882-26c8-430d-9c84-7ce112269fe8/1768427061667-IMG_1812.jpg", "originalBucket": "route-uploads", "storageProvider": "supabase", "triggeredByUserId": "e5484882-26c8-430d-9c84-7ce112269fe8"}	5	5	2026-03-10 17:15:53.628+00	\N	\N	Access Denied	2026-03-10 17:13:06.73859+00	2026-03-10 17:15:53.700915+00
40815dfe-0c9e-4793-aaa0-c4b06d574693	01dfa9c4-5075-45bd-b6df-fef776ad8b02	ingest_image	failed	{"imageId": "01dfa9c4-5075-45bd-b6df-fef776ad8b02", "purpose": "submission_image", "trigger": "backfill", "originalKey": "e5484882-26c8-430d-9c84-7ce112269fe8/1768428053075-IMG_2591.jpg", "originalBucket": "route-uploads", "storageProvider": "supabase", "triggeredByUserId": "e5484882-26c8-430d-9c84-7ce112269fe8"}	5	5	2026-03-10 17:15:54.013+00	\N	\N	Access Denied	2026-03-10 17:13:06.73859+00	2026-03-10 17:15:54.053243+00
50c7259c-52f9-4cdf-9933-ce8004e858ef	1278cb47-c6de-4ef6-a347-698546243ddf	ingest_image	failed	{"imageId": "1278cb47-c6de-4ef6-a347-698546243ddf", "purpose": "submission_image", "trigger": "backfill", "originalKey": "e5484882-26c8-430d-9c84-7ce112269fe8/1768428124414-IMG_2604.jpg", "originalBucket": "route-uploads", "storageProvider": "supabase", "triggeredByUserId": "e5484882-26c8-430d-9c84-7ce112269fe8"}	5	5	2026-03-10 17:15:54.396+00	\N	\N	Access Denied	2026-03-10 17:13:06.73859+00	2026-03-10 17:15:54.436777+00
83cb388e-456c-44c9-96b7-8802d28a6ae7	4c182e9e-1e05-4862-9ac0-896d68059080	ingest_image	completed	{"imageId": "4c182e9e-1e05-4862-9ac0-896d68059080", "purpose": "submission_image", "trigger": "backfill", "originalKey": "e5484882-26c8-430d-9c84-7ce112269fe8/1768427061667-IMG_1812.jpg", "originalBucket": "route-uploads", "storageProvider": "supabase", "triggeredByUserId": "e5484882-26c8-430d-9c84-7ce112269fe8"}	1	5	2026-03-10 17:23:18.158878+00	\N	\N	\N	2026-03-10 17:23:18.158878+00	2026-03-10 17:23:43.545987+00
2224872d-3629-4587-bf8a-557d05ba234c	87a11c1f-5fe4-46ba-b255-a6ecea238406	ingest_image	failed	{"imageId": "87a11c1f-5fe4-46ba-b255-a6ecea238406", "purpose": "submission_image", "trigger": "backfill", "originalKey": "e5484882-26c8-430d-9c84-7ce112269fe8/1768428310527-IMG_3232.jpg", "originalBucket": "route-uploads", "storageProvider": "supabase", "triggeredByUserId": "e5484882-26c8-430d-9c84-7ce112269fe8"}	5	5	2026-03-10 17:15:54.778+00	\N	\N	Access Denied	2026-03-10 17:13:06.73859+00	2026-03-10 17:15:54.817423+00
5ffe97a5-f6c9-4143-95ef-1b4a65cb75ae	82695588-31a0-4651-9288-6d5b765ba26a	ingest_image	failed	{"imageId": "82695588-31a0-4651-9288-6d5b765ba26a", "purpose": "submission_image", "trigger": "backfill", "originalKey": "e5484882-26c8-430d-9c84-7ce112269fe8/1768428563286-IMG_3251.jpg", "originalBucket": "route-uploads", "storageProvider": "supabase", "triggeredByUserId": "e5484882-26c8-430d-9c84-7ce112269fe8"}	5	5	2026-03-10 17:15:55.134+00	\N	\N	Access Denied	2026-03-10 17:13:06.73859+00	2026-03-10 17:15:55.173574+00
a8f0d410-9962-4de3-a187-19f71d8b2acc	2b49da6c-9c8b-4109-a868-ac9841409667	ingest_image	failed	{"imageId": "2b49da6c-9c8b-4109-a868-ac9841409667", "purpose": "submission_image", "trigger": "backfill", "originalKey": "e5484882-26c8-430d-9c84-7ce112269fe8/1769180070746-IMG_1737.jpg", "originalBucket": "route-uploads", "storageProvider": "supabase", "triggeredByUserId": "e5484882-26c8-430d-9c84-7ce112269fe8"}	5	5	2026-03-10 17:15:55.859+00	\N	\N	Access Denied	2026-03-10 17:13:06.73859+00	2026-03-10 17:15:55.898688+00
8e2b849c-c047-4542-a290-848e48c0ed53	f904eaef-706e-402d-a1c6-d0bd4e2e2f9a	ingest_image	failed	{"imageId": "f904eaef-706e-402d-a1c6-d0bd4e2e2f9a", "purpose": "submission_image", "trigger": "backfill", "originalKey": "e5484882-26c8-430d-9c84-7ce112269fe8/1769180590352-IMG_3075.jpg", "originalBucket": "route-uploads", "storageProvider": "supabase", "triggeredByUserId": "e5484882-26c8-430d-9c84-7ce112269fe8"}	5	5	2026-03-10 17:15:56.569+00	\N	\N	Access Denied	2026-03-10 17:13:06.73859+00	2026-03-10 17:15:56.606677+00
8edfca1d-67b4-4233-b6a5-77c42c558417	115a6e71-af21-473c-bd99-d974bbe504ea	ingest_image	failed	{"imageId": "115a6e71-af21-473c-bd99-d974bbe504ea", "purpose": "submission_image", "trigger": "backfill", "originalKey": "e5484882-26c8-430d-9c84-7ce112269fe8/1769180731963-IMG_3085.jpg", "originalBucket": "route-uploads", "storageProvider": "supabase", "triggeredByUserId": "e5484882-26c8-430d-9c84-7ce112269fe8"}	5	5	2026-03-10 17:15:56.923+00	\N	\N	Access Denied	2026-03-10 17:13:06.73859+00	2026-03-10 17:15:56.959921+00
35b65460-72bf-4a21-84f5-9137082199a6	02ea9c84-4587-4e26-a05b-5f54cfce8dd5	ingest_image	failed	{"imageId": "02ea9c84-4587-4e26-a05b-5f54cfce8dd5", "purpose": "submission_image", "trigger": "backfill", "originalKey": "e5484882-26c8-430d-9c84-7ce112269fe8/1769180872479-IMG_3141.jpg", "originalBucket": "route-uploads", "storageProvider": "supabase", "triggeredByUserId": "e5484882-26c8-430d-9c84-7ce112269fe8"}	5	5	2026-03-10 17:15:57.299+00	\N	\N	Access Denied	2026-03-10 17:13:06.73859+00	2026-03-10 17:15:57.338585+00
064d4c27-5811-47c3-9e0c-820e8acbc29a	d8c8b9e9-6131-46d9-b42e-9ddfc1f8726c	ingest_image	failed	{"imageId": "d8c8b9e9-6131-46d9-b42e-9ddfc1f8726c", "purpose": "submission_image", "trigger": "backfill", "originalKey": "e5484882-26c8-430d-9c84-7ce112269fe8/1769180958491-IMG_3244.jpg", "originalBucket": "route-uploads", "storageProvider": "supabase", "triggeredByUserId": "e5484882-26c8-430d-9c84-7ce112269fe8"}	5	5	2026-03-10 17:15:57.668+00	\N	\N	Access Denied	2026-03-10 17:13:06.73859+00	2026-03-10 17:15:57.710089+00
8138ea8a-3a02-4a34-a4e8-2fc1dfd48502	58caf498-ad3c-4bfa-b429-9afbe6296d53	ingest_image	failed	{"imageId": "58caf498-ad3c-4bfa-b429-9afbe6296d53", "purpose": "submission_image", "trigger": "backfill", "originalKey": "e5484882-26c8-430d-9c84-7ce112269fe8/1769181434650-IMG_1163.jpg", "originalBucket": "route-uploads", "storageProvider": "supabase", "triggeredByUserId": "e5484882-26c8-430d-9c84-7ce112269fe8"}	5	5	2026-03-10 17:15:58.046+00	\N	\N	Access Denied	2026-03-10 17:13:06.73859+00	2026-03-10 17:15:58.088807+00
749fab6c-eba2-493d-9c6e-806552053299	911f2dcc-e2b4-4eb1-bb4f-00f949959a16	ingest_image	failed	{"imageId": "911f2dcc-e2b4-4eb1-bb4f-00f949959a16", "purpose": "submission_image", "trigger": "backfill", "originalKey": "e5484882-26c8-430d-9c84-7ce112269fe8/1769181721476-IMG_2967.jpg", "originalBucket": "route-uploads", "storageProvider": "supabase", "triggeredByUserId": "e5484882-26c8-430d-9c84-7ce112269fe8"}	5	5	2026-03-10 17:15:58.39+00	\N	\N	Access Denied	2026-03-10 17:13:06.73859+00	2026-03-10 17:15:58.443244+00
df7f376a-3ed0-4edd-b1b5-a408d17fe66a	fe4372e6-e4fc-4f1a-9f83-978771166b52	ingest_image	failed	{"imageId": "fe4372e6-e4fc-4f1a-9f83-978771166b52", "purpose": "submission_image", "trigger": "backfill", "originalKey": "e5484882-26c8-430d-9c84-7ce112269fe8/1769181810901-IMG_2968.jpg", "originalBucket": "route-uploads", "storageProvider": "supabase", "triggeredByUserId": "e5484882-26c8-430d-9c84-7ce112269fe8"}	5	5	2026-03-10 17:15:58.786+00	\N	\N	Access Denied	2026-03-10 17:13:06.73859+00	2026-03-10 17:15:58.825141+00
f07c4abd-80d7-4247-bd6f-4d45d5c86524	7f8569ea-c138-44fd-9a81-8b892b135701	ingest_image	failed	{"imageId": "7f8569ea-c138-44fd-9a81-8b892b135701", "purpose": "submission_image", "trigger": "backfill", "originalKey": "e5484882-26c8-430d-9c84-7ce112269fe8/1769182045594-IMG_2969.jpg", "originalBucket": "route-uploads", "storageProvider": "supabase", "triggeredByUserId": "e5484882-26c8-430d-9c84-7ce112269fe8"}	5	5	2026-03-10 17:15:59.134+00	\N	\N	Access Denied	2026-03-10 17:13:06.73859+00	2026-03-10 17:15:59.178393+00
de832e42-e28b-4580-a26b-44357cc1e556	549b1452-4ca4-4e5d-8334-ee639d37bf92	ingest_image	failed	{"imageId": "549b1452-4ca4-4e5d-8334-ee639d37bf92", "purpose": "submission_image", "trigger": "backfill", "originalKey": "e5484882-26c8-430d-9c84-7ce112269fe8/1769182139056-IMG_3097.jpg", "originalBucket": "route-uploads", "storageProvider": "supabase", "triggeredByUserId": "e5484882-26c8-430d-9c84-7ce112269fe8"}	5	5	2026-03-10 17:15:59.527+00	\N	\N	Access Denied	2026-03-10 17:13:06.73859+00	2026-03-10 17:15:59.565698+00
817b7dc8-afe4-46e6-b388-09553fecf43d	5dbe66f6-ded7-4df2-bae0-993277d95673	ingest_image	failed	{"imageId": "5dbe66f6-ded7-4df2-bae0-993277d95673", "purpose": "submission_image", "trigger": "backfill", "originalKey": "e5484882-26c8-430d-9c84-7ce112269fe8/1768426207585-IMG_1816.jpg", "originalBucket": "route-uploads", "storageProvider": "supabase", "triggeredByUserId": "e5484882-26c8-430d-9c84-7ce112269fe8"}	5	5	2026-03-10 17:15:48.128+00	\N	\N	Access Denied	2026-03-10 17:13:06.73859+00	2026-03-10 17:15:48.224182+00
da9258a1-a33c-4a70-b3b4-4e3755eaf4e9	505cd44d-9eaf-4e71-8bd9-36748c909aa9	ingest_image	failed	{"imageId": "505cd44d-9eaf-4e71-8bd9-36748c909aa9", "purpose": "submission_image", "trigger": "backfill", "originalKey": "e5484882-26c8-430d-9c84-7ce112269fe8/1769179888152-IMG_1704.jpg", "originalBucket": "route-uploads", "storageProvider": "supabase", "triggeredByUserId": "e5484882-26c8-430d-9c84-7ce112269fe8"}	5	5	2026-03-10 17:15:55.499+00	\N	\N	Access Denied	2026-03-10 17:13:06.73859+00	2026-03-10 17:15:55.539521+00
a323185c-18cd-4dec-a67e-be069e358acc	e91aa8ab-ce5f-456d-8641-90ed87062e71	ingest_image	failed	{"imageId": "e91aa8ab-ce5f-456d-8641-90ed87062e71", "purpose": "submission_image", "trigger": "backfill", "originalKey": "e5484882-26c8-430d-9c84-7ce112269fe8/1769180323146-IMG_1838.jpg", "originalBucket": "route-uploads", "storageProvider": "supabase", "triggeredByUserId": "e5484882-26c8-430d-9c84-7ce112269fe8"}	5	5	2026-03-10 17:15:56.212+00	\N	\N	Access Denied	2026-03-10 17:13:06.73859+00	2026-03-10 17:15:56.255992+00
67479140-d518-4e55-8f31-35d5f0800ba8	39b9871d-071c-4520-b305-8ae57500be05	ingest_image	failed	{"imageId": "39b9871d-071c-4520-b305-8ae57500be05", "purpose": "submission_image", "trigger": "backfill", "originalKey": "e5484882-26c8-430d-9c84-7ce112269fe8/1769182257999-IMG_3355.jpg", "originalBucket": "route-uploads", "storageProvider": "supabase", "triggeredByUserId": "e5484882-26c8-430d-9c84-7ce112269fe8"}	5	5	2026-03-10 17:15:59.88+00	\N	\N	Access Denied	2026-03-10 17:13:06.73859+00	2026-03-10 17:15:59.92238+00
c04aaac3-bf1e-4282-8244-7ae69b2357cb	215b8180-4727-404d-8fbf-6cb9bd8f5f9a	ingest_image	failed	{"imageId": "215b8180-4727-404d-8fbf-6cb9bd8f5f9a", "purpose": "submission_image", "trigger": "backfill", "originalKey": "e5484882-26c8-430d-9c84-7ce112269fe8/1769182538201-IMG_3354.jpg", "originalBucket": "route-uploads", "storageProvider": "supabase", "triggeredByUserId": "e5484882-26c8-430d-9c84-7ce112269fe8"}	5	5	2026-03-10 17:16:00.246+00	\N	\N	Access Denied	2026-03-10 17:13:06.73859+00	2026-03-10 17:16:00.288483+00
7d66afaf-817e-4d54-a743-e31b4dd41525	1278cb47-c6de-4ef6-a347-698546243ddf	ingest_image	completed	{"imageId": "1278cb47-c6de-4ef6-a347-698546243ddf", "purpose": "submission_image", "trigger": "backfill", "originalKey": "e5484882-26c8-430d-9c84-7ce112269fe8/1768428124414-IMG_2604.jpg", "originalBucket": "route-uploads", "storageProvider": "supabase", "triggeredByUserId": "e5484882-26c8-430d-9c84-7ce112269fe8"}	1	5	2026-03-10 17:23:18.158878+00	\N	\N	\N	2026-03-10 17:23:18.158878+00	2026-03-10 17:24:07.555582+00
697b58bc-0254-4392-b59a-10072a0d9f3a	625b7c07-055e-4fb8-ad9d-35f40328e558	ingest_image	failed	{"imageId": "625b7c07-055e-4fb8-ad9d-35f40328e558", "purpose": "submission_image", "trigger": "backfill", "originalKey": "e5484882-26c8-430d-9c84-7ce112269fe8/1770230681284-968B19E9-6180-47AC-AC0D-513AA5AA2BDA.jpeg", "originalBucket": "route-uploads", "storageProvider": "supabase", "triggeredByUserId": "e5484882-26c8-430d-9c84-7ce112269fe8"}	5	5	2026-03-10 17:16:00.662+00	\N	\N	Access Denied	2026-03-10 17:13:06.73859+00	2026-03-10 17:16:00.700479+00
c0eb59ee-34f3-447c-8d8e-d0b97af15471	127fa0a5-5d0e-451d-b2f5-c0e07b6e52ef	ingest_image	failed	{"imageId": "127fa0a5-5d0e-451d-b2f5-c0e07b6e52ef", "purpose": "submission_image", "trigger": "backfill", "originalKey": "e5484882-26c8-430d-9c84-7ce112269fe8/1770477738214-94C929EC-9AD7-4D44-BC57-6728AA571C98.png", "originalBucket": "route-uploads", "storageProvider": "supabase", "triggeredByUserId": "e5484882-26c8-430d-9c84-7ce112269fe8"}	5	5	2026-03-10 17:16:01.035+00	\N	\N	Access Denied	2026-03-10 17:13:06.73859+00	2026-03-10 17:16:01.082405+00
383e70f0-09b0-4a65-9e25-65d14a8878c2	87a11c1f-5fe4-46ba-b255-a6ecea238406	ingest_image	completed	{"imageId": "87a11c1f-5fe4-46ba-b255-a6ecea238406", "purpose": "submission_image", "trigger": "backfill", "originalKey": "e5484882-26c8-430d-9c84-7ce112269fe8/1768428310527-IMG_3232.jpg", "originalBucket": "route-uploads", "storageProvider": "supabase", "triggeredByUserId": "e5484882-26c8-430d-9c84-7ce112269fe8"}	1	5	2026-03-10 17:23:18.158878+00	\N	\N	\N	2026-03-10 17:23:18.158878+00	2026-03-10 17:24:20.239622+00
6386dd9b-5aae-431d-af9e-161a664c7a73	7603babd-f739-41b4-9911-28dafa162e83	ingest_image	failed	{"imageId": "7603babd-f739-41b4-9911-28dafa162e83", "purpose": "submission_image", "trigger": "backfill", "originalKey": "fcf46093-2632-4f87-a560-c520ad9877eb/1771602339785-1000026184.jpg", "originalBucket": "route-uploads", "storageProvider": "supabase", "triggeredByUserId": "fcf46093-2632-4f87-a560-c520ad9877eb"}	5	5	2026-03-10 17:16:01.407+00	\N	\N	Access Denied	2026-03-10 17:13:06.73859+00	2026-03-10 17:16:01.446349+00
47bcbfe5-5a2d-42d5-ba35-284f8e85b3fe	d05a1dcc-3380-4f4a-85e0-9f19aada2ecd	ingest_image	failed	{"imageId": "d05a1dcc-3380-4f4a-85e0-9f19aada2ecd", "purpose": "submission_image", "trigger": "backfill", "originalKey": "3d4fcee7-7b78-42a5-bac5-8293378a86b2/1772644769094-2f23184a-808f-416b-98a7-eb02df6794f0.png", "originalBucket": "route-uploads", "storageProvider": "supabase", "triggeredByUserId": "3d4fcee7-7b78-42a5-bac5-8293378a86b2"}	5	5	2026-03-10 17:16:01.821+00	\N	\N	Access Denied	2026-03-10 17:13:06.73859+00	2026-03-10 17:16:01.864128+00
13769ffd-1eb9-4d77-99e5-2301cdd0d817	82695588-31a0-4651-9288-6d5b765ba26a	ingest_image	completed	{"imageId": "82695588-31a0-4651-9288-6d5b765ba26a", "purpose": "submission_image", "trigger": "backfill", "originalKey": "e5484882-26c8-430d-9c84-7ce112269fe8/1768428563286-IMG_3251.jpg", "originalBucket": "route-uploads", "storageProvider": "supabase", "triggeredByUserId": "e5484882-26c8-430d-9c84-7ce112269fe8"}	1	5	2026-03-10 17:23:18.158878+00	\N	\N	\N	2026-03-10 17:23:18.158878+00	2026-03-10 17:24:32.952798+00
a6406026-f57a-447c-8b24-cd59525b59b8	1119f589-ac64-4daa-afa2-d49befc6fba8	ingest_image	failed	{"imageId": "1119f589-ac64-4daa-afa2-d49befc6fba8", "purpose": "submission_image", "trigger": "backfill", "originalKey": "c866ca90-e0a9-4e6c-9a5d-8494f064a78a/1773088128694-b95de95a-c911-4371-91b9-b42f37c15b37.jpg", "originalBucket": "route-uploads", "storageProvider": "supabase", "triggeredByUserId": "c866ca90-e0a9-4e6c-9a5d-8494f064a78a"}	5	5	2026-03-10 17:16:02.198+00	\N	\N	Access Denied	2026-03-10 17:13:06.73859+00	2026-03-10 17:16:02.235854+00
5c5be2a5-d60b-4413-8b5a-d37aef3ff12c	dc032273-2624-4cf0-9314-b0f5af4cda9a	ingest_image	failed	{"imageId": "dc032273-2624-4cf0-9314-b0f5af4cda9a", "purpose": "submission_image", "trigger": "backfill", "originalKey": "c866ca90-e0a9-4e6c-9a5d-8494f064a78a/1773088130146-ffc52ebd-c082-41e6-9008-2828f0c73dc6.jpg", "originalBucket": "route-uploads", "storageProvider": "supabase", "triggeredByUserId": "c866ca90-e0a9-4e6c-9a5d-8494f064a78a"}	5	5	2026-03-10 17:16:02.569+00	\N	\N	Access Denied	2026-03-10 17:13:06.73859+00	2026-03-10 17:16:02.612673+00
d6a66947-cf3a-429d-8d62-0681122accb7	f12c807b-5554-4a9f-b59c-d09068e63ae5	ingest_image	failed	{"imageId": "f12c807b-5554-4a9f-b59c-d09068e63ae5", "purpose": "submission_image", "trigger": "backfill", "originalKey": "c866ca90-e0a9-4e6c-9a5d-8494f064a78a/1773088127476-49b335f5-63e8-49a9-b387-07ad36074804.jpg", "originalBucket": "route-uploads", "storageProvider": "supabase", "triggeredByUserId": "c866ca90-e0a9-4e6c-9a5d-8494f064a78a"}	5	5	2026-03-10 17:16:02.97+00	\N	\N	Access Denied	2026-03-10 17:13:06.73859+00	2026-03-10 17:16:03.028608+00
90def073-3536-48cd-85d6-875d40a4be2b	f25bbc14-3af0-42d5-888e-939767b57a89	ingest_image	failed	{"imageId": "f25bbc14-3af0-42d5-888e-939767b57a89", "purpose": "submission_image", "trigger": "backfill", "originalKey": "c866ca90-e0a9-4e6c-9a5d-8494f064a78a/1773088125862-b20f2f37-4fa8-4d6d-9d42-a3202e101e60.jpg", "originalBucket": "route-uploads", "storageProvider": "supabase", "triggeredByUserId": "c866ca90-e0a9-4e6c-9a5d-8494f064a78a"}	5	5	2026-03-10 17:16:03.361+00	\N	\N	Access Denied	2026-03-10 17:13:06.73859+00	2026-03-10 17:16:03.401639+00
7131268d-2ef0-44af-9a9b-b7acef763664	2b49da6c-9c8b-4109-a868-ac9841409667	ingest_image	completed	{"imageId": "2b49da6c-9c8b-4109-a868-ac9841409667", "purpose": "submission_image", "trigger": "backfill", "originalKey": "e5484882-26c8-430d-9c84-7ce112269fe8/1769180070746-IMG_1737.jpg", "originalBucket": "route-uploads", "storageProvider": "supabase", "triggeredByUserId": "e5484882-26c8-430d-9c84-7ce112269fe8"}	1	5	2026-03-10 17:23:18.158878+00	\N	\N	\N	2026-03-10 17:23:18.158878+00	2026-03-10 17:24:57.289353+00
a5fdfea7-2673-42c4-9334-aba7c6791b0c	e91aa8ab-ce5f-456d-8641-90ed87062e71	ingest_image	completed	{"imageId": "e91aa8ab-ce5f-456d-8641-90ed87062e71", "purpose": "submission_image", "trigger": "backfill", "originalKey": "e5484882-26c8-430d-9c84-7ce112269fe8/1769180323146-IMG_1838.jpg", "originalBucket": "route-uploads", "storageProvider": "supabase", "triggeredByUserId": "e5484882-26c8-430d-9c84-7ce112269fe8"}	1	5	2026-03-10 17:23:18.158878+00	\N	\N	\N	2026-03-10 17:23:18.158878+00	2026-03-10 17:25:10.337655+00
f5f0aeb1-4b3a-4463-9826-202aec8a7b03	115a6e71-af21-473c-bd99-d974bbe504ea	ingest_image	completed	{"imageId": "115a6e71-af21-473c-bd99-d974bbe504ea", "purpose": "submission_image", "trigger": "backfill", "originalKey": "e5484882-26c8-430d-9c84-7ce112269fe8/1769180731963-IMG_3085.jpg", "originalBucket": "route-uploads", "storageProvider": "supabase", "triggeredByUserId": "e5484882-26c8-430d-9c84-7ce112269fe8"}	1	5	2026-03-10 17:23:18.158878+00	\N	\N	\N	2026-03-10 17:23:18.158878+00	2026-03-10 17:25:41.783983+00
903874ed-9b05-4eb0-a79c-ec8585461c1e	02ea9c84-4587-4e26-a05b-5f54cfce8dd5	ingest_image	completed	{"imageId": "02ea9c84-4587-4e26-a05b-5f54cfce8dd5", "purpose": "submission_image", "trigger": "backfill", "originalKey": "e5484882-26c8-430d-9c84-7ce112269fe8/1769180872479-IMG_3141.jpg", "originalBucket": "route-uploads", "storageProvider": "supabase", "triggeredByUserId": "e5484882-26c8-430d-9c84-7ce112269fe8"}	1	5	2026-03-10 17:23:18.158878+00	\N	\N	\N	2026-03-10 17:23:18.158878+00	2026-03-10 17:25:54.756999+00
e6f03aac-df9b-4915-91a1-e700ee34957c	d8c8b9e9-6131-46d9-b42e-9ddfc1f8726c	ingest_image	completed	{"imageId": "d8c8b9e9-6131-46d9-b42e-9ddfc1f8726c", "purpose": "submission_image", "trigger": "backfill", "originalKey": "e5484882-26c8-430d-9c84-7ce112269fe8/1769180958491-IMG_3244.jpg", "originalBucket": "route-uploads", "storageProvider": "supabase", "triggeredByUserId": "e5484882-26c8-430d-9c84-7ce112269fe8"}	1	5	2026-03-10 17:23:18.158878+00	\N	\N	\N	2026-03-10 17:23:18.158878+00	2026-03-10 17:26:08.142469+00
af5f55b4-09db-41ec-a729-c97bdc7e56c8	58caf498-ad3c-4bfa-b429-9afbe6296d53	ingest_image	completed	{"imageId": "58caf498-ad3c-4bfa-b429-9afbe6296d53", "purpose": "submission_image", "trigger": "backfill", "originalKey": "e5484882-26c8-430d-9c84-7ce112269fe8/1769181434650-IMG_1163.jpg", "originalBucket": "route-uploads", "storageProvider": "supabase", "triggeredByUserId": "e5484882-26c8-430d-9c84-7ce112269fe8"}	1	5	2026-03-10 17:23:18.158878+00	\N	\N	\N	2026-03-10 17:23:18.158878+00	2026-03-10 17:26:20.700256+00
25623592-a6ed-4c9d-9232-59488d25a40b	911f2dcc-e2b4-4eb1-bb4f-00f949959a16	ingest_image	completed	{"imageId": "911f2dcc-e2b4-4eb1-bb4f-00f949959a16", "purpose": "submission_image", "trigger": "backfill", "originalKey": "e5484882-26c8-430d-9c84-7ce112269fe8/1769181721476-IMG_2967.jpg", "originalBucket": "route-uploads", "storageProvider": "supabase", "triggeredByUserId": "e5484882-26c8-430d-9c84-7ce112269fe8"}	1	5	2026-03-10 17:23:18.158878+00	\N	\N	\N	2026-03-10 17:23:18.158878+00	2026-03-10 17:26:33.004246+00
b2b2e708-27b1-4936-8c26-6e88a5fd81e9	fe4372e6-e4fc-4f1a-9f83-978771166b52	ingest_image	completed	{"imageId": "fe4372e6-e4fc-4f1a-9f83-978771166b52", "purpose": "submission_image", "trigger": "backfill", "originalKey": "e5484882-26c8-430d-9c84-7ce112269fe8/1769181810901-IMG_2968.jpg", "originalBucket": "route-uploads", "storageProvider": "supabase", "triggeredByUserId": "e5484882-26c8-430d-9c84-7ce112269fe8"}	1	5	2026-03-10 17:23:18.158878+00	\N	\N	\N	2026-03-10 17:23:18.158878+00	2026-03-10 17:26:44.978961+00
2561fe45-edb4-470c-b166-fc87f0287a6d	7f8569ea-c138-44fd-9a81-8b892b135701	ingest_image	completed	{"imageId": "7f8569ea-c138-44fd-9a81-8b892b135701", "purpose": "submission_image", "trigger": "backfill", "originalKey": "e5484882-26c8-430d-9c84-7ce112269fe8/1769182045594-IMG_2969.jpg", "originalBucket": "route-uploads", "storageProvider": "supabase", "triggeredByUserId": "e5484882-26c8-430d-9c84-7ce112269fe8"}	1	5	2026-03-10 17:23:18.158878+00	\N	\N	\N	2026-03-10 17:23:18.158878+00	2026-03-10 17:26:57.548467+00
85a4704d-d429-4132-acd0-32ef0bcf50e2	549b1452-4ca4-4e5d-8334-ee639d37bf92	ingest_image	completed	{"imageId": "549b1452-4ca4-4e5d-8334-ee639d37bf92", "purpose": "submission_image", "trigger": "backfill", "originalKey": "e5484882-26c8-430d-9c84-7ce112269fe8/1769182139056-IMG_3097.jpg", "originalBucket": "route-uploads", "storageProvider": "supabase", "triggeredByUserId": "e5484882-26c8-430d-9c84-7ce112269fe8"}	1	5	2026-03-10 17:23:18.158878+00	\N	\N	\N	2026-03-10 17:23:18.158878+00	2026-03-10 17:27:09.656027+00
b354b18b-9ba2-4c8f-bd41-59820ba48684	39b9871d-071c-4520-b305-8ae57500be05	ingest_image	completed	{"imageId": "39b9871d-071c-4520-b305-8ae57500be05", "purpose": "submission_image", "trigger": "backfill", "originalKey": "e5484882-26c8-430d-9c84-7ce112269fe8/1769182257999-IMG_3355.jpg", "originalBucket": "route-uploads", "storageProvider": "supabase", "triggeredByUserId": "e5484882-26c8-430d-9c84-7ce112269fe8"}	1	5	2026-03-10 17:23:18.158878+00	\N	\N	\N	2026-03-10 17:23:18.158878+00	2026-03-10 17:27:22.865987+00
bac5fce4-bf3e-420e-aee4-46faeae27905	215b8180-4727-404d-8fbf-6cb9bd8f5f9a	ingest_image	completed	{"imageId": "215b8180-4727-404d-8fbf-6cb9bd8f5f9a", "purpose": "submission_image", "trigger": "backfill", "originalKey": "e5484882-26c8-430d-9c84-7ce112269fe8/1769182538201-IMG_3354.jpg", "originalBucket": "route-uploads", "storageProvider": "supabase", "triggeredByUserId": "e5484882-26c8-430d-9c84-7ce112269fe8"}	1	5	2026-03-10 17:23:18.158878+00	\N	\N	\N	2026-03-10 17:23:18.158878+00	2026-03-10 17:27:35.71103+00
3d4c1a5d-ab6c-40fc-b448-9a66fac8b5f9	625b7c07-055e-4fb8-ad9d-35f40328e558	ingest_image	completed	{"imageId": "625b7c07-055e-4fb8-ad9d-35f40328e558", "purpose": "submission_image", "trigger": "backfill", "originalKey": "e5484882-26c8-430d-9c84-7ce112269fe8/1770230681284-968B19E9-6180-47AC-AC0D-513AA5AA2BDA.jpeg", "originalBucket": "route-uploads", "storageProvider": "supabase", "triggeredByUserId": "e5484882-26c8-430d-9c84-7ce112269fe8"}	1	5	2026-03-10 17:23:18.158878+00	\N	\N	\N	2026-03-10 17:23:18.158878+00	2026-03-10 17:27:47.533395+00
aaef457e-045b-4649-bd17-baa74bb3dcdc	127fa0a5-5d0e-451d-b2f5-c0e07b6e52ef	ingest_image	completed	{"imageId": "127fa0a5-5d0e-451d-b2f5-c0e07b6e52ef", "purpose": "submission_image", "trigger": "backfill", "originalKey": "e5484882-26c8-430d-9c84-7ce112269fe8/1770477738214-94C929EC-9AD7-4D44-BC57-6728AA571C98.png", "originalBucket": "route-uploads", "storageProvider": "supabase", "triggeredByUserId": "e5484882-26c8-430d-9c84-7ce112269fe8"}	1	5	2026-03-10 17:23:18.158878+00	\N	\N	\N	2026-03-10 17:23:18.158878+00	2026-03-10 17:27:59.575254+00
5ebaed78-8950-468f-a511-9d813b0ef189	7603babd-f739-41b4-9911-28dafa162e83	ingest_image	completed	{"imageId": "7603babd-f739-41b4-9911-28dafa162e83", "purpose": "submission_image", "trigger": "backfill", "originalKey": "fcf46093-2632-4f87-a560-c520ad9877eb/1771602339785-1000026184.jpg", "originalBucket": "route-uploads", "storageProvider": "supabase", "triggeredByUserId": "fcf46093-2632-4f87-a560-c520ad9877eb"}	1	5	2026-03-10 17:23:18.158878+00	\N	\N	\N	2026-03-10 17:23:18.158878+00	2026-03-10 17:28:41.603818+00
d1f416cc-c862-42f4-85fe-96dda067fdb0	d05a1dcc-3380-4f4a-85e0-9f19aada2ecd	ingest_image	completed	{"imageId": "d05a1dcc-3380-4f4a-85e0-9f19aada2ecd", "purpose": "submission_image", "trigger": "backfill", "originalKey": "3d4fcee7-7b78-42a5-bac5-8293378a86b2/1772644769094-2f23184a-808f-416b-98a7-eb02df6794f0.png", "originalBucket": "route-uploads", "storageProvider": "supabase", "triggeredByUserId": "3d4fcee7-7b78-42a5-bac5-8293378a86b2"}	1	5	2026-03-10 17:23:18.158878+00	\N	\N	\N	2026-03-10 17:23:18.158878+00	2026-03-10 17:28:51.396695+00
94430a9f-bc15-40ad-b3bf-7c826d9067c2	5dbe66f6-ded7-4df2-bae0-993277d95673	ingest_image	completed	{"imageId": "5dbe66f6-ded7-4df2-bae0-993277d95673", "purpose": "submission_image", "trigger": "backfill", "originalKey": "e5484882-26c8-430d-9c84-7ce112269fe8/1768426207585-IMG_1816.jpg", "originalBucket": "route-uploads", "storageProvider": "supabase", "triggeredByUserId": "e5484882-26c8-430d-9c84-7ce112269fe8"}	1	5	2026-03-10 17:23:18.158878+00	\N	\N	\N	2026-03-10 17:23:18.158878+00	2026-03-10 17:23:31.369908+00
11b13742-bfe8-4582-a98b-69ba43780ba0	01dfa9c4-5075-45bd-b6df-fef776ad8b02	ingest_image	completed	{"imageId": "01dfa9c4-5075-45bd-b6df-fef776ad8b02", "purpose": "submission_image", "trigger": "backfill", "originalKey": "e5484882-26c8-430d-9c84-7ce112269fe8/1768428053075-IMG_2591.jpg", "originalBucket": "route-uploads", "storageProvider": "supabase", "triggeredByUserId": "e5484882-26c8-430d-9c84-7ce112269fe8"}	1	5	2026-03-10 17:23:18.158878+00	\N	\N	\N	2026-03-10 17:23:18.158878+00	2026-03-10 17:23:55.832526+00
053dd869-e62a-42d1-a33e-11fc4cf37597	505cd44d-9eaf-4e71-8bd9-36748c909aa9	ingest_image	completed	{"imageId": "505cd44d-9eaf-4e71-8bd9-36748c909aa9", "purpose": "submission_image", "trigger": "backfill", "originalKey": "e5484882-26c8-430d-9c84-7ce112269fe8/1769179888152-IMG_1704.jpg", "originalBucket": "route-uploads", "storageProvider": "supabase", "triggeredByUserId": "e5484882-26c8-430d-9c84-7ce112269fe8"}	1	5	2026-03-10 17:23:18.158878+00	\N	\N	\N	2026-03-10 17:23:18.158878+00	2026-03-10 17:24:44.408498+00
bd982f6c-35be-4313-a995-2e60064b90cb	f904eaef-706e-402d-a1c6-d0bd4e2e2f9a	ingest_image	completed	{"imageId": "f904eaef-706e-402d-a1c6-d0bd4e2e2f9a", "purpose": "submission_image", "trigger": "backfill", "originalKey": "e5484882-26c8-430d-9c84-7ce112269fe8/1769180590352-IMG_3075.jpg", "originalBucket": "route-uploads", "storageProvider": "supabase", "triggeredByUserId": "e5484882-26c8-430d-9c84-7ce112269fe8"}	1	5	2026-03-10 17:23:18.158878+00	\N	\N	\N	2026-03-10 17:23:18.158878+00	2026-03-10 17:25:26.130316+00
414a87b7-c38d-4744-adc9-0ae58dbf32db	f25bbc14-3af0-42d5-888e-939767b57a89	ingest_image	completed	{"imageId": "f25bbc14-3af0-42d5-888e-939767b57a89", "purpose": "submission_image", "trigger": "backfill", "originalKey": "c866ca90-e0a9-4e6c-9a5d-8494f064a78a/1773088125862-b20f2f37-4fa8-4d6d-9d42-a3202e101e60.jpg", "originalBucket": "route-uploads", "storageProvider": "supabase", "triggeredByUserId": "c866ca90-e0a9-4e6c-9a5d-8494f064a78a"}	1	5	2026-03-10 17:23:18.158878+00	\N	\N	\N	2026-03-10 17:23:18.158878+00	2026-03-10 17:29:13.251603+00
d980234f-42e8-42b2-9935-5cdffa25b7ec	f12c807b-5554-4a9f-b59c-d09068e63ae5	ingest_image	completed	{"imageId": "f12c807b-5554-4a9f-b59c-d09068e63ae5", "purpose": "submission_image", "trigger": "backfill", "originalKey": "c866ca90-e0a9-4e6c-9a5d-8494f064a78a/1773088127476-49b335f5-63e8-49a9-b387-07ad36074804.jpg", "originalBucket": "route-uploads", "storageProvider": "supabase", "triggeredByUserId": "c866ca90-e0a9-4e6c-9a5d-8494f064a78a"}	1	5	2026-03-10 17:23:18.158878+00	\N	\N	\N	2026-03-10 17:23:18.158878+00	2026-03-10 17:29:35.787607+00
84cbaa36-8a25-4f9c-8bbc-29387f21ce1c	1119f589-ac64-4daa-afa2-d49befc6fba8	ingest_image	completed	{"imageId": "1119f589-ac64-4daa-afa2-d49befc6fba8", "purpose": "submission_image", "trigger": "backfill", "originalKey": "c866ca90-e0a9-4e6c-9a5d-8494f064a78a/1773088128694-b95de95a-c911-4371-91b9-b42f37c15b37.jpg", "originalBucket": "route-uploads", "storageProvider": "supabase", "triggeredByUserId": "c866ca90-e0a9-4e6c-9a5d-8494f064a78a"}	1	5	2026-03-10 17:23:18.158878+00	\N	\N	\N	2026-03-10 17:23:18.158878+00	2026-03-10 17:29:59.919709+00
24b9e6e4-db11-4fad-b4f4-457c1c30dcba	dc032273-2624-4cf0-9314-b0f5af4cda9a	ingest_image	completed	{"imageId": "dc032273-2624-4cf0-9314-b0f5af4cda9a", "purpose": "submission_image", "trigger": "backfill", "originalKey": "c866ca90-e0a9-4e6c-9a5d-8494f064a78a/1773088130146-ffc52ebd-c082-41e6-9008-2828f0c73dc6.jpg", "originalBucket": "route-uploads", "storageProvider": "supabase", "triggeredByUserId": "c866ca90-e0a9-4e6c-9a5d-8494f064a78a"}	1	5	2026-03-10 17:23:18.158878+00	\N	\N	\N	2026-03-10 17:23:18.158878+00	2026-03-10 17:30:22.487392+00
\.


--
-- Data for Name: notifications; Type: TABLE DATA; Schema: public; Owner: postgres
--

COPY "public"."notifications" ("id", "user_id", "type", "title", "message", "link", "is_read", "created_at") FROM stdin;
cf0f9b1e-37d4-4a23-bd74-dc71fc290542	e5484882-26c8-430d-9c84-7ce112269fe8	flag_resolved	Flag resolved - image removed	Your flag for an image at Fort Pembroke was resolved by removing the image.	/image/2baa107e-5c10-4c37-88de-79f3942f63d4	f	2026-01-23 14:47:42.772115+00
e31051a8-e59b-4d58-afd5-2d33a7ae9ad4	e5484882-26c8-430d-9c84-7ce112269fe8	flag_resolved	Flag resolved - image removed	Your flag for an image at Fort Pembroke was resolved by removing the image.	/image/7efd38ff-a864-4a73-8a25-1a51704ea897	f	2026-01-23 14:47:47.883599+00
d6d1aae0-3f89-4bbf-ae3f-a4ebabb59c5b	e5484882-26c8-430d-9c84-7ce112269fe8	flag_resolved	Flag resolved - image removed	Your flag for an image at Fort Le Marchant was resolved by removing the image.	/image/666a5e91-ae49-46df-a698-99bc7d7bf974	f	2026-01-23 15:16:30.032113+00
b34ecf44-9e59-484f-9dd2-be79c305ecb1	e5484882-26c8-430d-9c84-7ce112269fe8	flag_resolved	Flag resolved - image removed	Your flag for an image at Fort Le Marchant was resolved by removing the image.	/image/872d609b-643e-4225-ab23-55fbffc99d50	f	2026-01-23 15:20:40.239053+00
043fff9d-eddd-493c-8c3b-543f024e9b55	e5484882-26c8-430d-9c84-7ce112269fe8	flag_resolved	Flag resolved - image removed	Your flag for an image at The Tip was resolved by removing the image.	/image/dfb8d99d-48cf-439d-a532-55c3303550ee	f	2026-01-24 20:44:48.658947+00
a799db02-317f-45be-a19b-86419bc18ef2	e5484882-26c8-430d-9c84-7ce112269fe8	flag_resolved	Flag resolved - image removed	Your flag for an image at test was resolved by removing the image.	/image/fb087c4b-7b2b-4f66-b47a-ca22f3e013cc	f	2026-01-24 20:45:32.227258+00
1af7183a-ea65-46af-949d-aa35d2d4ab16	e5484882-26c8-430d-9c84-7ce112269fe8	flag_resolved	Flag resolved - crag removed	Your flag for crag "test" was resolved by removing the crag and all associated climbs and images.	/crags	f	2026-01-24 20:45:37.555567+00
7fd13b66-6946-4d19-bee7-d6e1dedc293f	3d4fcee7-7b78-42a5-bac5-8293378a86b2	flag_resolved	Flag resolved - image removed	Your flag for an image at Ggg was resolved by removing the image.	/image/26c5160a-3954-4832-aa5e-fd228aad74fc	f	2026-01-25 18:32:19.867808+00
f619ac95-05ad-4e9d-b1c0-9cadb2a35de3	3d4fcee7-7b78-42a5-bac5-8293378a86b2	flag_resolved	Flag resolved - crag removed	Your flag for crag "Ggg" was resolved by removing the crag and all associated climbs and images.	/crags	f	2026-01-25 18:33:04.178121+00
ff8fe453-1e60-4484-bb58-68032527de8b	3d4fcee7-7b78-42a5-bac5-8293378a86b2	flag_resolved	Flag resolved - crag removed	Your flag for crag "cccc" was resolved by removing the crag and all associated climbs and images.	/crags	f	2026-01-25 18:34:50.553567+00
ca916ac2-bbda-4961-830c-c3428348517c	3d4fcee7-7b78-42a5-bac5-8293378a86b2	flag_resolved	Flag resolved - crag removed	Your flag for crag "Zzz" was resolved by removing the crag and all associated climbs and images.	/crags	f	2026-01-26 11:24:20.975001+00
5b3a1fe2-4226-44fc-9813-05d96bb37ef2	3d4fcee7-7b78-42a5-bac5-8293378a86b2	flag_resolved	Flag resolved - image removed	Your flag for an image at 3eee was resolved by removing the image.	/image/dfa6d4c8-cb14-4a26-87b4-b675f30f3d9f	f	2026-01-27 14:21:43.108979+00
3cc524c1-ceae-492b-857e-8563e04e1142	3d4fcee7-7b78-42a5-bac5-8293378a86b2	flag_resolved	Flag resolved - crag removed	Your flag for crag "cccc" was resolved by removing the crag and all associated climbs and images.	/crags	f	2026-01-28 17:36:35.335618+00
fbe3069a-6acc-48d2-9c84-edeea38f7457	3d4fcee7-7b78-42a5-bac5-8293378a86b2	flag_resolved	Flag resolved - crag removed	Your flag for crag "fff" was resolved by removing the crag and all associated climbs and images.	/crags	f	2026-01-28 21:55:20.604928+00
040cdd11-1522-48e0-b851-6705c553f9f0	3d4fcee7-7b78-42a5-bac5-8293378a86b2	flag_resolved	Flag resolved - image removed	Your flag for an image at rrrr was resolved by removing the image.	/image/3a1a91bc-c330-4a8b-8e8c-3e5f25d88a5d	f	2026-01-30 17:55:15.006686+00
2916bc75-0688-4966-a8fd-09094cd8c7e5	3d4fcee7-7b78-42a5-bac5-8293378a86b2	flag_resolved	Flag resolved - crag removed	Your flag for crag "rrrr" was resolved by removing the crag and all associated climbs and images.	/crags	f	2026-01-30 22:56:20.682154+00
6b332f7f-70a5-499d-be72-0692968c8bba	e5484882-26c8-430d-9c84-7ce112269fe8	flag_resolved	Flag resolved - image removed	Your flag for an image at Point De La Moye East was resolved by removing the image.	/image/8128ccf8-8127-4960-861d-aeea0d877232	f	2026-02-04 18:54:34.237292+00
b7cca78b-6d70-414b-8560-5aa97d04c8e6	3d4fcee7-7b78-42a5-bac5-8293378a86b2	flag_resolved	Flag resolved - crag removed	Your flag for crag "gggg" was resolved by removing the crag and all associated climbs and images.	/crags	f	2026-02-04 20:24:45.542053+00
9c0299cb-85b2-44ed-9248-5135131197bc	3d4fcee7-7b78-42a5-bac5-8293378a86b2	flag_resolved	Flag resolved - crag removed	Your flag for crag "cccc" was resolved by removing the crag and all associated climbs and images.	/crags	f	2026-02-04 21:28:02.792414+00
c94e44bd-d732-4485-8b02-ab45523aa06b	3d4fcee7-7b78-42a5-bac5-8293378a86b2	flag_resolved	Flag resolved - crag removed	Your flag for crag "vvvvvvvv" was resolved by removing the crag and all associated climbs and images.	/crags	f	2026-02-04 21:41:56.335245+00
ce3005f2-d388-4065-86e4-eb46c3d5aec5	3d4fcee7-7b78-42a5-bac5-8293378a86b2	flag_resolved	Flag resolved - crag removed	Your flag for crag "rrrr" was resolved by removing the crag and all associated climbs and images.	/crags	f	2026-02-04 22:09:03.988073+00
9a3e3d6f-8ed3-40cf-8854-0403bd48e843	3d4fcee7-7b78-42a5-bac5-8293378a86b2	flag_resolved	Flag resolved - crag removed	Your flag for crag "ffff" was resolved by removing the crag and all associated climbs and images.	/crags	f	2026-02-04 22:09:08.871001+00
3bf8dcf8-030d-4568-8062-0559c839f30c	3d4fcee7-7b78-42a5-bac5-8293378a86b2	flag_resolved	Flag resolved - crag removed	Your flag for crag "ccccc" was resolved by removing the crag and all associated climbs and images.	/crags	f	2026-02-04 22:18:44.17545+00
52767aea-347d-49ec-9899-744ccf29fead	3d4fcee7-7b78-42a5-bac5-8293378a86b2	flag_resolved	Flag resolved - crag removed	Your flag for crag "tttt" was resolved by removing the crag and all associated climbs and images.	/crags	f	2026-02-04 22:18:45.809813+00
5603f5de-6f2a-415d-93ab-bbe6dec4530d	3d4fcee7-7b78-42a5-bac5-8293378a86b2	moderation	Photo needs changes	Your photo appears to contain a person. Please upload a version without people.	/submit	f	2026-02-04 22:31:31.226537+00
05b56ec9-8322-4740-a72d-238fca8ddb02	3d4fcee7-7b78-42a5-bac5-8293378a86b2	moderation	Photo needs changes	Your photo appears to contain a person. Please upload a version without people.	/submit	f	2026-02-04 22:36:30.348196+00
015f4e95-ff5d-4a53-a34a-a80db17896c5	3d4fcee7-7b78-42a5-bac5-8293378a86b2	flag_resolved	Flag resolved - crag removed	Your flag for crag "fffff" was resolved by removing the crag and all associated climbs and images.	/crags	f	2026-02-05 00:28:53.044383+00
898bbeb1-d3a2-4232-901a-77680b28b136	3d4fcee7-7b78-42a5-bac5-8293378a86b2	flag_resolved	Flag resolved - crag removed	Your flag for crag "vvv" was resolved by removing the crag and all associated climbs and images.	/crags	f	2026-02-05 00:28:54.796128+00
3b8d47ac-88fa-497d-890b-b97a4bbe5044	3d4fcee7-7b78-42a5-bac5-8293378a86b2	moderation	Photo needs changes	Your photo appears to contain a person. Please upload a version without people.	/submit	f	2026-02-05 15:29:50.272688+00
8cae4631-0295-4bdd-a8eb-5e5e54adbcf1	3d4fcee7-7b78-42a5-bac5-8293378a86b2	flag_resolved	Flag resolved - image removed	Your flag for an image at ccc was resolved by removing the image.	/image/73cd4c4e-b3bb-4f88-b0f7-b05de89f89fb	f	2026-02-05 15:40:27.697462+00
61a6e95f-2d53-4e78-8937-743b0e0eb6bd	3d4fcee7-7b78-42a5-bac5-8293378a86b2	moderation	Photo rejected	Your photo appears to contain a person. Please upload a version without people.	/submit	f	2026-02-05 15:45:12.227638+00
85a5b8b4-6867-446d-9dbe-731c4671a9e9	3d4fcee7-7b78-42a5-bac5-8293378a86b2	flag_resolved	Flag resolved - crag removed	Your flag for crag "uuuuu" was resolved by removing the crag and all associated climbs and images.	/crags	f	2026-02-05 18:53:55.149318+00
c02a9006-c627-4e57-8fd7-30e5789add09	3d4fcee7-7b78-42a5-bac5-8293378a86b2	moderation	Photo rejected	Your photo appears to contain a person. Please upload a version without people.	/submit	f	2026-02-05 18:54:32.740579+00
ce6004eb-1452-4cdc-a3ef-6cfc020f5430	3d4fcee7-7b78-42a5-bac5-8293378a86b2	flag_resolved	Flag resolved - crag removed	Your flag for crag "777" was resolved by removing the crag and all associated climbs and images.	/crags	f	2026-02-05 19:02:38.455988+00
8d45cabe-df48-4b02-829b-f12a5c91a827	3d4fcee7-7b78-42a5-bac5-8293378a86b2	moderation	Photo rejected	Your photo appears to contain a person. Please upload a version without people.	/submit	f	2026-02-05 19:03:42.260861+00
94bb51d3-d57e-4e60-b3b6-06db6b2440a5	3d4fcee7-7b78-42a5-bac5-8293378a86b2	flag_resolved	Flag resolved - crag removed	Your flag for crag "Hshahhstest" was resolved by removing the crag and all associated climbs and images.	/crags	f	2026-02-05 19:25:31.810244+00
323b1243-9f4d-4146-a891-fbc2e7d15e58	3d4fcee7-7b78-42a5-bac5-8293378a86b2	flag_resolved	Flag resolved - crag removed	Your flag for crag "cccc" was resolved by removing the crag and all associated climbs and images.	/crags	f	2026-02-05 19:31:25.396195+00
9fd7d1c1-592c-4d7e-bd3e-f093f9b36439	3d4fcee7-7b78-42a5-bac5-8293378a86b2	moderation	Photo rejected	Your photo appears to contain a person. Please upload a version without people.	/submit	f	2026-02-05 19:32:07.031617+00
41c007c4-4c65-42e1-b32c-78797c92db44	3d4fcee7-7b78-42a5-bac5-8293378a86b2	flag_resolved	Flag resolved - crag removed	Your flag for crag "ddd" was resolved by removing the crag and all associated climbs and images.	/crags	f	2026-02-05 19:33:02.769011+00
ad80a641-daad-4250-9622-a65621967cac	3d4fcee7-7b78-42a5-bac5-8293378a86b2	moderation	Photo rejected	Your photo appears to contain a person. Please upload a version without people.	/submit	f	2026-02-05 19:36:32.98543+00
3ead9f19-cba3-4f43-b35b-112b4f5d6db1	3d4fcee7-7b78-42a5-bac5-8293378a86b2	flag_resolved	Flag resolved - crag removed	Your flag for crag "ccc" was resolved by removing the crag and all associated climbs and images.	/crags	f	2026-02-05 20:17:10.622551+00
6e3149a0-ff79-4e8d-95f7-0584e1d1f504	3d4fcee7-7b78-42a5-bac5-8293378a86b2	flag_resolved	Flag resolved - crag removed	Your flag for crag "cccc" was resolved by removing the crag and all associated climbs and images.	/crags	f	2026-02-05 20:18:28.437552+00
385fe757-8919-4aae-965c-7bb8c6393d6b	3d4fcee7-7b78-42a5-bac5-8293378a86b2	flag_resolved	Flag resolved - crag removed	Your flag for crag "ggggg" was resolved by removing the crag and all associated climbs and images.	/crags	f	2026-02-06 16:29:23.366156+00
9d8b4bb5-2763-47a4-a8d2-3019e97d2363	3d4fcee7-7b78-42a5-bac5-8293378a86b2	moderation	Photo rejected	Your photo appears to contain a person. Please upload a version without people.	/submit	t	2026-02-06 19:37:08.296664+00
1d304a13-3be6-49a1-adfa-38c94626a005	3d4fcee7-7b78-42a5-bac5-8293378a86b2	moderation	Photo rejected	Your photo appears to contain a person. Please upload a version without people.	/submit	t	2026-02-06 19:45:43.921495+00
38450477-43fe-49f1-8945-31291c65b748	e5484882-26c8-430d-9c84-7ce112269fe8	moderation	Photo approved	Your photo was approved and is now visible.	/submit	f	2026-02-07 15:23:57.106123+00
6ed61131-7fd0-453f-be4a-42fff7671c9f	3d4fcee7-7b78-42a5-bac5-8293378a86b2	moderation	Photo rejected	Your photo appears to contain a person. Please upload a version without people.	/submit	f	2026-02-08 13:36:15.923406+00
3d9f05d0-84d0-4d1c-887e-98180ddaca83	3d4fcee7-7b78-42a5-bac5-8293378a86b2	moderation	Photo approved	Your photo was approved and is now visible.	/submit	f	2026-02-08 13:37:00.75563+00
9a9c82d3-4cd5-4f45-959e-094ca6d0a58f	3d4fcee7-7b78-42a5-bac5-8293378a86b2	flag_resolved	Flag resolved - crag removed	Your flag for crag "cc" was resolved by removing the crag and all associated climbs and images.	/crags	f	2026-02-08 13:37:27.362506+00
91a2939e-3709-41da-9681-183ea140750a	3d4fcee7-7b78-42a5-bac5-8293378a86b2	moderation	Photo approved	Your photo was approved and is now visible.	/submit	f	2026-02-18 23:03:18.767316+00
bc10d080-fdfe-4a31-89c6-013ce4f1d2eb	3d4fcee7-7b78-42a5-bac5-8293378a86b2	flag_resolved	Flag resolved - crag removed	Your flag for crag "test" was resolved by removing the crag and all associated climbs and images.	/crags	f	2026-02-18 23:10:35.644191+00
e03fb34c-405f-45b3-9112-fb4bbf380253	fcf46093-2632-4f87-a560-c520ad9877eb	moderation	Photo approved	Your photo was approved and is now visible.	/submit	f	2026-02-20 15:53:49.85036+00
83ef109a-0731-44ae-9ac9-08760ce21c92	3d4fcee7-7b78-42a5-bac5-8293378a86b2	moderation	Photo approved	Your photo was approved and is now visible.	/submit	f	2026-02-25 09:42:52.861012+00
6d7eff0b-15de-444c-9383-677178643088	3d4fcee7-7b78-42a5-bac5-8293378a86b2	flag_resolved	Flag resolved - climb removed	Your flag for "Long Layback" at Long Layback Area was resolved by removing the climb.	/climbs/8998dba9-8b8b-45e8-a820-a777395dd90f	f	2026-02-25 12:15:02.898865+00
402176c1-dfef-45b4-833a-4a7ea82a8c31	3d4fcee7-7b78-42a5-bac5-8293378a86b2	flag_resolved	Flag resolved - crag removed	Your flag for crag "Long Layback Area" was resolved by removing the crag and all associated climbs and images.	/crags	f	2026-02-25 17:15:25.397692+00
ff540a94-4ab4-4b02-af6b-e01640c28edd	3d4fcee7-7b78-42a5-bac5-8293378a86b2	flag_resolved	Flag resolved - crag removed	Your flag for crag "H hs" was resolved by removing the crag and all associated climbs and images.	/crags	f	2026-02-25 17:54:38.699837+00
e87f9154-f3b5-4265-a450-3f8b452342f1	3d4fcee7-7b78-42a5-bac5-8293378a86b2	moderation	Photo approved	Your photo was approved and is now visible.	/submit	f	2026-03-02 15:47:15.707032+00
1612db1a-9e7d-49e2-b11c-a913ed28a2a5	3d4fcee7-7b78-42a5-bac5-8293378a86b2	flag_resolved	Flag resolved - crag removed	Your flag for crag "test" was resolved by removing the crag and all associated climbs and images.	/crags	f	2026-03-02 15:48:32.347003+00
395bd131-24fa-4aca-a229-5d58e1c20c8c	3d4fcee7-7b78-42a5-bac5-8293378a86b2	moderation	Photo approved	Your photo was approved and is now visible.	/submit	f	2026-03-04 17:36:41.248647+00
\.


--
-- Data for Name: product_clicks; Type: TABLE DATA; Schema: public; Owner: postgres
--

COPY "public"."product_clicks" ("product_id", "click_count", "updated_at") FROM stdin;
sporttape-finger-tape	1	2026-01-18 14:06:18.102562+00
dmm-dragon-cam	1	2026-01-18 14:07:09.082326+00
connect-adjust-self-single	1	2026-01-18 14:08:55.49757+00
dragonfly-micro-cams	1	2026-01-18 23:01:05.86131+00
mammut-tubular-sling	1	2026-01-19 07:42:56.521888+00
moko-chalk-bag	1	2026-01-20 06:01:56.18459+00
stanley-flip-straw-water-bottle	1	2026-01-20 06:02:12.709637+00
north-face-thermoball-snow-boots	1	2026-01-20 06:02:17.700392+00
gramicci-japan-pants-olive	1	2026-01-20 06:02:35.126338+00
rab-cirrus-hut-slippers	1	2026-01-20 06:02:41.575765+00
black-diamond-camalot-c4	1	2026-01-20 06:03:52.704287+00
clipstick	1	2026-01-20 06:04:07.837992+00
two-stones-mug	1	2026-01-21 11:34:29.117167+00
camp-nano-22	5	2026-01-21 13:58:33.647636+00
belay-glasses	2	2026-01-21 14:37:20.709695+00
corax-harness	1	2026-01-21 20:48:05.549996+00
mammut-4-slide-harness	1	2026-01-21 20:48:17.059228+00
black-diamond-solution-harness	1	2026-01-21 20:48:23.726992+00
petzl-meteor-helmet	1	2026-01-21 20:48:39.133198+00
mammut-crag-dry-rope-9-5mm	1	2026-01-21 20:49:26.055943+00
circuit-crashpad	4	2026-01-21 20:51:38.130238+00
tacvasen-hoodie	1	2026-01-22 21:33:03.958427+00
beal-karma-rope-9-8mm	1	2026-01-23 15:09:14.636565+00
la-sportiva-katana-lace	1	2026-01-23 15:31:22.135013+00
smd-carabiner	2	2026-01-24 22:52:43.482063+00
petzl-sirocco-helmet	2	2026-01-24 22:52:52.441192+00
tx4-evo	8	2026-02-11 07:16:17.745963+00
\.


--
-- Data for Name: profiles; Type: TABLE DATA; Schema: public; Owner: postgres
--

COPY "public"."profiles" ("id", "username", "display_name", "avatar_url", "bio", "gender", "country", "country_code", "preferred_grade_system", "preferred_style", "total_climbs", "total_points", "highest_grade", "created_at", "updated_at", "name", "default_location", "default_location_name", "default_location_lat", "default_location_lng", "default_location_zoom", "grade_system", "units", "is_public", "theme_preference", "first_name", "last_name", "email", "name_updated_at", "is_admin", "tos_accepted_at", "welcome_email_sent_at", "height_cm", "reach_cm", "contribution_credit_platform", "contribution_credit_handle", "boulder_system", "route_system", "trad_system") FROM stdin;
e5484882-26c8-430d-9c84-7ce112269fe8	\N	\N	https://lh3.googleusercontent.com/a/ACg8ocJUnYBZSkW-wCV7yE99EAgtbRMnSlfMDxUsj04mupPRITARHw=s96-c	\N	\N	\N	\N	french	sport	0	0	\N	2026-01-21 17:18:06.364667+00	2026-03-05 12:51:38.297888+00	\N	\N	\N	49.42459722	-2.59243011	11	font	metric	t	system	Jack	Willis	willis.jack.james@gmail.com	\N	f	\N	2026-01-28 21:36:23.995+00	\N	\N	\N	\N	font_scale	yds_equivalent	yds_equivalent
03a16c39-743c-426c-ad5f-5cac097a798f	\N	\N	https://lh3.googleusercontent.com/a/ACg8ocIFrl6LvYy13eaxSLbaksneeWrld-CDCPQ60Sv01bVryf9lmA=s96-c	\N	\N	\N	\N	french	sport	0	0	\N	2026-01-23 18:04:57.555764+00	2026-01-23 18:04:57.555764+00	\N	\N	\N	\N	\N	\N	font	metric	t	system	Ellis	Lockwood	ellislockwood123@gmail.com	\N	f	\N	\N	\N	\N	\N	\N	font_scale	yds_equivalent	yds_equivalent
1edd4826-e6cc-447c-8fcd-696fed38256b	\N	\N	https://lh3.googleusercontent.com/a/ACg8ocJsBe30hJc1U3pGRa0IWZNL_E5bDcciHoHAeENbYtQRPz6gfw=s96-c	\N	\N	\N	\N	french	sport	0	0	\N	2026-01-27 17:07:57.119381+00	2026-01-28 10:50:04.433413+00	\N	\N	\N	\N	\N	\N	font	metric	t	system	Hannah	Amey	hannahfamey1@gmail.com	\N	f	\N	2026-01-27 17:08:00.212+00	\N	\N	\N	\N	font_scale	yds_equivalent	yds_equivalent
472bcf2a-3bdb-4521-a1bd-79168d82eecb	\N	\N	https://lh3.googleusercontent.com/a/ACg8ocIhvp9nZGCuQRUYLUDahFxQKWISAo7wYVMHIcCZhuzbEkXc7Q=s96-c	\N	\N	\N	\N	french	sport	0	0	\N	2026-01-22 08:10:48.239892+00	2026-01-22 08:10:48.239892+00	\N	\N	\N	\N	\N	\N	font	metric	t	system	Dustin	May	dustinrmay@gmail.com	\N	f	\N	\N	\N	\N	\N	\N	font_scale	yds_equivalent	yds_equivalent
8c2da9c3-fc33-4a18-b661-f1246fabcb05	\N	\N	\N	\N	\N	\N	\N	french	sport	0	0	\N	2026-01-24 22:50:14.043282+00	2026-01-24 22:50:33.69514+00	\N	\N	\N	\N	\N	\N	font	metric	t	system	Peter	Abraham	fm.priest@gmail.com	\N	f	\N	\N	\N	\N	\N	\N	font_scale	yds_equivalent	yds_equivalent
008caa40-eea6-4da3-9d2d-86bf8f4a9167	\N	\N	https://lh3.googleusercontent.com/a/ACg8ocIA_-okwn6-Un3iIeFvHoFOtcmWFO4uCMZ_382Wx3Yjjjhf7A=s96-c	\N	\N	\N	\N	french	sport	0	0	\N	2026-01-22 21:03:56.765799+00	2026-01-22 21:03:56.765799+00	\N	\N	\N	\N	\N	\N	font	metric	t	system	Kirsty	Lees	kirsty.a.lees@gmail.com	\N	f	\N	\N	\N	\N	\N	\N	font_scale	yds_equivalent	yds_equivalent
7f75bca0-217d-4471-9f96-9bced39ed8f5	\N	\N	https://lh3.googleusercontent.com/a/ACg8ocK2euFzr091FPoLxBAQtiQ_Oal3ii0A5akIFhNnV3ddcpaS4w=s96-c	\N	\N	\N	\N	french	sport	0	0	\N	2026-01-24 23:19:09.162376+00	2026-01-24 23:19:09.970095+00	\N	\N	\N	\N	\N	\N	font	metric	t	system	Onya	Marx	onyamarx321@gmail.com	\N	f	\N	\N	\N	\N	\N	\N	font_scale	yds_equivalent	yds_equivalent
fcf46093-2632-4f87-a560-c520ad9877eb	\N	\N	\N	\N	\N	\N	\N	french	sport	0	0	\N	2026-02-08 17:27:41.630679+00	2026-02-08 17:27:41.630679+00	\N	\N	\N	\N	\N	\N	font	metric	t	system	Alex	Dartmoor	\N	\N	f	\N	\N	\N	\N	\N	\N	font_scale	yds_equivalent	yds_equivalent
2f84dafb-47a3-442b-84c8-0a0800176039	\N	\N	https://lh3.googleusercontent.com/a/ACg8ocKyIp0n6lLqdrIPQB00rD78yK7ffdtImWAH8Ztmqq3G1XwCE6PE=s96-c	\N	\N	\N	\N	french	sport	0	0	\N	2026-01-31 04:07:10.973443+00	2026-01-31 04:07:12.481982+00	\N	\N	\N	\N	\N	\N	font	metric	t	system	Daniel	Alvarez	daniel.aeb95@gmail.com	\N	f	\N	2026-01-31 04:07:15.573+00	\N	\N	\N	\N	font_scale	yds_equivalent	yds_equivalent
ba637f82-4f6d-43b0-92e0-642463278cd3	\N	\N	https://lh3.googleusercontent.com/a/ACg8ocJ1ugqFvFFgZF9rjAmiwSlOmZvKGHMKqw7Wc_PKFD9MZNulUQjs=s96-c	\N	\N	\N	\N	french	sport	0	0	\N	2026-03-09 14:45:13.421461+00	2026-03-09 16:36:00.260166+00	\N	\N	\N	\N	\N	\N	font	metric	t	system	Blanche	Ladera-Puncer	blanchemiranda.ladera@gmail.com	\N	f	\N	2026-03-09 14:45:16.723+00	\N	\N	\N	\N	v_scale	yds_equivalent	yds_equivalent
61e6e48c-3fa0-4ef1-a355-a54dc7ca9e60	\N	\N	https://lh3.googleusercontent.com/a/ACg8ocLu6n-5BBrJQtSfLwt7a0BsouMTFEC9RStt23iQVECMaggWyg=s96-c	\N	\N	\N	\N	french	sport	0	0	\N	2026-03-05 21:10:18.911223+00	2026-03-05 21:10:20.650754+00	\N	\N	\N	\N	\N	\N	font	metric	t	system	Leonardo	Audelo	leonardoaudelo6@gmail.com	\N	f	\N	2026-03-05 21:10:23.844+00	\N	\N	\N	\N	v_scale	yds_equivalent	yds_equivalent
7d86eb15-9dfc-41f8-a5aa-07564a9534c5	\N	\N	https://lh3.googleusercontent.com/a/ACg8ocIGeHXFxhAMJeYQ4rnywkqmq0DthisMC1RwA0w9p3kgH044Jz4=s96-c	\N	\N	\N	\N	french	sport	0	0	\N	2026-03-05 15:37:17.018962+00	2026-03-05 16:44:27.054232+00	\N	\N	\N	\N	\N	\N	font	metric	t	system	LetsBoulder		hitisha598@gmail.com	\N	f	\N	2026-03-05 15:37:20.827+00	\N	\N	\N	\N	v_scale	yds_equivalent	yds_equivalent
87624d7a-98b4-4490-9bed-1f51964af648	\N	\N	https://lh3.googleusercontent.com/a/ACg8ocJR2-8xn945tpysaZb7Ob4Xj27b9DswSz56icTpvgKalQ4IY3kK3Q=s96-c	\N	female	\N	\N	french	sport	0	0	\N	2026-01-23 18:10:33.395301+00	2026-03-09 23:59:24.485311+00	\N	\N	\N	\N	\N	\N	font	metric	t	light	Anna		annajulietstephens@gmail.com	2026-01-25 14:58:46.441+00	f	\N	2026-01-25 15:00:20.743+00	\N	\N	\N	\N	font_scale	yds_equivalent	yds_equivalent
3d4fcee7-7b78-42a5-bac5-8293378a86b2	\N	\N	https://lh3.googleusercontent.com/a/ACg8ocJkDmLlEwMVUPFosaGeFVNPKFF2uJYJD0nF7JH-Wf5RcYW_5EHF=s96-c		male	\N	\N	french	sport	0	0	\N	2026-01-25 07:43:00.43234+00	2026-03-11 00:08:38.888162+00	\N	\N	\N	7.18810087	-1.58203125	2	v	metric	t	system	Patrick	Hadow	patrickhadow@gmail.com	\N	t	\N	2026-01-25 07:43:02.785+00	\N	\N	\N	\N	v_scale	yds_equivalent	yds_equivalent
c866ca90-e0a9-4e6c-9a5d-8494f064a78a	\N	\N	https://lh3.googleusercontent.com/a/ACg8ocK2Vhi8ivaB91_AXCjXYrTTIJXwVP7bFnPZTB2D2FGKU-aJlg=s96-c	\N	\N	\N	\N	french	sport	0	0	\N	2026-03-08 21:59:22.507724+00	2026-03-10 18:16:18.722039+00	\N	\N	\N	\N	\N	\N	font	metric	t	system	Claire	Ashenden	ashenden.claire@gmail.com	\N	f	\N	2026-03-08 21:59:25.09+00	\N	\N	\N	\N	v_scale	yds_equivalent	yds_equivalent
\.


--
-- Data for Name: route_grades; Type: TABLE DATA; Schema: public; Owner: postgres
--

COPY "public"."route_grades" ("id", "climb_id", "user_id", "grade", "created_at") FROM stdin;
\.


--
-- Data for Name: route_lines; Type: TABLE DATA; Schema: public; Owner: postgres
--

COPY "public"."route_lines" ("id", "image_id", "climb_id", "points", "color", "sequence_order", "created_at", "image_width", "image_height") FROM stdin;
a9122dfa-04b4-4b6d-bdd1-d92aed14285a	625b7c07-055e-4fb8-ad9d-35f40328e558	83eeb372-37da-480b-87a8-e11ca8993b40	[{"x": 0.5835777126099706, "y": 0.6974584555229717}, {"x": 0.5366568914956011, "y": 0.5684261974584555}, {"x": 0.47214076246334313, "y": 0.4941348973607038}, {"x": 0.41055718475073316, "y": 0.42766373411534697}, {"x": 0.41055718475073316, "y": 0.42766373411534697}, {"x": 0.3519061583577713, "y": 0.34164222873900296}, {"x": 0.3519061583577713, "y": 0.3455522971652004}]	red	0	2026-02-04 18:46:08.974048+00	1200	900
73c55a36-eccd-4925-b77b-0bdabca8a46b	d05a1dcc-3380-4f4a-85e0-9f19aada2ecd	b3922926-2f76-4564-a201-a89bd91d8ca4	[{"x": 0.5287453741771014, "y": 0.7950601865090025}, {"x": 0.4909661870038725, "y": 0.6468286263124088}, {"x": 0.48397004123105225, "y": 0.5544245368392074}, {"x": 0.46578006222171986, "y": 0.348440420721863}, {"x": 0.4811715829219243, "y": 0.23871056447243652}, {"x": 0.48257081207648816, "y": 0.15015664539395202}, {"x": 0.4783731246127961, "y": 0.05775255592075077}, {"x": 0.49936156193125664, "y": 0.025026107565658665}]	red	2	2026-03-04 18:08:22.132331+00	929	672
81c29287-9484-4192-a3ae-d6886fcc6b55	f25bbc14-3af0-42d5-888e-939767b57a89	a995a620-845a-4607-80fe-f3d168985f51	[{"x": 0.16064412281966584, "y": 0.7949473875181422}, {"x": 0.14522999409334103, "y": 0.7194756894049347}, {"x": 0.12210880100385392, "y": 0.6773857039187228}, {"x": 0.08164671309725144, "y": 0.558372641509434}, {"x": 0.0546719878261831, "y": 0.5061230043541364}, {"x": 0.05852552000776431, "y": 0.43210268505079824}, {"x": 0.0970608418235762, "y": 0.38420718432510886}]	red	0	2026-03-09 22:10:26.2567+00	1200	1600
0ca57793-11a5-4dd8-952b-04cf51bf237d	f25bbc14-3af0-42d5-888e-939767b57a89	e6cbe7b6-9920-4a3e-854e-2cbda3f9131f	[{"x": 0.2880892337283425, "y": 0.774628084179971}, {"x": 0.2900178645817538, "y": 0.6817398403483309}, {"x": 0.2880892337283425, "y": 0.616427793904209}, {"x": 0.26687429434081594, "y": 0.5728864296081277}, {"x": 0.20515810703164805, "y": 0.4959633526850508}, {"x": 0.19358632191117903, "y": 0.45532474600870826}, {"x": 0.23408756983282045, "y": 0.423394412191582}, {"x": 0.23601620068623194, "y": 0.365339259796807}]	red	1	2026-03-09 22:10:26.2567+00	1200	1600
e51ecea2-babb-4842-8944-82274d314313	f25bbc14-3af0-42d5-888e-939767b57a89	2c92d1e9-f574-4447-b352-26c2abf5da01	[{"x": 0.5120580229866424, "y": 0.8290547895500726}, {"x": 0.47925543649291463, "y": 0.7274582728592163}, {"x": 0.47153718084733176, "y": 0.5721607402031931}, {"x": 0.43873459435360423, "y": 0.4589531930333817}, {"x": 0.4561006695561659, "y": 0.42702285921625543}, {"x": 0.4310163387080214, "y": 0.3936411465892598}, {"x": 0.4368050304422086, "y": 0.3515511611030479}]	red	2	2026-03-09 22:10:26.2567+00	1200	1600
49c818c3-f291-4abe-92bf-073886d2a8e7	f25bbc14-3af0-42d5-888e-939767b57a89	4e1da2f8-21c1-4508-81af-76261788cb8e	[{"x": 0.7169384796447079, "y": 0.8254263425253991}, {"x": 0.7207994744862816, "y": 0.7136701741654572}, {"x": 0.7207994744862816, "y": 0.5714350507982583}, {"x": 0.715007982223921, "y": 0.3987209724238026}, {"x": 0.6976335054368394, "y": 0.3334089259796807}, {"x": 0.6879810183329055, "y": 0.31744375907111755}]	red	3	2026-03-09 22:10:26.2567+00	1200	1600
b76dd151-125b-4d42-84fc-38bc797a7c99	f25bbc14-3af0-42d5-888e-939767b57a89	a0415b07-d6e2-42b6-b8df-c6cc59d26efc	[{"x": 0.9200856245064867, "y": 0.7971244557329463}, {"x": 0.8969084479248484, "y": 0.76519412191582}, {"x": 0.8660055458159978, "y": 0.7318124092888244}, {"x": 0.9123598989792737, "y": 0.6665003628447025}, {"x": 0.893045585161242, "y": 0.5924800435413643}, {"x": 0.9683714090515659, "y": 0.5707093613933236}, {"x": 0.9934800170150071, "y": 0.5489386792452831}, {"x": 0.9954114483968103, "y": 0.3617108127721335}, {"x": 0.9567828207607467, "y": 0.3283291001451379}]	red	4	2026-03-09 22:10:26.2567+00	1200	1600
4d687bd0-1367-42ee-a605-7d018f953fd5	f12c807b-5554-4a9f-b59c-d09068e63ae5	bb445c61-8791-49c1-a0be-affd34ab9a5b	[{"x": 0.5647022502547027, "y": 0.8588080551523948}, {"x": 0.5473193678184741, "y": 0.7354408563134979}, {"x": 0.5395936422912614, "y": 0.6599691582002902}, {"x": 0.5878794268363408, "y": 0.5569212626995645}, {"x": 0.5859479954545377, "y": 0.527893686502177}, {"x": 0.5704965444001122, "y": 0.5133798984034833}, {"x": 0.524142191236836, "y": 0.4843523222060958}, {"x": 0.48551356360077264, "y": 0.4291999274310595}, {"x": 0.46619924978274097, "y": 0.376950290275762}, {"x": 0.46619924978274097, "y": 0.3276034107402032}]	red	0	2026-03-09 22:10:26.2567+00	1200	1600
78fd9d35-51c8-4cb2-b49d-38cac85f30b6	d05a1dcc-3380-4f4a-85e0-9f19aada2ecd	9f2a9975-3156-48b0-9553-4cf879605c55	[{"x": 0.6344031658228662, "y": 0.7854347605222105}, {"x": 0.6959029772751361, "y": 0.6834052450622176}, {"x": 0.6986984232502393, "y": 0.6757049042727838}, {"x": 0.6959029772751361, "y": 0.5659750480233575}, {"x": 0.6959029772751361, "y": 0.546724196049774}, {"x": 0.6204259359473502, "y": 0.4966719809184567}, {"x": 0.5603238474826319, "y": 0.46202044736600617}, {"x": 0.5575284015075286, "y": 0.39079229506374685}, {"x": 0.5589261244950803, "y": 0.38694212466903016}, {"x": 0.5659147394328383, "y": 0.3811668690769552}, {"x": 0.6162327669846954, "y": 0.37731669868223844}, {"x": 0.6595621795987946, "y": 0.3253393983535626}, {"x": 0.6595621795987946, "y": 0.1655573269728189}, {"x": 0.6721416864867591, "y": 0.1366810490124435}]	red	3	2026-03-04 18:10:20.895197+00	929	672
8384b059-18f7-4045-98b0-92cdeb860347	f12c807b-5554-4a9f-b59c-d09068e63ae5	7dc20144-4959-433f-aed8-5cb175df16ac	[{"x": 0.5688401808039976, "y": 0.8689677068214804}, {"x": 0.549516522857365, "y": 0.744149129172714}, {"x": 0.5437194254733753, "y": 0.6802884615384616}, {"x": 0.5669078150093344, "y": 0.616427793904209}, {"x": 0.5881638387506303, "y": 0.5307964441219158}, {"x": 0.5958933019292832, "y": 0.42484579100145137}, {"x": 0.6036227651079363, "y": 0.3450199564586357}]	red	1	2026-03-09 22:10:26.2567+00	1200	1600
9f5d44c0-1269-417d-b557-c807b457e3a6	1119f589-ac64-4daa-afa2-d49befc6fba8	fb705906-b097-4900-b9d6-5d8528b522d1	[{"x": 0.21114815539855922, "y": 0.7622913642960812}, {"x": 0.2092176579777724, "y": 0.6853682873730044}, {"x": 0.2150091502401329, "y": 0.6287645137880987}, {"x": 0.21693964766091975, "y": 0.5866745283018868}, {"x": 0.2150091502401329, "y": 0.5721607402031931}, {"x": 0.1532332327749544, "y": 0.5474873004354136}, {"x": 0.08566582304741546, "y": 0.4952376632801161}, {"x": 0.07794383336426813, "y": 0.46330732946298986}, {"x": 0.07987433078505496, "y": 0.4255714804063861}, {"x": 0.10690129467607057, "y": 0.3878356313497823}, {"x": 0.11269278693843104, "y": 0.35300253991291725}]	red	0	2026-03-09 22:10:26.2567+00	1200	1600
220f3304-e731-4679-870f-0b79fe0d6438	1119f589-ac64-4daa-afa2-d49befc6fba8	d5038bbf-05bf-46e8-81d1-4d9c00559e8f	[{"x": 0.27637130801687765, "y": 0.7590486550632911}, {"x": 0.2721518987341772, "y": 0.6498714398734177}, {"x": 0.26371308016877637, "y": 0.602403085443038}, {"x": 0.23839662447257384, "y": 0.5501878955696202}, {"x": 0.22362869198312235, "y": 0.4948081487341772}, {"x": 0.20675105485232068, "y": 0.42835245253164556}, {"x": 0.20042194092827004, "y": 0.3824663765822785}, {"x": 0.22362869198312235, "y": 0.342909414556962}]	red	1	2026-03-09 22:10:26.2567+00	1200	1600
86cc288e-5274-4f83-acf8-f5abf74a89cf	1119f589-ac64-4daa-afa2-d49befc6fba8	e0622a7c-5b50-4132-9af4-b6950729f4a5	[{"x": 0.35654008438818563, "y": 0.7622132120253164}, {"x": 0.3628691983122363, "y": 0.6751878955696202}, {"x": 0.3628691983122363, "y": 0.592909414556962}, {"x": 0.35443037974683544, "y": 0.5739220727848101}, {"x": 0.350210970464135, "y": 0.5122132120253164}, {"x": 0.31856540084388185, "y": 0.3413271360759494}]	red	2	2026-03-09 22:10:26.2567+00	1200	1600
e429deb3-131b-4766-940b-e613f0518ccf	911f2dcc-e2b4-4eb1-bb4f-00f949959a16	ad2a2c90-ae30-4bdf-8f89-97ee0f71a43a	[{"x": 0.7366589327146171, "y": 0.5500588928150766}, {"x": 0.7505800464037123, "y": 0.4169611307420495}, {"x": 0.7552204176334106, "y": 0.3992932862190813}, {"x": 0.759860788863109, "y": 0.28975265017667845}, {"x": 0.765661252900232, "y": 0.2791519434628975}, {"x": 0.765661252900232, "y": 0.26030624263839813}, {"x": 0.7679814385150812, "y": 0.2049469964664311}, {"x": 0.7726218097447796, "y": 0.1872791519434629}]	red	2	2026-01-23 15:23:06.730981+00	\N	\N
213ddde0-fb90-4bb8-93f7-13c876f1e66a	7f8569ea-c138-44fd-9a81-8b892b135701	9b3778ec-7f26-47d5-82f0-8367db586139	[{"x": 0.5823665893271461, "y": 0.6643109540636042}, {"x": 0.5754060324825986, "y": 0.5889281507656066}, {"x": 0.5765661252900232, "y": 0.5429917550058893}, {"x": 0.5754060324825986, "y": 0.45229681978798586}, {"x": 0.580046403712297, "y": 0.408716136631331}, {"x": 0.5765661252900232, "y": 0.36395759717314485}, {"x": 0.5788863109048724, "y": 0.3545347467608952}]	red	0	2026-01-23 15:28:21.091373+00	\N	\N
51e86d93-f75e-4aee-b115-5714eadb4573	7f8569ea-c138-44fd-9a81-8b892b135701	abde4b17-bfe8-4a06-b7b3-4f67785012ce	[{"x": 0.3503480278422274, "y": 0.5347467608951708}, {"x": 0.39791183294663574, "y": 0.5312131919905771}, {"x": 0.47447795823665895, "y": 0.5217903415783275}, {"x": 0.531322505800464, "y": 0.5017667844522968}, {"x": 0.5475638051044084, "y": 0.48881036513545345}]	red	1	2026-01-23 15:28:21.091373+00	\N	\N
adfd18e8-1d70-4b51-846b-14ca781a75fd	87a11c1f-5fe4-46ba-b255-a6ecea238406	99941bb0-4ec7-4b95-8018-c5782c4c654b	[{"x": 0.9002320185614849, "y": 0.5312131919905771}, {"x": 0.9280742459396751, "y": 0.47703180212014135}, {"x": 0.9350348027842227, "y": 0.3710247349823322}, {"x": 0.8921113689095128, "y": 0.28032979976442873}, {"x": 0.839907192575406, "y": 0.1967020023557126}]	red	2	2026-01-14 22:07:28.78537+00	1200	900
f086d5b7-652e-4fc8-a252-f61240ed4870	82695588-31a0-4651-9288-6d5b765ba26a	1915932c-b232-4bb1-9e0f-4c9d7e091de8	[{"x": 0.665893271461717, "y": 0.6442873969375736}, {"x": 0.6728538283062645, "y": 0.49705535924617195}, {"x": 0.6867749419953596, "y": 0.4028268551236749}, {"x": 0.6867749419953596, "y": 0.38987043580683156}, {"x": 0.665893271461717, "y": 0.2414605418138987}, {"x": 0.6763341067285383, "y": 0.13663133097762073}, {"x": 0.6763341067285383, "y": 0.12014134275618374}]	red	0	2026-01-14 22:10:30.491375+00	1200	900
996be2c7-8e58-45e3-adda-d71abf4ca954	82695588-31a0-4651-9288-6d5b765ba26a	5e7de1f6-a42c-44b3-a96b-c3c1fc3911fb	[{"x": 0.6020881670533643, "y": 0.850412249705536}, {"x": 0.6392111368909513, "y": 0.7879858657243817}, {"x": 0.6635730858468677, "y": 0.6702002355712603}]	red	1	2026-01-14 22:10:30.491375+00	1200	900
133c7f68-0379-4939-a9b3-689d94a3720e	d05a1dcc-3380-4f4a-85e0-9f19aada2ecd	b07b8d6b-456e-4a7f-92b7-5b29c1b794c6	[{"x": 0.7448232818394418, "y": 0.6911055858516508}, {"x": 0.811913985241918, "y": 0.5563496220365657}, {"x": 0.7965390323788506, "y": 0.5313235144709073}, {"x": 0.7615959576900606, "y": 0.4947468957210983}, {"x": 0.7546073427523031, "y": 0.4870465549316647}, {"x": 0.7518118967771998, "y": 0.4831963845369481}, {"x": 0.7518118967771998, "y": 0.43506925460298906}, {"x": 0.7671868496402671, "y": 0.3349648243403545}, {"x": 0.7574027887274062, "y": 0.25796141644602016}, {"x": 0.7685845726278188, "y": 0.20790920131470278}]	red	4	2026-03-04 18:11:52.392918+00	929	672
be4426eb-d999-45af-8f4f-6c857ba1e731	1119f589-ac64-4daa-afa2-d49befc6fba8	2d57ddd2-af62-41bb-89d6-892476f4c30c	[{"x": 0.5232067510548524, "y": 0.778035996835443}, {"x": 0.5147679324894515, "y": 0.7084157436708861}, {"x": 0.5126582278481012, "y": 0.6198081487341772}, {"x": 0.5084388185654009, "y": 0.5486056170886076}, {"x": 0.5632911392405063, "y": 0.5501878955696202}, {"x": 0.5548523206751055, "y": 0.4948081487341772}, {"x": 0.5611814345991561, "y": 0.44575751582278483}, {"x": 0.5253164556962026, "y": 0.3887954905063291}, {"x": 0.5084388185654009, "y": 0.33816257911392406}]	red	3	2026-03-09 22:10:26.2567+00	1200	1600
6c45e6dc-1d92-4835-97ea-9663dc37febb	1119f589-ac64-4daa-afa2-d49befc6fba8	5ab5eaed-3e10-4e5c-a883-5f6511df189a	[{"x": 0.7362869198312236, "y": 0.7677511867088608}, {"x": 0.7236286919831224, "y": 0.6807258702531646}, {"x": 0.7194092827004219, "y": 0.6332575158227848}, {"x": 0.7763713080168776, "y": 0.5525613132911392}, {"x": 0.8586497890295358, "y": 0.48452333860759494}, {"x": 0.8607594936708861, "y": 0.43547270569620256}]	red	4	2026-03-09 22:10:26.2567+00	1200	1600
90cd9b0d-6c46-4b0b-9e08-82582d53e69a	1119f589-ac64-4daa-afa2-d49befc6fba8	6e7fa97c-82aa-4dcd-9b5c-43788e896607	[{"x": 0.7383966244725738, "y": 0.7724980221518988}, {"x": 0.7257383966244726, "y": 0.6474980221518988}, {"x": 0.7468354430379747, "y": 0.5984473892405063}, {"x": 0.8438818565400844, "y": 0.5588904272151899}, {"x": 0.9092827004219409, "y": 0.49559928797468356}, {"x": 0.9219409282700421, "y": 0.4623714398734177}, {"x": 0.919831223628692, "y": 0.4481309335443038}]	red	5	2026-03-09 22:10:26.2567+00	1200	1600
a09a84d3-15a8-433f-bbaa-f71b138fd5fc	1119f589-ac64-4daa-afa2-d49befc6fba8	e8e51817-e554-4a15-b122-c5dfc223dec2	[{"x": 0.7742616033755274, "y": 0.7463904272151899}, {"x": 0.7763713080168776, "y": 0.6799347310126582}, {"x": 0.8565400843881856, "y": 0.6403777689873418}, {"x": 0.8459915611814346, "y": 0.6182258702531646}, {"x": 0.8987341772151899, "y": 0.588162579113924}, {"x": 0.9324894514767933, "y": 0.5612638449367089}, {"x": 0.9831223628691983, "y": 0.49955498417721517}, {"x": 0.9789029535864979, "y": 0.4615803006329114}, {"x": 0.9493670886075949, "y": 0.44575751582278483}]	red	6	2026-03-09 22:10:26.2567+00	1200	1600
71d460cc-d3d6-4138-a915-9051c36591a3	7603babd-f739-41b4-9911-28dafa162e83	56eed955-48d9-4a2f-9cb3-2012fee9345f	[{"x": 0.09005173714430864, "y": 0.9208647117320711}, {"x": 0.08924949008651228, "y": 0.919456339862704}, {"x": 0.12561802337328, "y": 0.6004116031857635}, {"x": 0.12347869788582308, "y": 0.6006968422316222}, {"x": 0.2248292428540949, "y": 0.45333297592309985}, {"x": 0.22616632128375544, "y": 0.4530833835970944}, {"x": 0.24274609381154663, "y": 0.10301842735202849}, {"x": 0.24613335916668677, "y": 0.09367670170433107}]	red	0	2026-02-20 15:53:44.360018+00	3000	4000
0d7cdfef-1ed1-479d-9b12-759db03629e3	7603babd-f739-41b4-9911-28dafa162e83	a2c7f4b4-fc6c-4f64-9c30-70f412a36abe	[{"x": 0.4810134699770617, "y": 0.8303891583744156}, {"x": 0.48003294579531053, "y": 0.8296046693895133}, {"x": 0.5229977326684038, "y": 0.6547862348036815}, {"x": 0.5228194555444491, "y": 0.6541799794180454}, {"x": 0.590653901209229, "y": 0.4898798080961666}, {"x": 0.5884254371597947, "y": 0.48945191688386214}, {"x": 0.6665999560139498, "y": 0.2692619324892039}, {"x": 0.6597362867416923, "y": 0.2755193681381697}, {"x": 0.7778448813617099, "y": 0.3245277321034533}]	red	1	2026-02-20 15:53:44.360018+00	3000	4000
873be2e7-6b9b-44ab-94d2-7c1cbc1e74f8	dc032273-2624-4cf0-9314-b0f5af4cda9a	9d1239b7-489c-47c6-b40b-b5bcac26041f	[{"x": 0.7890295358649789, "y": 0.778035996835443}, {"x": 0.7953586497890295, "y": 0.7384790348101266}, {"x": 0.7911392405063291, "y": 0.6862638449367089}, {"x": 0.7869198312236287, "y": 0.6324663765822784}, {"x": 0.8143459915611815, "y": 0.588162579113924}, {"x": 0.8059071729957806, "y": 0.5454410601265823}, {"x": 0.79957805907173, "y": 0.5296182753164557}, {"x": 0.8122362869198312, "y": 0.4837321993670886}, {"x": 0.8544303797468354, "y": 0.4267701740506329}, {"x": 0.8544303797468354, "y": 0.3666435917721519}, {"x": 0.8227848101265823, "y": 0.3413271360759494}, {"x": 0.7953586497890295, "y": 0.32708662974683544}]	red	0	2026-03-09 22:10:26.2567+00	1200	1600
646cf13b-fff7-44d0-97b4-0cd04050637c	fe4372e6-e4fc-4f1a-9f83-978771166b52	e9dc919b-5d9b-4b7f-b50f-78769f36a0db	[{"x": 0.505800464037123, "y": 0.5630153121319199}, {"x": 0.5104408352668214, "y": 0.5147232037691402}, {"x": 0.5139211136890951, "y": 0.4829210836277974}, {"x": 0.5139211136890951, "y": 0.43227326266195526}, {"x": 0.5104408352668214, "y": 0.3945818610129564}, {"x": 0.5104408352668214, "y": 0.38633686690223795}]	red	1	2026-01-23 15:25:19.853364+00	\N	\N
b2c0c1ee-3eaf-46eb-a249-f1a3fab1e2ea	fe4372e6-e4fc-4f1a-9f83-978771166b52	42f53a13-27ef-45a5-bb1a-df05eea5aa9a	[{"x": 0.605568445475638, "y": 0.5512367491166078}, {"x": 0.6044083526682135, "y": 0.5135453474676089}, {"x": 0.605568445475638, "y": 0.45111896348645464}, {"x": 0.605568445475638, "y": 0.42402826855123676}, {"x": 0.605568445475638, "y": 0.4134275618374558}, {"x": 0.605568445475638, "y": 0.3945818610129564}]	red	2	2026-01-23 15:25:19.853364+00	\N	\N
ed042550-5250-4fb7-b70d-9c5a1a96262c	549b1452-4ca4-4e5d-8334-ee639d37bf92	d21d6a4b-d41e-4994-9487-19bfb8f2b6fd	[{"x": 0.2923433874709977, "y": 0.6395759717314488}, {"x": 0.31786542923433875, "y": 0.6030624263839811}, {"x": 0.39791183294663574, "y": 0.5241460541813898}, {"x": 0.4396751740139211, "y": 0.4829210836277974}, {"x": 0.4918793503480278, "y": 0.43462897526501765}, {"x": 0.5266821345707656, "y": 0.3745583038869258}, {"x": 0.5870069605568445, "y": 0.31448763250883394}, {"x": 0.6136890951276102, "y": 0.2826855123674912}, {"x": 0.574245939675174, "y": 0.25559481743227325}, {"x": 0.5475638051044084, "y": 0.22732626619552415}, {"x": 0.5104408352668214, "y": 0.21201413427561838}]	red	0	2026-01-23 15:29:32.040855+00	\N	\N
2f0a9a73-9ce7-445e-9b67-0ca9c704ef55	505cd44d-9eaf-4e71-8bd9-36748c909aa9	a83efb71-03e9-4cf6-b83c-23d26645c2a3	[{"x": 0.23665893271461716, "y": 0.64075382803298}, {"x": 0.18677494199535963, "y": 0.5488810365135454}, {"x": 0.12529002320185614, "y": 0.46760895170789163}, {"x": 0.0777262180974478, "y": 0.4169611307420495}, {"x": 0.04988399071925754, "y": 0.38515901060070673}]	red	0	2026-01-23 14:53:12.888783+00	1200	900
32ce4f97-7ee2-4a6b-b7c6-69bbd4e1413c	d05a1dcc-3380-4f4a-85e0-9f19aada2ecd	4bfca1fb-72b8-4158-82ef-96e117c5e08c	[{"x": 0.7669308139403753, "y": 0.7387514444862703}, {"x": 0.7836674001277517, "y": 0.603995480671185}, {"x": 0.8757186241583222, "y": 0.5462429247504343}, {"x": 0.8799027707051665, "y": 0.4788649428428919}, {"x": 0.8310877276586517, "y": 0.3691350865934654}, {"x": 0.8143511414712753, "y": 0.28058116751498074}]	red	5	2026-03-04 18:17:22.291387+00	929	672
1309a570-4821-4394-bc21-3614fee46b79	911f2dcc-e2b4-4eb1-bb4f-00f949959a16	a96de19e-9405-4db8-8840-02f0d2949a3b	[{"x": 0.33178654292343385, "y": 0.7538280329799765}, {"x": 0.33642691415313225, "y": 0.6207302709069493}, {"x": 0.3503480278422274, "y": 0.5465253239104829}, {"x": 0.3677494199535963, "y": 0.4334511189634865}, {"x": 0.39211136890951276, "y": 0.36160188457008247}, {"x": 0.39443155452436196, "y": 0.2744405182567727}, {"x": 0.3990719257540603, "y": 0.2626619552414605}]	red	0	2026-01-23 15:23:06.730981+00	\N	\N
6e7630d1-2b9a-4476-973c-dffbe99c4918	911f2dcc-e2b4-4eb1-bb4f-00f949959a16	a7f4ceb2-e2ec-4f6b-83de-677e2e55ee66	[{"x": 0.5765661252900232, "y": 0.673733804475854}, {"x": 0.5846867749419954, "y": 0.5347467608951708}, {"x": 0.5823665893271461, "y": 0.44405182567726736}, {"x": 0.5870069605568445, "y": 0.43227326266195526}, {"x": 0.5997679814385151, "y": 0.33451118963486454}, {"x": 0.6206496519721578, "y": 0.29328621908127206}, {"x": 0.6334106728538283, "y": 0.232037691401649}, {"x": 0.6368909512761021, "y": 0.18845700824499412}]	red	1	2026-01-23 15:23:06.730981+00	\N	\N
4dec052c-557f-4b63-a3b9-ea5b910bc785	fe4372e6-e4fc-4f1a-9f83-978771166b52	cfe56477-6f2e-4b38-a75e-17a500370a23	[{"x": 0.3422273781902552, "y": 0.5936395759717314}, {"x": 0.33874709976798145, "y": 0.5559481743227326}, {"x": 0.3491879350348028, "y": 0.5100117785630153}, {"x": 0.3491879350348028, "y": 0.4617196702002356}, {"x": 0.35730858468677495, "y": 0.4334511189634865}, {"x": 0.3642691415313225, "y": 0.4004711425206125}, {"x": 0.37703016241299303, "y": 0.38515901060070673}]	red	0	2026-01-23 15:25:19.853364+00	\N	\N
9a90c2c3-afa1-4a8c-9ca8-77a3435a9b00	39b9871d-071c-4520-b305-8ae57500be05	0ea40c00-e4de-4b2d-b4ee-42de25261afb	[{"x": 0.03480278422273782, "y": 0.7502944640753828}, {"x": 0.14153132250580047, "y": 0.6808009422850412}, {"x": 0.20649651972157773, "y": 0.6148409893992933}, {"x": 0.21693735498839908, "y": 0.6042402826855123}, {"x": 0.22505800464037123, "y": 0.5924617196702002}, {"x": 0.27842227378190254, "y": 0.519434628975265}, {"x": 0.2900232018561485, "y": 0.5123674911660777}, {"x": 0.3480278422273782, "y": 0.42402826855123676}, {"x": 0.39327146171693733, "y": 0.3415783274440518}, {"x": 0.42923433874709976, "y": 0.24852767962308597}, {"x": 0.4408352668213457, "y": 0.1978798586572438}, {"x": 0.45707656612529, "y": 0.14605418138987045}]	red	0	2026-01-23 15:35:17.431669+00	\N	\N
f8801ec8-912c-4f72-8a59-e0e263d0da47	39b9871d-071c-4520-b305-8ae57500be05	15278fe3-59ab-4ad9-858f-19cc843b18f2	[{"x": 0.5997679814385151, "y": 0.6171967020023557}, {"x": 0.6554524361948956, "y": 0.5488810365135454}, {"x": 0.6670533642691415, "y": 0.5441696113074205}, {"x": 0.7157772621809745, "y": 0.4994110718492344}, {"x": 0.7494199535962877, "y": 0.4499411071849234}, {"x": 0.7830626450116009, "y": 0.40518256772673733}, {"x": 0.7946635730858469, "y": 0.35217903415783275}, {"x": 0.7784222737819025, "y": 0.2767962308598351}, {"x": 0.7784222737819025, "y": 0.26148409893992935}, {"x": 0.7610208816705336, "y": 0.19434628975265017}, {"x": 0.740139211136891, "y": 0.160188457008245}]	red	1	2026-01-23 15:35:17.431669+00	\N	\N
49049164-0727-455a-83fe-9f67f67562bc	39b9871d-071c-4520-b305-8ae57500be05	190f960b-0ed4-47eb-ae6a-346ae336682c	[{"x": 0.7529002320185615, "y": 0.38044758539458184}, {"x": 0.7111368909512761, "y": 0.37809187279151946}, {"x": 0.6786542923433875, "y": 0.3792697290930506}, {"x": 0.6345707656612529, "y": 0.36984687868080096}, {"x": 0.5997679814385151, "y": 0.32391048292108365}]	red	2	2026-01-23 15:35:17.431669+00	\N	\N
0b7da2cf-3055-4be4-b644-59ac949e03c1	39b9871d-071c-4520-b305-8ae57500be05	e1698d57-e7f2-4053-b604-261c2b060fab	[{"x": 0.5452436194895591, "y": 0.6843345111896348}, {"x": 0.5440835266821346, "y": 0.5889281507656066}, {"x": 0.5440835266821346, "y": 0.5712603062426383}, {"x": 0.5464037122969838, "y": 0.5571260306242638}, {"x": 0.5475638051044084, "y": 0.4793875147232038}, {"x": 0.5475638051044084, "y": 0.4652532391048292}, {"x": 0.5475638051044084, "y": 0.38162544169611307}, {"x": 0.548723897911833, "y": 0.3250883392226148}, {"x": 0.5591647331786543, "y": 0.26383981154299174}, {"x": 0.5580046403712297, "y": 0.20023557126030625}, {"x": 0.5626450116009281, "y": 0.18845700824499412}, {"x": 0.5638051044083526, "y": 0.14958775029446408}, {"x": 0.5672853828306265, "y": 0.13191990577149587}]	red	3	2026-01-23 15:35:17.431669+00	\N	\N
fd88f866-1eac-47a9-97c2-462574a95f55	215b8180-4727-404d-8fbf-6cb9bd8f5f9a	f9676bde-fbb2-4d90-a178-dec6cdb903f4	[{"x": 0.611368909512761, "y": 0.6171967020023557}, {"x": 0.6647331786542924, "y": 0.5995288574793876}, {"x": 0.6925754060324826, "y": 0.5512367491166078}, {"x": 0.740139211136891, "y": 0.46760895170789163}, {"x": 0.7412993039443155, "y": 0.45229681978798586}, {"x": 0.7610208816705336, "y": 0.3674911660777385}, {"x": 0.765661252900232, "y": 0.35571260306242636}, {"x": 0.771461716937355, "y": 0.24499411071849234}, {"x": 0.7761020881670534, "y": 0.232037691401649}, {"x": 0.7888631090487239, "y": 0.15901060070671377}, {"x": 0.7877030162412993, "y": 0.1330977620730271}]	red	0	2026-01-23 15:36:12.018521+00	\N	\N
d193b211-ac62-4f6b-9692-d09cdd0ae0e5	5dbe66f6-ded7-4df2-bae0-993277d95673	cc619bdf-5031-4fe4-9e54-40664d4ddda2	[{"x": 0.1148491879350348, "y": 0.6760895170789164}, {"x": 0.09164733178654293, "y": 0.5111896348645465}, {"x": 0.08584686774941995, "y": 0.3957597173144876}, {"x": 0.08932714617169374, "y": 0.3839811542991755}, {"x": 0.09976798143851508, "y": 0.2779740871613663}, {"x": 0.12296983758700696, "y": 0.19081272084805653}]	red	0	2026-01-14 21:39:41.731916+00	1200	900
c7dadb03-b537-4f45-b59e-7d619690e752	5dbe66f6-ded7-4df2-bae0-993277d95673	c12d5448-0883-4fdd-897e-2b0725597426	[{"x": 0.21693735498839908, "y": 0.6619552414605419}, {"x": 0.2122969837587007, "y": 0.5276796230859835}, {"x": 0.24013921113689096, "y": 0.3910482921083628}, {"x": 0.2703016241299304, "y": 0.28975265017667845}, {"x": 0.3225058004640371, "y": 0.20023557126030625}, {"x": 0.32830626450116007, "y": 0.17314487632508835}]	red	1	2026-01-14 21:39:41.731916+00	1200	900
04aa59fe-77f3-4e2b-acdd-31408779619e	5dbe66f6-ded7-4df2-bae0-993277d95673	882d78af-fad2-446d-83dc-f5f3b2a2102c	[{"x": 0.41531322505800466, "y": 0.6619552414605419}, {"x": 0.4222737819025522, "y": 0.5901060070671378}, {"x": 0.44779582366589327, "y": 0.5312131919905771}, {"x": 0.5417633410672854, "y": 0.525323910482921}, {"x": 0.5719257540603249, "y": 0.48527679623085984}, {"x": 0.5765661252900232, "y": 0.4416961130742049}, {"x": 0.5696055684454756, "y": 0.36984687868080096}, {"x": 0.5533642691415314, "y": 0.2791519434628975}, {"x": 0.5174013921113689, "y": 0.2049469964664311}, {"x": 0.4965197215777262, "y": 0.17314487632508835}]	red	2	2026-01-14 21:39:41.731916+00	1200	900
1cc9e25f-332b-41c0-9fe7-3edb6d7aaa56	5dbe66f6-ded7-4df2-bae0-993277d95673	b912034d-e18e-4fc6-a46f-948b6c6e7cfd	[{"x": 0.6902552204176334, "y": 0.624263839811543}, {"x": 0.703016241299304, "y": 0.5559481743227326}, {"x": 0.7041763341067285, "y": 0.4711425206124853}, {"x": 0.6879350348027842, "y": 0.3674911660777385}, {"x": 0.6832946635730859, "y": 0.2838633686690224}, {"x": 0.6473317865429234, "y": 0.23557126030624265}, {"x": 0.6032482598607889, "y": 0.20259128386336867}]	red	3	2026-01-14 21:39:41.731916+00	1200	900
f99896cc-f4cf-42c7-bde2-9116437cd6ef	4c182e9e-1e05-4862-9ac0-896d68059080	4df5af3e-8eb6-4538-8971-5eaa44f6e259	[{"x": 0.37703016241299303, "y": 0.585394581861013}, {"x": 0.3839907192575406, "y": 0.5382803297997645}, {"x": 0.39327146171693733, "y": 0.4723203769140165}, {"x": 0.4060324825986079, "y": 0.40636042402826855}, {"x": 0.4234338747099768, "y": 0.38162544169611307}, {"x": 0.43503480278422274, "y": 0.35335689045936397}]	red	0	2026-01-14 22:00:13.137299+00	1200	900
5b1fe752-a32a-4826-b85c-edd3346e606a	4c182e9e-1e05-4862-9ac0-896d68059080	baca387d-7b59-4541-b8c1-7232694658cd	[{"x": 0.345707656612529, "y": 0.5700824499411072}, {"x": 0.3491879350348028, "y": 0.5229681978798587}, {"x": 0.35266821345707655, "y": 0.4499411071849234}, {"x": 0.3538283062645012, "y": 0.392226148409894}, {"x": 0.3654292343387471, "y": 0.3462897526501767}]	red	1	2026-01-14 22:00:13.137299+00	1200	900
06695b8f-bd87-4028-96d4-4085a0ea651f	4c182e9e-1e05-4862-9ac0-896d68059080	23e08c4c-2840-430f-94c0-a8a4e3c56ee1	[{"x": 0.41647331786542924, "y": 0.48998822143698467}, {"x": 0.45707656612529, "y": 0.4829210836277974}, {"x": 0.4988399071925754, "y": 0.4746760895170789}, {"x": 0.5290023201856149, "y": 0.4334511189634865}, {"x": 0.5359628770301624, "y": 0.3875147232037691}, {"x": 0.5406032482598608, "y": 0.34275618374558303}]	red	2	2026-01-14 22:00:13.137299+00	1200	900
b6590c1c-24e1-416e-b53a-5f171fe6fc73	4c182e9e-1e05-4862-9ac0-896d68059080	f10fac8e-ed50-4221-98e8-43a08a511c7e	[{"x": 0.5475638051044084, "y": 0.5559481743227326}, {"x": 0.5568445475638051, "y": 0.5147232037691402}, {"x": 0.5730858468677494, "y": 0.43227326266195526}, {"x": 0.5730858468677494, "y": 0.3992932862190813}, {"x": 0.5719257540603249, "y": 0.3875147232037691}, {"x": 0.5649651972157773, "y": 0.3321554770318021}]	red	3	2026-01-14 22:00:13.137299+00	1200	900
70e15124-144e-48a2-a710-90173f15b620	01dfa9c4-5075-45bd-b6df-fef776ad8b02	e6da3770-e933-4b72-9374-dff8588e6ff9	[{"x": 0.4651972157772622, "y": 0.6808009422850412}, {"x": 0.48491879350348027, "y": 0.6030624263839811}, {"x": 0.5464037122969838, "y": 0.525323910482921}, {"x": 0.6102088167053364, "y": 0.47820965842167257}, {"x": 0.679814385150812, "y": 0.48527679623085984}, {"x": 0.703016241299304, "y": 0.4664310954063604}, {"x": 0.7169373549883991, "y": 0.41460541813898705}, {"x": 0.6948955916473318, "y": 0.3451118963486455}, {"x": 0.6937354988399071, "y": 0.3297997644287397}, {"x": 0.6299303944315545, "y": 0.27326266195524146}, {"x": 0.6276102088167054, "y": 0.26030624263839813}, {"x": 0.5986078886310905, "y": 0.17550058892815076}, {"x": 0.5649651972157773, "y": 0.13898704358068315}]	red	0	2026-01-14 22:01:38.193973+00	1200	900
c28efae9-a7b8-431c-97f8-1d13d590051a	1278cb47-c6de-4ef6-a347-698546243ddf	105f19e4-2cb2-44ed-916d-516d636fdb17	[{"x": 0.32018561484918795, "y": 0.6207302709069493}, {"x": 0.3236658932714617, "y": 0.541813898704358}, {"x": 0.3329466357308585, "y": 0.4664310954063604}, {"x": 0.33410672853828305, "y": 0.4534746760895171}, {"x": 0.339907192575406, "y": 0.37338044758539457}, {"x": 0.34106728538283065, "y": 0.3674911660777385}]	red	0	2026-01-14 22:04:33.833277+00	1200	900
9d4ec04f-2bce-4fb5-9dd8-f35d444081c6	1278cb47-c6de-4ef6-a347-698546243ddf	bcafeaa4-e0c1-4e02-bc27-8aae9d00218a	[{"x": 0.4918793503480278, "y": 0.6831566548881036}, {"x": 0.4965197215777262, "y": 0.6336866902237926}, {"x": 0.5023201856148491, "y": 0.5665488810365136}, {"x": 0.4953596287703016, "y": 0.5111896348645465}, {"x": 0.48491879350348027, "y": 0.43934040047114253}, {"x": 0.48491879350348027, "y": 0.39811542991755006}]	red	1	2026-01-14 22:04:33.833277+00	1200	900
bbe5700c-f4c9-4baa-ae5d-c6843509e509	1278cb47-c6de-4ef6-a347-698546243ddf	62859982-be74-4594-9283-b06bea1acdd5	[{"x": 0.6473317865429234, "y": 0.6819787985865724}, {"x": 0.6566125290023201, "y": 0.585394581861013}, {"x": 0.6589327146171694, "y": 0.5123674911660777}, {"x": 0.6612529002320185, "y": 0.5005889281507656}, {"x": 0.6624129930394431, "y": 0.4134275618374558}, {"x": 0.6461716937354989, "y": 0.37809187279151946}]	red	2	2026-01-14 22:04:33.833277+00	1200	900
b7031022-8c82-41a6-8eda-7afe94de2951	87a11c1f-5fe4-46ba-b255-a6ecea238406	dd93dc0c-9cf1-4b40-bba0-bd7c5fe0519a	[{"x": 0.5127610208816705, "y": 0.657243816254417}, {"x": 0.5754060324825986, "y": 0.568904593639576}, {"x": 0.6194895591647331, "y": 0.48056537102473496}, {"x": 0.6925754060324826, "y": 0.2661955241460542}, {"x": 0.6937354988399071, "y": 0.18610129564193167}, {"x": 0.691415313225058, "y": 0.14605418138987045}]	red	0	2026-01-14 22:07:28.78537+00	1200	900
d829c4c7-7aa7-4f14-9365-cec44cb653d2	87a11c1f-5fe4-46ba-b255-a6ecea238406	11cff804-b2a1-4e2c-bf36-81ad128315bb	[{"x": 0.7064965197215777, "y": 0.6819787985865724}, {"x": 0.7517401392111369, "y": 0.6289752650176679}, {"x": 0.8422273781902552, "y": 0.6030624263839811}, {"x": 0.8863109048723898, "y": 0.5512367491166078}, {"x": 0.796983758700696, "y": 0.5347467608951708}, {"x": 0.6890951276102089, "y": 0.5017667844522968}, {"x": 0.531322505800464, "y": 0.4876325088339223}, {"x": 0.43155452436194897, "y": 0.44876325088339225}, {"x": 0.388631090487239, "y": 0.4110718492343934}, {"x": 0.45359628770301624, "y": 0.31448763250883394}, {"x": 0.5034802784222738, "y": 0.2508833922261484}, {"x": 0.5348027842227379, "y": 0.1872791519434629}, {"x": 0.5498839907192575, "y": 0.160188457008245}]	red	1	2026-01-14 22:07:28.78537+00	1200	900
1c55f2c4-61d7-43c3-b042-5f8aab519750	d05a1dcc-3380-4f4a-85e0-9f19aada2ecd	3979c06a-6153-4753-ac8a-5cc5c5df20ef	[{"x": 0.8868763482832396, "y": 0.7276822046014598}, {"x": 0.8882710637988542, "y": 0.6660794782859922}, {"x": 0.8966393568925431, "y": 0.6025516667731663}, {"x": 0.8799027707051665, "y": 0.5216980884841155}, {"x": 0.8715344776114781, "y": 0.4600953621686479}, {"x": 0.8366665897211103, "y": 0.4523950213792144}, {"x": 0.8129564259556604, "y": 0.4466197657871393}, {"x": 0.7529836587842286, "y": 0.4273689138135558}, {"x": 0.6930108916127962, "y": 0.44854485098449765}, {"x": 0.6135121072227581, "y": 0.4023428062478971}, {"x": 0.5549340555669405, "y": 0.41004314703733047}, {"x": 0.3736210385370292, "y": 0.2637366720380952}, {"x": 0.3443320127091205, "y": 0.17518275295961064}, {"x": 0.3150429868812118, "y": 0.1463064749992353}, {"x": 0.31922713342805586, "y": 0.1212803674335766}]	red	6	2026-03-04 18:19:11.345569+00	929	672
f305d4e8-ebf6-4a53-9c39-10dd6f75bf06	505cd44d-9eaf-4e71-8bd9-36748c909aa9	19d97dbb-f640-449d-9e4a-8e4ab2218f70	[{"x": 0.39443155452436196, "y": 0.7279151943462897}, {"x": 0.41183294663573083, "y": 0.6466431095406361}, {"x": 0.41647331786542924, "y": 0.5500588928150766}, {"x": 0.3851508120649652, "y": 0.43462897526501765}, {"x": 0.35266821345707655, "y": 0.3321554770318021}, {"x": 0.3422273781902552, "y": 0.28150765606595995}, {"x": 0.35962877030162416, "y": 0.2673733804475854}]	red	1	2026-01-23 14:53:12.888783+00	1200	900
dc2653a9-c30f-4eb4-af6c-7a5c8dab367b	505cd44d-9eaf-4e71-8bd9-36748c909aa9	7f48eb8b-8712-4403-964f-02964971bd86	[{"x": 0.6368909512761021, "y": 0.6183745583038869}, {"x": 0.6740139211136891, "y": 0.5771495877502945}, {"x": 0.7308584686774942, "y": 0.535924617196702}, {"x": 0.777262180974478, "y": 0.47703180212014135}, {"x": 0.8178654292343387, "y": 0.43462897526501765}]	red	2	2026-01-23 14:53:12.888783+00	1200	900
80815e19-854f-42f7-aee2-250636a94d16	2b49da6c-9c8b-4109-a868-ac9841409667	ce66f7ec-6244-472d-87a8-a8525d05d60d	[{"x": 0.5533642691415314, "y": 0.7561837455830389}, {"x": 0.580046403712297, "y": 0.5771495877502945}, {"x": 0.5835266821345708, "y": 0.41813898704358066}, {"x": 0.5870069605568445, "y": 0.1955241460541814}, {"x": 0.5974477958236659, "y": 0.17550058892815076}]	red	0	2026-01-23 14:56:48.927452+00	1200	900
60d23a9f-d1c4-43d7-8e59-40f4feb3a184	2b49da6c-9c8b-4109-a868-ac9841409667	7e8907b0-c1a9-4cc6-91db-9b495a707fa7	[{"x": 0.3480278422273782, "y": 0.7444051825677267}, {"x": 0.33874709976798145, "y": 0.6431095406360424}, {"x": 0.3422273781902552, "y": 0.5135453474676089}, {"x": 0.3422273781902552, "y": 0.49705535924617195}, {"x": 0.35266821345707655, "y": 0.32037691401649}, {"x": 0.351508120649652, "y": 0.1872791519434629}, {"x": 0.36078886310904873, "y": 0.16725559481743227}]	red	1	2026-01-23 14:56:48.927452+00	1200	900
f5100c89-05d5-4520-9087-150a435c4836	e91aa8ab-ce5f-456d-8641-90ed87062e71	f8bd1a9f-ce42-4465-832f-91931a525c2a	[{"x": 0.728538283062645, "y": 0.6537102473498233}, {"x": 0.6716937354988399, "y": 0.6042402826855123}, {"x": 0.6554524361948956, "y": 0.5477031802120141}, {"x": 0.6206496519721578, "y": 0.5241460541813898}, {"x": 0.5556844547563805, "y": 0.5229681978798587}, {"x": 0.49071925754060325, "y": 0.5041224970553593}, {"x": 0.48839907192575405, "y": 0.4923439340400471}, {"x": 0.4767981438515081, "y": 0.425206124852768}, {"x": 0.49071925754060325, "y": 0.35571260306242636}, {"x": 0.4988399071925754, "y": 0.2767962308598351}, {"x": 0.48607888631090485, "y": 0.21319199057714958}, {"x": 0.48259860788863107, "y": 0.1625441696113074}]	red	0	2026-01-23 14:59:46.526507+00	1200	900
3653cc3c-46b1-40c8-ba2d-924a4b2631de	d05a1dcc-3380-4f4a-85e0-9f19aada2ecd	3ff91eea-3134-4a52-b125-eb0a0eb30b71	[{"x": 0.23108002857011928, "y": 0.6938857631784999}, {"x": 0.32485163436668935, "y": 0.6570504199944218}, {"x": 0.3951803387141171, "y": 0.5810775246772613}, {"x": 0.447089620494361, "y": 0.5350333456971638}, {"x": 0.4856029585893809, "y": 0.44524719668597373}, {"x": 0.492300930431993, "y": 0.4268295250939348}, {"x": 0.5442102122122373, "y": 0.4015052266548812}, {"x": 0.6111899306383588, "y": 0.37848313716483245}, {"x": 0.6547267476153374, "y": 0.35315883872577897}, {"x": 0.6982635645923168, "y": 0.2863947792046377}, {"x": 0.7200319730808064, "y": 0.2380483912755354}, {"x": 0.7551963252545202, "y": 0.1966086301934477}]	red	0	2026-03-04 17:36:32.077285+00	929	672
389c0a5f-788b-4d9f-9227-ad6b811b24fd	f904eaef-706e-402d-a1c6-d0bd4e2e2f9a	739a908b-1b1b-44b7-b175-57bedc288699	[{"x": 0.5278422273781903, "y": 0.6395759717314488}, {"x": 0.5475638051044084, "y": 0.5677267373380448}, {"x": 0.5464037122969838, "y": 0.4628975265017668}, {"x": 0.5278422273781903, "y": 0.3910482921083628}, {"x": 0.511600928074246, "y": 0.3297997644287397}, {"x": 0.5011600928074246, "y": 0.3050647820965842}]	red	0	2026-01-23 15:04:32.020992+00	1200	900
6629c609-0d52-46b5-a4f1-29a50e13bdee	f904eaef-706e-402d-a1c6-d0bd4e2e2f9a	099bc715-318f-4f00-85d4-c25b9a2cde7d	[{"x": 0.3561484918793503, "y": 0.6160188457008245}, {"x": 0.4176334106728538, "y": 0.6007067137809188}, {"x": 0.44779582366589327, "y": 0.5547703180212014}, {"x": 0.4605568445475638, "y": 0.4734982332155477}, {"x": 0.4617169373549884, "y": 0.4617196702002356}, {"x": 0.46635730858468677, "y": 0.4016489988221437}, {"x": 0.46403712296983757, "y": 0.3545347467608952}, {"x": 0.4547563805104408, "y": 0.27326266195524146}]	red	1	2026-01-23 15:04:32.020992+00	1200	900
8b3bb32e-0eb5-45b2-903f-622932f36506	115a6e71-af21-473c-bd99-d974bbe504ea	4a7f1e09-0f66-44b3-b014-357c936a4176	[{"x": 0.4547563805104408, "y": 0.7785630153121319}, {"x": 0.4593967517401392, "y": 0.7173144876325088}, {"x": 0.4651972157772622, "y": 0.6219081272084805}, {"x": 0.44895591647331784, "y": 0.5076560659599529}, {"x": 0.44779582366589327, "y": 0.3992932862190813}, {"x": 0.4408352668213457, "y": 0.32273262661955243}, {"x": 0.4408352668213457, "y": 0.3050647820965842}, {"x": 0.4408352668213457, "y": 0.2143698468786808}, {"x": 0.43155452436194897, "y": 0.15547703180212014}]	red	0	2026-01-23 15:06:53.483085+00	1200	900
dada9a7f-5838-40d5-ac81-7592fae61913	115a6e71-af21-473c-bd99-d974bbe504ea	f86e1f3e-435a-4225-befc-1c0c5ee2dad5	[{"x": 0.4895591647331787, "y": 0.5477031802120141}, {"x": 0.5440835266821346, "y": 0.5477031802120141}, {"x": 0.6310904872389791, "y": 0.5677267373380448}, {"x": 0.6252900232018561, "y": 0.4840989399293286}, {"x": 0.5997679814385151, "y": 0.4040047114252061}, {"x": 0.5545243619489559, "y": 0.3027090694935218}, {"x": 0.5301624129930395, "y": 0.22968197879858657}, {"x": 0.5046403712296984, "y": 0.1872791519434629}, {"x": 0.494199535962877, "y": 0.15901060070671377}]	red	1	2026-01-23 15:06:53.483085+00	1200	900
ed63f64f-6e3e-4389-ba7b-2abac771fc8f	127fa0a5-5d0e-451d-b2f5-c0e07b6e52ef	98afcfe3-37e7-4b19-b1ff-421def1d7805	[{"x": 0.5789750052509977, "y": 0.945179584120983}, {"x": 0.5789750052509977, "y": 0.947069943289225}, {"x": 0.42102499474900235, "y": 0.8109640831758034}, {"x": 0.42438563327032136, "y": 0.8109640831758034}, {"x": 0.42774627179164043, "y": 0.5954631379962193}, {"x": 0.42774627179164043, "y": 0.5954631379962193}, {"x": 0.42102499474900235, "y": 0.36862003780718333}, {"x": 0.42438563327032136, "y": 0.37051039697542537}, {"x": 0.3168452005881117, "y": 0.16824196597353497}, {"x": 0.3168452005881117, "y": 0.17013232514177695}, {"x": 0.2731568998109641, "y": 0.02457466918714556}, {"x": 0.2731568998109641, "y": 0.026465028355387523}]	red	0	2026-02-07 15:23:53.987029+00	675	1200
c4e50d6c-f557-404c-ab71-099317ff33d2	115a6e71-af21-473c-bd99-d974bbe504ea	6a4ebb3a-6886-4633-8236-9cbace4e1aef	[{"x": 0.8851508120649652, "y": 0.7879858657243817}, {"x": 0.8422273781902552, "y": 0.7055359246171967}, {"x": 0.7935034802784223, "y": 0.6101295641931684}, {"x": 0.7331786542923434, "y": 0.48645465253239106}, {"x": 0.679814385150812, "y": 0.38633686690223795}, {"x": 0.6299303944315545, "y": 0.3027090694935218}, {"x": 0.5823665893271461, "y": 0.23792697290930506}, {"x": 0.5556844547563805, "y": 0.19434628975265017}, {"x": 0.5301624129930395, "y": 0.15783274440518258}]	red	2	2026-01-23 15:06:53.483085+00	1200	900
70f39c58-ae46-4a5b-b0db-807fd6b467df	02ea9c84-4587-4e26-a05b-5f54cfce8dd5	2a53ecbc-4501-465a-8cee-4c8557cb908f	[{"x": 0.5672853828306265, "y": 0.5123674911660777}, {"x": 0.5464037122969838, "y": 0.4381625441696113}, {"x": 0.5185614849187935, "y": 0.4004711425206125}, {"x": 0.43503480278422274, "y": 0.3945818610129564}, {"x": 0.40023201856148494, "y": 0.37809187279151946}]	red	0	2026-01-23 15:08:52.194151+00	1200	900
2baa48d0-f53e-43b9-a418-e59aeae4d9b1	d8c8b9e9-6131-46d9-b42e-9ddfc1f8726c	3aa22403-f73f-49bd-993d-8271c882fb54	[{"x": 0.45127610208816704, "y": 0.7067137809187279}, {"x": 0.45707656612529, "y": 0.6678445229681979}, {"x": 0.462877030162413, "y": 0.5759717314487632}, {"x": 0.4802784222737819, "y": 0.5005889281507656}, {"x": 0.5034802784222738, "y": 0.3992932862190813}, {"x": 0.5243619489559165, "y": 0.3392226148409894}, {"x": 0.54292343387471, "y": 0.2579505300353357}, {"x": 0.5568445475638051, "y": 0.22614840989399293}, {"x": 0.5707656612529002, "y": 0.1707891637220259}]	red	0	2026-01-23 15:09:50.493509+00	1200	900
c4747af2-be36-49fa-85ea-b675f2e808ba	58caf498-ad3c-4bfa-b429-9afbe6296d53	841b56d4-721d-4454-b680-5b9cdbe248d8	[{"x": 0.4837587006960557, "y": 0.7055359246171967}, {"x": 0.5, "y": 0.6383981154299175}, {"x": 0.5243619489559165, "y": 0.5288574793875147}, {"x": 0.5475638051044084, "y": 0.4275618374558304}, {"x": 0.5812064965197216, "y": 0.3215547703180212}, {"x": 0.5986078886310905, "y": 0.26383981154299174}, {"x": 0.6160092807424594, "y": 0.1790341578327444}]	red	0	2026-01-23 15:18:13.859596+00	1200	900
311f7f03-cd7e-4882-94c3-68d9ed0a29cf	d05a1dcc-3380-4f4a-85e0-9f19aada2ecd	6b7de0fd-846e-4844-99fa-b069fe8755dc	[{"x": 0.4098813832052999, "y": 0.6237276039441081}, {"x": 0.3466894833384488, "y": 0.45817027697128937}, {"x": 0.4351581431520403, "y": 0.31763905756412925}, {"x": 0.33545536780656404, "y": 0.09817934506527629}]	red	1	2026-03-04 17:39:23.016897+00	929	672
a2fac2e6-2459-47d6-93ad-741e80f49caa	d05a1dcc-3380-4f4a-85e0-9f19aada2ecd	06dd93bf-66d2-4e3e-a632-586e83b5ff83	[{"x": 0.8785080551895516, "y": 0.7777344197327772}, {"x": 0.8715344776114781, "y": 0.6314279447335418}, {"x": 0.8729291931270926, "y": 0.47164587335279795}, {"x": 0.7794832535809076, "y": 0.23293530888036143}]	red	7	2026-03-04 18:20:34.876048+00	929	672
\.


--
-- Data for Name: submission_collaborator_invites; Type: TABLE DATA; Schema: public; Owner: postgres
--

COPY "public"."submission_collaborator_invites" ("id", "image_id", "token", "created_by", "max_uses", "used_count", "expires_at", "created_at") FROM stdin;
e47ef02f-44d6-4f36-8091-0f3e8cdc8d69	d05a1dcc-3380-4f4a-85e0-9f19aada2ecd	8f745c8b-d126-4796-b1f8-2b507c0a5255	3d4fcee7-7b78-42a5-bac5-8293378a86b2	\N	0	\N	2026-03-04 18:47:16.864068+00
52e70e6f-ec70-457e-b6ec-6cce9598531b	f25bbc14-3af0-42d5-888e-939767b57a89	59975cd9-abdc-4731-9dc2-cb09ca90ed80	c866ca90-e0a9-4e6c-9a5d-8494f064a78a	\N	1	\N	2026-03-10 18:49:04.06102+00
\.


--
-- Data for Name: submission_collaborators; Type: TABLE DATA; Schema: public; Owner: postgres
--

COPY "public"."submission_collaborators" ("image_id", "user_id", "role", "created_by", "created_at") FROM stdin;
f25bbc14-3af0-42d5-888e-939767b57a89	3d4fcee7-7b78-42a5-bac5-8293378a86b2	editor	c866ca90-e0a9-4e6c-9a5d-8494f064a78a	2026-03-10 18:50:23.035368+00
\.


--
-- Data for Name: submission_drafts; Type: TABLE DATA; Schema: public; Owner: postgres
--

COPY "public"."submission_drafts" ("id", "user_id", "crag_id", "status", "metadata", "created_at", "updated_at", "last_edited_by") FROM stdin;
aa64f3a5-bb5b-43f3-8cde-0f3fa55857bc	3d4fcee7-7b78-42a5-bac5-8293378a86b2	d913b3e3-1b52-4e84-8f42-702e9863ed0d	draft	{"location": {"latitude": 17.045053, "longitude": -96.654353}, "routeType": "boulder", "primaryIndex": 0, "uploadSignature": "route-uploads/3d4fcee7-7b78-42a5-bac5-8293378a86b2/1772721796888-4590397f-a0a6-48af-a5cf-e6190671ac85.png", "faceDirectionsByImage": {"0": ["SW"]}, "isAnonymousSubmission": false, "contributionCreditHandle": "betoo.pb", "contributionCreditPlatform": "instagram"}	2026-03-05 14:43:24.092441+00	2026-03-08 19:27:34.325979+00	3d4fcee7-7b78-42a5-bac5-8293378a86b2
700aea1a-eae9-4958-a1cc-105f1607ef75	3d4fcee7-7b78-42a5-bac5-8293378a86b2	\N	draft	{"intake": {"source": "/submit", "createdAt": "2026-03-09T11:20:00.610Z"}, "primaryIndex": 0, "uploadSignature": "route-uploads/3d4fcee7-7b78-42a5-bac5-8293378a86b2/1773055198633-6baebefb-496d-4f7c-b570-16a3ebdd8134.png"}	2026-03-09 11:20:06.291177+00	2026-03-09 11:20:06.291177+00	\N
5b00c166-8956-43c4-8fd9-a1589c2081e9	3d4fcee7-7b78-42a5-bac5-8293378a86b2	\N	draft	{"intake": {"source": "/submit", "createdAt": "2026-03-09T14:26:53.658Z"}, "location": {"latitude": null, "longitude": null}, "routeType": "sport", "primaryIndex": 0, "uploadSignature": "route-uploads/3d4fcee7-7b78-42a5-bac5-8293378a86b2/1773066410405-779fa340-334a-4371-9c2a-896f86192a4b.png", "faceDirectionsByImage": {}, "isAnonymousSubmission": false, "contributionCreditHandle": null, "contributionCreditPlatform": null}	2026-03-09 14:26:59.325011+00	2026-03-10 18:17:15.57303+00	3d4fcee7-7b78-42a5-bac5-8293378a86b2
01367162-c591-4776-9f09-3f8d4aa0b04b	ba637f82-4f6d-43b0-92e0-642463278cd3	\N	draft	{"intake": {"source": "/submit", "createdAt": "2026-03-09T14:51:26.262Z"}, "location": {"latitude": 47.09765, "longitude": 9.210905}, "routeType": "boulder", "primaryIndex": 0, "uploadSignature": "route-uploads/ba637f82-4f6d-43b0-92e0-642463278cd3/1773067883038-d65146df-0996-45ca-af07-0b7eb5820cc9.jpg", "faceDirectionsByImage": {}, "isAnonymousSubmission": false, "contributionCreditHandle": "Tinyclimberdiary", "contributionCreditPlatform": "instagram"}	2026-03-09 14:51:31.630229+00	2026-03-09 14:58:23.390914+00	ba637f82-4f6d-43b0-92e0-642463278cd3
ad62f001-6ab5-4e82-b5e7-e39e5be4d19b	3d4fcee7-7b78-42a5-bac5-8293378a86b2	d913b3e3-1b52-4e84-8f42-702e9863ed0d	submitted	{"primaryIndex": 0, "uploadSignature": "route-uploads/3d4fcee7-7b78-42a5-bac5-8293378a86b2/1772644769094-2f23184a-808f-416b-98a7-eb02df6794f0.png", "faceDirectionsByImage": {}}	2026-03-04 17:19:35.580769+00	2026-03-04 17:36:33.54838+00	\N
c25eb056-6552-4e3d-91e0-ce60e2e3419b	c866ca90-e0a9-4e6c-9a5d-8494f064a78a	96c9ab2d-1bc3-4af1-b1e7-6757eb8f43f2	submitted	{"intake": {"source": "/submit", "createdAt": "2026-03-09T20:28:58.272Z"}, "location": {"latitude": 51.1025623, "longitude": 0.1857048997222222}, "routeType": "boulder", "publishedAt": "2026-03-09T22:10:26.2567+00:00", "primaryIndex": 0, "uploadSignature": "route-uploads/c866ca90-e0a9-4e6c-9a5d-8494f064a78a/1773088125862-b20f2f37-4fa8-4d6d-9d42-a3202e101e60.jpg|route-uploads/c866ca90-e0a9-4e6c-9a5d-8494f064a78a/1773088127476-49b335f5-63e8-49a9-b387-07ad36074804.jpg|route-uploads/c866ca90-e0a9-4e6c-9a5d-8494f064a78a/1773088128694-b95de95a-c911-4371-91b9-b42f37c15b37.jpg|route-uploads/c866ca90-e0a9-4e6c-9a5d-8494f064a78a/1773088130146-ffc52ebd-c082-41e6-9008-2828f0c73dc6.jpg", "publishedImageId": "f25bbc14-3af0-42d5-888e-939767b57a89", "publishedClimbIds": ["a995a620-845a-4607-80fe-f3d168985f51", "e6cbe7b6-9920-4a3e-854e-2cbda3f9131f", "2c92d1e9-f574-4447-b352-26c2abf5da01", "4e1da2f8-21c1-4508-81af-76261788cb8e", "a0415b07-d6e2-42b6-b8df-c6cc59d26efc", "bb445c61-8791-49c1-a0be-affd34ab9a5b", "7dc20144-4959-433f-aed8-5cb175df16ac", "fb705906-b097-4900-b9d6-5d8528b522d1", "d5038bbf-05bf-46e8-81d1-4d9c00559e8f", "e0622a7c-5b50-4132-9af4-b6950729f4a5", "2d57ddd2-af62-41bb-89d6-892476f4c30c", "5ab5eaed-3e10-4e5c-a883-5f6511df189a", "6e7fa97c-82aa-4dcd-9b5c-43788e896607", "e8e51817-e554-4a15-b122-c5dfc223dec2", "9d1239b7-489c-47c6-b40b-b5bcac26041f"], "allPublishedImageIds": ["f25bbc14-3af0-42d5-888e-939767b57a89", "f12c807b-5554-4a9f-b59c-d09068e63ae5", "1119f589-ac64-4daa-afa2-d49befc6fba8", "dc032273-2624-4cf0-9314-b0f5af4cda9a"], "faceDirectionsByImage": {"0": ["N", "NE", "E", "SE", "S", "SW", "W", "NW"], "1": ["SE", "S"]}, "isAnonymousSubmission": true, "publishedRouteLineIds": ["81c29287-9484-4192-a3ae-d6886fcc6b55", "0ca57793-11a5-4dd8-952b-04cf51bf237d", "e51ecea2-babb-4842-8944-82274d314313", "49c818c3-f291-4abe-92bf-073886d2a8e7", "b76dd151-125b-4d42-84fc-38bc797a7c99", "4d687bd0-1367-42ee-a605-7d018f953fd5", "8384b059-18f7-4045-98b0-92cdeb860347", "9f5d44c0-1269-417d-b557-c807b457e3a6", "220f3304-e731-4679-870f-0b79fe0d6438", "86cc288e-5274-4f83-acf8-f5abf74a89cf", "be4426eb-d999-45af-8f4f-6c857ba1e731", "6c45e6dc-1d92-4835-97ea-9663dc37febb", "90cd9b0d-6c46-4b0b-9e08-82582d53e69a", "a09a84d3-15a8-433f-bbaa-f71b138fd5fc", "873be2e7-6b9b-44ab-94d2-7c1cbc1e74f8"], "contributionCreditHandle": null, "contributionCreditPlatform": null}	2026-03-09 20:29:03.910046+00	2026-03-09 22:10:26.2567+00	c866ca90-e0a9-4e6c-9a5d-8494f064a78a
\.


--
-- Data for Name: submission_draft_collaborator_invites; Type: TABLE DATA; Schema: public; Owner: postgres
--

COPY "public"."submission_draft_collaborator_invites" ("id", "draft_id", "token", "created_by", "max_uses", "used_count", "expires_at", "created_at") FROM stdin;
391240f3-7581-4cbe-98ca-2d795118884d	aa64f3a5-bb5b-43f3-8cde-0f3fa55857bc	60a625cd-bc84-4b49-931c-71eb67ea77fe	3d4fcee7-7b78-42a5-bac5-8293378a86b2	\N	0	\N	2026-03-05 19:29:42.692529+00
\.


--
-- Data for Name: submission_draft_collaborators; Type: TABLE DATA; Schema: public; Owner: postgres
--

COPY "public"."submission_draft_collaborators" ("draft_id", "user_id", "role", "created_by", "created_at") FROM stdin;
\.


--
-- Data for Name: submission_draft_images; Type: TABLE DATA; Schema: public; Owner: postgres
--

COPY "public"."submission_draft_images" ("id", "draft_id", "display_order", "storage_bucket", "storage_path", "width", "height", "route_data", "linked_image_id", "linked_crag_image_id", "created_at", "updated_at", "submitted_at", "storage_provider", "original_bucket", "original_key", "original_mime_type", "original_bytes", "preview_variants", "processing_status", "checksum_sha256", "processed_at") FROM stdin;
92360ad0-f07f-498c-867d-9b4bd8c56825	700aea1a-eae9-4958-a1cc-105f1607ef75	0	route-uploads	3d4fcee7-7b78-42a5-bac5-8293378a86b2/1773055198633-6baebefb-496d-4f7c-b570-16a3ebdd8134.png	929	672	{}	\N	\N	2026-03-09 11:20:06.484398+00	2026-03-10 13:24:33.434921+00	\N	supabase	route-uploads	3d4fcee7-7b78-42a5-bac5-8293378a86b2/1773055198633-6baebefb-496d-4f7c-b570-16a3ebdd8134.png	\N	\N	{}	pending	\N	\N
56a2b0dc-4553-436c-bf9f-ab0cf730bfae	c25eb056-6552-4e3d-91e0-ce60e2e3419b	2	route-uploads	c866ca90-e0a9-4e6c-9a5d-8494f064a78a/1773088128694-b95de95a-c911-4371-91b9-b42f37c15b37.jpg	1200	1600	{"completedRoutes": [{"id": "route-1773089443963-3ad4hdlh6", "name": "Torque Wrench", "grade": "6A", "points": [{"x": 0.21114815539855922, "y": 0.7622913642960812}, {"x": 0.2092176579777724, "y": 0.6853682873730044}, {"x": 0.2150091502401329, "y": 0.6287645137880987}, {"x": 0.21693964766091975, "y": 0.5866745283018868}, {"x": 0.2150091502401329, "y": 0.5721607402031931}, {"x": 0.1532332327749544, "y": 0.5474873004354136}, {"x": 0.08566582304741546, "y": 0.4952376632801161}, {"x": 0.07794383336426813, "y": 0.46330732946298986}, {"x": 0.07987433078505496, "y": 0.4255714804063861}, {"x": 0.10690129467607057, "y": 0.3878356313497823}, {"x": 0.11269278693843104, "y": 0.35300253991291725}], "climbType": "boulder", "imageWidth": 1200, "imageHeight": 1600, "sequenceOrder": 0}, {"id": "route-1773092834219-chaf83nmm", "name": "Finger Flow", "grade": "7A+", "points": [{"x": 0.27637130801687765, "y": 0.7590486550632911}, {"x": 0.2721518987341772, "y": 0.6498714398734177}, {"x": 0.26371308016877637, "y": 0.602403085443038}, {"x": 0.23839662447257384, "y": 0.5501878955696202}, {"x": 0.22362869198312235, "y": 0.4948081487341772}, {"x": 0.20675105485232068, "y": 0.42835245253164556}, {"x": 0.20042194092827004, "y": 0.3824663765822785}, {"x": 0.22362869198312235, "y": 0.342909414556962}], "climbType": "boulder", "imageWidth": 1200, "imageHeight": 1600, "sequenceOrder": 1}, {"id": "route-1773092881972-0qv5zjoda", "name": "West Face Route", "grade": "6A", "points": [{"x": 0.35654008438818563, "y": 0.7622132120253164}, {"x": 0.3628691983122363, "y": 0.6751878955696202}, {"x": 0.3628691983122363, "y": 0.592909414556962}, {"x": 0.35443037974683544, "y": 0.5739220727848101}, {"x": 0.350210970464135, "y": 0.5122132120253164}, {"x": 0.31856540084388185, "y": 0.3413271360759494}], "climbType": "boulder", "imageWidth": 1200, "imageHeight": 1600, "sequenceOrder": 2}, {"id": "route-1773093003284-xatr3x4ca", "name": "Strong Struggle", "grade": "6C+", "points": [{"x": 0.5232067510548524, "y": 0.778035996835443}, {"x": 0.5147679324894515, "y": 0.7084157436708861}, {"x": 0.5126582278481012, "y": 0.6198081487341772}, {"x": 0.5084388185654009, "y": 0.5486056170886076}, {"x": 0.5632911392405063, "y": 0.5501878955696202}, {"x": 0.5548523206751055, "y": 0.4948081487341772}, {"x": 0.5611814345991561, "y": 0.44575751582278483}, {"x": 0.5253164556962026, "y": 0.3887954905063291}, {"x": 0.5084388185654009, "y": 0.33816257911392406}], "climbType": "boulder", "imageWidth": 1200, "imageHeight": 1600, "sequenceOrder": 3}, {"id": "route-1773093559254-u9h7pid1g", "name": "Back Breaker", "grade": "6A", "points": [{"x": 0.7362869198312236, "y": 0.7677511867088608}, {"x": 0.7236286919831224, "y": 0.6807258702531646}, {"x": 0.7194092827004219, "y": 0.6332575158227848}, {"x": 0.7763713080168776, "y": 0.5525613132911392}, {"x": 0.8586497890295358, "y": 0.48452333860759494}, {"x": 0.8607594936708861, "y": 0.43547270569620256}], "climbType": "boulder", "imageWidth": 1200, "imageHeight": 1600, "sequenceOrder": 4}, {"id": "route-1773093708268-5v1lfsuq5", "name": "Full on Fling", "grade": "6A", "points": [{"x": 0.7383966244725738, "y": 0.7724980221518988}, {"x": 0.7257383966244726, "y": 0.6474980221518988}, {"x": 0.7468354430379747, "y": 0.5984473892405063}, {"x": 0.8438818565400844, "y": 0.5588904272151899}, {"x": 0.9092827004219409, "y": 0.49559928797468356}, {"x": 0.9219409282700421, "y": 0.4623714398734177}, {"x": 0.919831223628692, "y": 0.4481309335443038}], "climbType": "boulder", "imageWidth": 1200, "imageHeight": 1600, "sequenceOrder": 5}, {"id": "route-1773094202529-9mr8fphdj", "name": "The Sheriff", "grade": "6C+", "points": [{"x": 0.7742616033755274, "y": 0.7463904272151899}, {"x": 0.7763713080168776, "y": 0.6799347310126582}, {"x": 0.8565400843881856, "y": 0.6403777689873418}, {"x": 0.8459915611814346, "y": 0.6182258702531646}, {"x": 0.8987341772151899, "y": 0.588162579113924}, {"x": 0.9324894514767933, "y": 0.5612638449367089}, {"x": 0.9831223628691983, "y": 0.49955498417721517}, {"x": 0.9789029535864979, "y": 0.4615803006329114}, {"x": 0.9493670886075949, "y": 0.44575751582278483}], "climbType": "boulder", "imageWidth": 1200, "imageHeight": 1600, "sequenceOrder": 6}]}	1119f589-ac64-4daa-afa2-d49befc6fba8	80310f5b-8ed3-444b-8660-35fff901d47c	2026-03-09 20:29:04.297387+00	2026-03-10 13:24:33.434921+00	2026-03-09 22:10:26.2567+00	supabase	route-uploads	c866ca90-e0a9-4e6c-9a5d-8494f064a78a/1773088128694-b95de95a-c911-4371-91b9-b42f37c15b37.jpg	\N	\N	{}	pending	\N	\N
de1208ce-b33d-4998-bdb3-59240334b4ec	5b00c166-8956-43c4-8fd9-a1589c2081e9	0	route-uploads	3d4fcee7-7b78-42a5-bac5-8293378a86b2/1773066410405-779fa340-334a-4371-9c2a-896f86192a4b.png	929	672	{"completedRoutes": [{"id": "route-1773092228388-x937refpu", "name": "Route 1", "grade": "6A", "points": [{"x": 0.6090421219984428, "y": 0.6593689559116451}, {"x": 0.6090760360800845, "y": 0.6569443554694055}, {"x": 0.6491112018368879, "y": 0.3870365044602888}, {"x": 0.6491468279274586, "y": 0.38460561452273856}, {"x": 0.6722623724871674, "y": 0.20548213582560462}, {"x": 0.6705179169127248, "y": 0.20427320497697266}], "climbType": "sport", "imageWidth": 929, "imageHeight": 672, "sequenceOrder": 0}, {"id": "route-1773092236547-e5uvamwk2", "name": "Route 2", "grade": "6A", "points": [{"x": 0.4268884640145058, "y": 0.6419863149002673}, {"x": 0.4251302902241038, "y": 0.6395578612852123}, {"x": 0.4714496467788813, "y": 0.3618497690699103}, {"x": 0.4705844721977501, "y": 0.35941411603706}, {"x": 0.47323213651997426, "y": 0.19475038211530069}, {"x": 0.47325824760796464, "y": 0.19353953003486465}, {"x": 0.4990768914128484, "y": 0.0669679156676893}, {"x": 0.49732222629989503, "y": 0.06452596314426828}], "climbType": "sport", "imageWidth": 929, "imageHeight": 672, "sequenceOrder": 1}]}	\N	\N	2026-03-09 14:26:59.675494+00	2026-03-10 18:17:15.237955+00	\N	supabase	route-uploads	3d4fcee7-7b78-42a5-bac5-8293378a86b2/1773066410405-779fa340-334a-4371-9c2a-896f86192a4b.png	\N	\N	{}	pending	\N	\N
85374ede-7156-4aa6-9a5e-16a422c2fa87	c25eb056-6552-4e3d-91e0-ce60e2e3419b	0	route-uploads	c866ca90-e0a9-4e6c-9a5d-8494f064a78a/1773088125862-b20f2f37-4fa8-4d6d-9d42-a3202e101e60.jpg	1200	1600	{"completedRoutes": [{"id": "route-1773088282591-atphvyhcu", "name": "Alligator Snatch", "grade": "5A+", "points": [{"x": 0.16064412281966584, "y": 0.7949473875181422}, {"x": 0.14522999409334103, "y": 0.7194756894049347}, {"x": 0.12210880100385392, "y": 0.6773857039187228}, {"x": 0.08164671309725144, "y": 0.558372641509434}, {"x": 0.0546719878261831, "y": 0.5061230043541364}, {"x": 0.05852552000776431, "y": 0.43210268505079824}, {"x": 0.0970608418235762, "y": 0.38420718432510886}], "climbType": "boulder", "imageWidth": 1200, "imageHeight": 1600, "sequenceOrder": 0}, {"id": "route-1773088818194-ffre6gtrb", "name": "Groovy Graeme", "grade": "4A+", "points": [{"x": 0.2880892337283425, "y": 0.774628084179971}, {"x": 0.2900178645817538, "y": 0.6817398403483309}, {"x": 0.2880892337283425, "y": 0.616427793904209}, {"x": 0.26687429434081594, "y": 0.5728864296081277}, {"x": 0.20515810703164805, "y": 0.4959633526850508}, {"x": 0.19358632191117903, "y": 0.45532474600870826}, {"x": 0.23408756983282045, "y": 0.423394412191582}, {"x": 0.23601620068623194, "y": 0.365339259796807}], "climbType": "boulder", "imageWidth": 1200, "imageHeight": 1600, "sequenceOrder": 1}, {"id": "route-1773088928148-7kep4l6h8", "name": "Letterbox", "grade": "5B", "points": [{"x": 0.5120580229866424, "y": 0.8290547895500726}, {"x": 0.47925543649291463, "y": 0.7274582728592163}, {"x": 0.47153718084733176, "y": 0.5721607402031931}, {"x": 0.43873459435360423, "y": 0.4589531930333817}, {"x": 0.4561006695561659, "y": 0.42702285921625543}, {"x": 0.4310163387080214, "y": 0.3936411465892598}, {"x": 0.4368050304422086, "y": 0.3515511611030479}], "climbType": "boulder", "imageWidth": 1200, "imageHeight": 1600, "sequenceOrder": 2}, {"id": "route-1773089000750-b9xbb4bzr", "name": "Sunset Wall", "grade": "5B", "points": [{"x": 0.7169384796447079, "y": 0.8254263425253991}, {"x": 0.7207994744862816, "y": 0.7136701741654572}, {"x": 0.7207994744862816, "y": 0.5714350507982583}, {"x": 0.715007982223921, "y": 0.3987209724238026}, {"x": 0.6976335054368394, "y": 0.3334089259796807}, {"x": 0.6879810183329055, "y": 0.31744375907111755}], "climbType": "boulder", "imageWidth": 1200, "imageHeight": 1600, "sequenceOrder": 3}, {"id": "route-1773089077092-l4rsjmjdi", "name": "Layaway Cure", "grade": "6A", "points": [{"x": 0.9200856245064867, "y": 0.7971244557329463}, {"x": 0.8969084479248484, "y": 0.76519412191582}, {"x": 0.8660055458159978, "y": 0.7318124092888244}, {"x": 0.9123598989792737, "y": 0.6665003628447025}, {"x": 0.893045585161242, "y": 0.5924800435413643}, {"x": 0.9683714090515659, "y": 0.5707093613933236}, {"x": 0.9934800170150071, "y": 0.5489386792452831}, {"x": 0.9954114483968103, "y": 0.3617108127721335}, {"x": 0.9567828207607467, "y": 0.3283291001451379}], "climbType": "boulder", "imageWidth": 1200, "imageHeight": 1600, "sequenceOrder": 4}]}	f25bbc14-3af0-42d5-888e-939767b57a89	\N	2026-03-09 20:29:04.297387+00	2026-03-10 13:24:33.434921+00	2026-03-09 22:10:26.2567+00	supabase	route-uploads	c866ca90-e0a9-4e6c-9a5d-8494f064a78a/1773088125862-b20f2f37-4fa8-4d6d-9d42-a3202e101e60.jpg	\N	\N	{}	pending	\N	\N
9c330219-d353-4522-809a-854aecebe4e6	c25eb056-6552-4e3d-91e0-ce60e2e3419b	3	route-uploads	c866ca90-e0a9-4e6c-9a5d-8494f064a78a/1773088130146-ffc52ebd-c082-41e6-9008-2828f0c73dc6.jpg	1200	1600	{"completedRoutes": [{"id": "route-1773094071711-s90qx3leh", "name": "Route 1", "grade": "6A", "points": [{"x": 0.7890295358649789, "y": 0.778035996835443}, {"x": 0.7953586497890295, "y": 0.7384790348101266}, {"x": 0.7911392405063291, "y": 0.6862638449367089}, {"x": 0.7869198312236287, "y": 0.6324663765822784}, {"x": 0.8143459915611815, "y": 0.588162579113924}, {"x": 0.8059071729957806, "y": 0.5454410601265823}, {"x": 0.79957805907173, "y": 0.5296182753164557}, {"x": 0.8122362869198312, "y": 0.4837321993670886}, {"x": 0.8544303797468354, "y": 0.4267701740506329}, {"x": 0.8544303797468354, "y": 0.3666435917721519}, {"x": 0.8227848101265823, "y": 0.3413271360759494}, {"x": 0.7953586497890295, "y": 0.32708662974683544}], "climbType": "boulder", "imageWidth": 1200, "imageHeight": 1600, "sequenceOrder": 0}]}	dc032273-2624-4cf0-9314-b0f5af4cda9a	65239bc9-2787-416f-a0d2-6d52b483f81f	2026-03-09 20:29:04.297387+00	2026-03-10 13:24:33.434921+00	2026-03-09 22:10:26.2567+00	supabase	route-uploads	c866ca90-e0a9-4e6c-9a5d-8494f064a78a/1773088130146-ffc52ebd-c082-41e6-9008-2828f0c73dc6.jpg	\N	\N	{}	pending	\N	\N
d9391fea-b06b-458c-9e2e-999a7e6edfbb	01367162-c591-4776-9f09-3f8d4aa0b04b	0	route-uploads	ba637f82-4f6d-43b0-92e0-642463278cd3/1773067883038-d65146df-0996-45ca-af07-0b7eb5820cc9.jpg	1200	1600	{"completedRoutes": []}	\N	\N	2026-03-09 14:51:31.781235+00	2026-03-10 13:24:33.434921+00	\N	supabase	route-uploads	ba637f82-4f6d-43b0-92e0-642463278cd3/1773067883038-d65146df-0996-45ca-af07-0b7eb5820cc9.jpg	\N	\N	{}	pending	\N	\N
37352b2b-da69-4982-9063-d2669dcddf5f	c25eb056-6552-4e3d-91e0-ce60e2e3419b	1	route-uploads	c866ca90-e0a9-4e6c-9a5d-8494f064a78a/1773088127476-49b335f5-63e8-49a9-b387-07ad36074804.jpg	1200	1600	{"completedRoutes": [{"id": "route-1773089293275-t0degkadv", "name": "Torque Wrench Left", "grade": "6A+", "points": [{"x": 0.5647022502547027, "y": 0.8588080551523948}, {"x": 0.5473193678184741, "y": 0.7354408563134979}, {"x": 0.5395936422912614, "y": 0.6599691582002902}, {"x": 0.5878794268363408, "y": 0.5569212626995645}, {"x": 0.5859479954545377, "y": 0.527893686502177}, {"x": 0.5704965444001122, "y": 0.5133798984034833}, {"x": 0.524142191236836, "y": 0.4843523222060958}, {"x": 0.48551356360077264, "y": 0.4291999274310595}, {"x": 0.46619924978274097, "y": 0.376950290275762}, {"x": 0.46619924978274097, "y": 0.3276034107402032}], "climbType": "boulder", "imageWidth": 1200, "imageHeight": 1600, "sequenceOrder": 0}, {"id": "route-1773089356114-9a788x4c4", "name": "Torque Wrench", "grade": "6A", "points": [{"x": 0.5688401808039976, "y": 0.8689677068214804}, {"x": 0.549516522857365, "y": 0.744149129172714}, {"x": 0.5437194254733753, "y": 0.6802884615384616}, {"x": 0.5669078150093344, "y": 0.616427793904209}, {"x": 0.5881638387506303, "y": 0.5307964441219158}, {"x": 0.5958933019292832, "y": 0.42484579100145137}, {"x": 0.6036227651079363, "y": 0.3450199564586357}], "climbType": "boulder", "imageWidth": 1200, "imageHeight": 1600, "sequenceOrder": 1}]}	f12c807b-5554-4a9f-b59c-d09068e63ae5	02a63841-5029-4570-9e85-ef55bdbf4f05	2026-03-09 20:29:04.297387+00	2026-03-10 13:24:33.434921+00	2026-03-09 22:10:26.2567+00	supabase	route-uploads	c866ca90-e0a9-4e6c-9a5d-8494f064a78a/1773088127476-49b335f5-63e8-49a9-b387-07ad36074804.jpg	\N	\N	{}	pending	\N	\N
798edb5d-772d-40ac-8e88-c55213280a2a	aa64f3a5-bb5b-43f3-8cde-0f3fa55857bc	0	route-uploads	3d4fcee7-7b78-42a5-bac5-8293378a86b2/1772721796888-4590397f-a0a6-48af-a5cf-e6190671ac85.png	533	648	{"expiresAt": 1773327041529, "updatedAt": 1772722241529, "currentName": "", "currentGrade": "6A", "currentPoints": [], "completedRoutes": [{"id": "route-1772722113027-fe0jx4263", "name": "Sigue Respirando", "grade": "5A+", "points": [{"x": 0.285475499621703, "y": 0.7291667351479869}, {"x": 0.3180433715583735, "y": 0.5969073750734117}, {"x": 0.40271983859371613, "y": 0.5238166760848306}, {"x": 0.47219796539194625, "y": 0.44028444866930955}, {"x": 0.46351319954216763, "y": 0.36719374968072854}, {"x": 0.41574698736838434, "y": 0.35327171177814165}, {"x": 0.44180128491772064, "y": 0.20186954958750944}, {"x": 0.480882731241725, "y": 0.12703859586110514}, {"x": 0.5568744324272892, "y": 0.07483095372640436}, {"x": 0.5568744324272892, "y": 0.06961018951293432}], "climbType": "boulder", "imageWidth": 533, "description": "💀💀💀\\nBoulder muy técnico y alto, con una línea recta y sostenida\\nde movimientos precisos.\\n\\n A partir del cuarto agarre, es esencial trabajar\\ncorrectamente los pies: los agarres de manos sirven más\\npara equilibrar que para jalar.\\n\\n La línea se desarrolla en una pendiente positiva, donde la\\nclave está en la técnica de pies y control del cuerpo.\\n\\nTodos los agarres son buenos y sólidos, pero el\\ncompromiso aumenta con la altura.\\nAperturista: Cesar Montes\\nF.A: Cesar Montes", "imageHeight": 648, "sequenceOrder": 0}, {"id": "route-1772722227015-21oa2arzm", "name": "Adán", "grade": "6A", "points": [{"x": 0.10960899116368338, "y": 0.753617319525241}, {"x": 0.12914971432568553, "y": 0.6439812710423692}, {"x": 0.0900682680016811, "y": 0.5534880246755547}, {"x": 0.10960899116368338, "y": 0.4821375804247974}, {"x": 0.11612256555101745, "y": 0.38120280563104253}, {"x": 0.15520401187502186, "y": 0.2994108329533448}, {"x": 0.26159239353481156, "y": 0.271566757148171}, {"x": 0.37449434958193545, "y": 0.21935911501347025}, {"x": 0.3918638812814931, "y": 0.1462684160248892}, {"x": 0.3918638812814931, "y": 0.0958010286280118}], "climbType": "boulder", "imageWidth": 533, "description": "💀💀💀\\nBoulder de exposición media-alta, técnico y con secciones de precisión.\\n\\n Inicia en dos agarres muy buenos, para luego ir a un sloper con leve incut, donde el equilibrio y el uso de\\npies finos son fundamentales.\\n\\n Con la mano izquierda se trabaja una serie de laterales, hasta llegar a un crimp clave:\\n\\n en ese punto, la línea se divide — hacia la derecha continúa Adán, mientras que hacia la izquierda parte\\nEva.\\nAperturista: Lalo Esperón, Jorge Martínez y Beto Pacheco\\n\\nF.A: Beto Pacheco", "imageHeight": 648, "sequenceOrder": 1}], "currentClimbType": "boulder", "currentDescription": ""}	\N	\N	2026-03-05 14:43:24.306243+00	2026-03-10 13:24:33.434921+00	\N	supabase	route-uploads	3d4fcee7-7b78-42a5-bac5-8293378a86b2/1772721796888-4590397f-a0a6-48af-a5cf-e6190671ac85.png	\N	\N	{}	pending	\N	\N
2f858359-34fd-4472-9020-697f7bef45d9	ad62f001-6ab5-4e82-b5e7-e39e5be4d19b	0	route-uploads	3d4fcee7-7b78-42a5-bac5-8293378a86b2/1772644769094-2f23184a-808f-416b-98a7-eb02df6794f0.png	929	672	{"expiresAt": 1773250576852, "updatedAt": 1772645776852, "currentName": "", "currentGrade": "6A", "currentPoints": [], "completedRoutes": [{"id": "route-1772645776100-ht0qykbu2", "name": "🪨 Roca de la Creación La Creación", "grade": "5B+", "points": [{"x": 138, "y": 301.3999938964844}, {"x": 194, "y": 285.3999938964844}, {"x": 236, "y": 252.39999389648438}, {"x": 267, "y": 232.39999389648438}, {"x": 290, "y": 193.39999389648438}, {"x": 294, "y": 185.39999389648438}, {"x": 325, "y": 174.39999389648438}, {"x": 365, "y": 164.39999389648438}, {"x": 391, "y": 153.39999389648438}, {"x": 417, "y": 124.39999389648438}, {"x": 430, "y": 103.39999389648438}, {"x": 451, "y": 85.39999389648438}], "description": "💀💀 🔥🔥 🥷\\nInicio casi parado en una pinza. Es una travesía larga que combina los agarres de\\ntoda la roca, recorriendo de izquierda a derecha hasta salir por el final del V3 Clásico.\\nBoulder técnico y de precisión, con exposición media y movimientos controlados.\\nAperturista: Beto Pacheco\\nF.A: Beto Pacheco"}], "currentClimbType": "boulder", "currentDescription": ""}	\N	\N	2026-03-04 17:19:35.811628+00	2026-03-10 13:24:33.434921+00	\N	supabase	route-uploads	3d4fcee7-7b78-42a5-bac5-8293378a86b2/1772644769094-2f23184a-808f-416b-98a7-eb02df6794f0.png	\N	\N	{}	pending	\N	\N
\.


--
-- Data for Name: user_climbs; Type: TABLE DATA; Schema: public; Owner: postgres
--

COPY "public"."user_climbs" ("id", "user_id", "climb_id", "style", "notes", "date_climbed", "created_at", "grade_opinion", "grade_vote_baseline", "star_rating") FROM stdin;
98c2e3a9-af21-4cc3-ba78-b1bfcf17c762	e5484882-26c8-430d-9c84-7ce112269fe8	abde4b17-bfe8-4a06-b7b3-4f67785012ce	top	\N	2026-01-24	2026-01-24 20:31:01.739+00	\N	\N	\N
8145b412-c7fa-4ef1-877c-d0a8f7da0c14	e5484882-26c8-430d-9c84-7ce112269fe8	f9676bde-fbb2-4d90-a178-dec6cdb903f4	top	\N	2026-01-24	2026-01-24 20:33:13.451+00	\N	\N	\N
708a8d6b-2550-4b95-bef9-e04b8827ad1d	e5484882-26c8-430d-9c84-7ce112269fe8	99941bb0-4ec7-4b95-8018-c5782c4c654b	top	\N	2026-01-28	2026-01-28 22:15:57.601+00	\N	\N	\N
15e630a2-4586-4ed8-ae9f-8b2361a9278d	fcf46093-2632-4f87-a560-c520ad9877eb	56eed955-48d9-4a2f-9cb3-2012fee9345f	flash	\N	2026-02-20	2026-02-20 16:03:56.163+00	\N	\N	\N
25b7b737-30ec-4d71-ae55-fe34863bf477	fcf46093-2632-4f87-a560-c520ad9877eb	a2c7f4b4-fc6c-4f64-9c30-70f412a36abe	flash	\N	2026-02-20	2026-02-20 16:04:00.18+00	\N	\N	\N
32e4eaf2-df0d-4233-99ac-2dee5a38098f	e5484882-26c8-430d-9c84-7ce112269fe8	e6da3770-e933-4b72-9374-dff8588e6ff9	top	\N	2026-01-14	2026-01-14 22:15:14.842+00	soft	7A	3
48c06991-b63e-4980-9180-d2af118694f1	e5484882-26c8-430d-9c84-7ce112269fe8	98afcfe3-37e7-4b19-b1ff-421def1d7805	top	\N	2026-02-07	2026-02-07 15:24:23.128+00	agree	7A	4
e4574efd-6ab8-46ee-adbc-9c4f128b4663	3d4fcee7-7b78-42a5-bac5-8293378a86b2	06dd93bf-66d2-4e3e-a632-586e83b5ff83	top	\N	2026-03-05	2026-03-05 11:18:16.61+00	agree	5B	5
\.


--
-- Data for Name: buckets; Type: TABLE DATA; Schema: storage; Owner: supabase_storage_admin
--

COPY "storage"."buckets" ("id", "name", "owner", "created_at", "updated_at", "public", "avif_autodetection", "file_size_limit", "allowed_mime_types", "owner_id", "type") FROM stdin;
avatars	avatars	\N	2026-01-06 16:09:08.74061+00	2026-01-06 16:09:08.74061+00	t	f	\N	\N	\N	STANDARD
Gear Images	Gear Images	\N	2026-01-21 15:47:37.511017+00	2026-01-21 15:47:37.511017+00	t	f	\N	\N	\N	STANDARD
route-uploads	route-uploads	\N	2025-12-12 15:33:57.088486+00	2025-12-12 15:33:57.088486+00	t	f	5242880	{image/jpeg,image/png,image/gif}	\N	STANDARD
gym-floor-plans	gym-floor-plans	\N	2026-02-23 10:40:12.8296+00	2026-02-23 10:40:12.8296+00	t	f	\N	\N	\N	STANDARD
\.


--
-- Data for Name: buckets_analytics; Type: TABLE DATA; Schema: storage; Owner: supabase_storage_admin
--

COPY "storage"."buckets_analytics" ("name", "type", "format", "created_at", "updated_at", "id", "deleted_at") FROM stdin;
\.


--
-- Data for Name: buckets_vectors; Type: TABLE DATA; Schema: storage; Owner: supabase_storage_admin
--

COPY "storage"."buckets_vectors" ("id", "type", "created_at", "updated_at") FROM stdin;
\.


--
-- Data for Name: objects; Type: TABLE DATA; Schema: storage; Owner: supabase_storage_admin
--

COPY "storage"."objects" ("id", "bucket_id", "name", "owner", "created_at", "updated_at", "last_accessed_at", "metadata", "version", "owner_id", "user_metadata") FROM stdin;
ef155f6e-e939-40b1-9861-19ca2f843332	route-uploads	e5484882-26c8-430d-9c84-7ce112269fe8/1771859008817-7A90B2EA-FEBF-429F-BEA4-0AA8DAD71FA3.png	e5484882-26c8-430d-9c84-7ce112269fe8	2026-02-23 15:03:42.46113+00	2026-02-23 15:03:42.46113+00	2026-02-23 15:03:42.46113+00	{"eTag": "\\"f7b9dca807c664a7c936d7f027e2aa25\\"", "size": 254713, "mimetype": "image/jpeg", "cacheControl": "max-age=3600", "lastModified": "2026-02-23T15:03:43.000Z", "contentLength": 254713, "httpStatusCode": 200}	02af2c15-bc56-4ba5-8b97-8a511e29168a	e5484882-26c8-430d-9c84-7ce112269fe8	{}
bfedf11f-3a3a-4831-89dd-4c15948a783e	route-uploads	e5484882-26c8-430d-9c84-7ce112269fe8/1770477738214-94C929EC-9AD7-4D44-BC57-6728AA571C98.png	e5484882-26c8-430d-9c84-7ce112269fe8	2026-02-07 15:22:19.092083+00	2026-02-07 15:22:19.092083+00	2026-02-07 15:22:19.092083+00	{"eTag": "\\"f7b9dca807c664a7c936d7f027e2aa25\\"", "size": 254713, "mimetype": "image/jpeg", "cacheControl": "max-age=3600", "lastModified": "2026-02-07T15:22:20.000Z", "contentLength": 254713, "httpStatusCode": 200}	b2f0f450-a62c-411f-99f9-8f8dce923c3c	e5484882-26c8-430d-9c84-7ce112269fe8	{}
e8d98d92-ab30-4574-b04d-d43575092f04	route-uploads	3d4fcee7-7b78-42a5-bac5-8293378a86b2/.emptyFolderPlaceholder	\N	2026-02-25 12:17:03.546788+00	2026-02-25 12:17:03.546788+00	2026-02-25 12:17:03.546788+00	{"eTag": "\\"d41d8cd98f00b204e9800998ecf8427e\\"", "size": 0, "mimetype": "application/octet-stream", "cacheControl": "max-age=3600", "lastModified": "2026-02-25T12:17:03.545Z", "contentLength": 0, "httpStatusCode": 200}	f1c80bea-6c19-40b4-bf69-aaa33f2294c4	\N	{}
08b3d957-578e-430b-a67c-90dc5d2d6c20	route-uploads	3d4fcee7-7b78-42a5-bac5-8293378a86b2/1772057995541-1000036713.jpg	3d4fcee7-7b78-42a5-bac5-8293378a86b2	2026-02-25 22:19:54.931364+00	2026-02-25 22:19:54.931364+00	2026-02-25 22:19:54.931364+00	{"eTag": "\\"291a389bf71e798b0a34b81687bcb7b8\\"", "size": 230903, "mimetype": "image/jpeg", "cacheControl": "max-age=3600", "lastModified": "2026-02-25T22:19:55.000Z", "contentLength": 230903, "httpStatusCode": 200}	5aa41a27-856d-4cf1-919f-336ac97e71eb	3d4fcee7-7b78-42a5-bac5-8293378a86b2	{}
f61ed79f-c0f0-4c19-b132-839ea7b46cb7	route-uploads	3d4fcee7-7b78-42a5-bac5-8293378a86b2/1772114317248-1000036742.jpg	3d4fcee7-7b78-42a5-bac5-8293378a86b2	2026-02-26 13:58:37.595552+00	2026-02-26 13:58:37.595552+00	2026-02-26 13:58:37.595552+00	{"eTag": "\\"099119c17af13961e614b7f7c328e270\\"", "size": 227039, "mimetype": "image/jpeg", "cacheControl": "max-age=3600", "lastModified": "2026-02-26T13:58:38.000Z", "contentLength": 227039, "httpStatusCode": 200}	94d29886-9c7a-4bbd-893c-02a4460ae3a3	3d4fcee7-7b78-42a5-bac5-8293378a86b2	{}
c9bccb3f-cd57-435d-93a9-d2df19386480	route-uploads	3d4fcee7-7b78-42a5-bac5-8293378a86b2/1772464699945-e26d2637-8a7b-4ae9-b0fb-4c81b8a5b1fd.jpg	3d4fcee7-7b78-42a5-bac5-8293378a86b2	2026-03-02 15:18:20.70189+00	2026-03-02 15:18:20.70189+00	2026-03-02 15:18:20.70189+00	{"eTag": "\\"6a8d68d946247095e3d14c971ec8ff45\\"", "size": 488342, "mimetype": "image/jpeg", "cacheControl": "max-age=3600", "lastModified": "2026-03-02T15:18:21.000Z", "contentLength": 488342, "httpStatusCode": 200}	cfd0b39d-8aa7-4ce7-914d-0ef4134b507b	3d4fcee7-7b78-42a5-bac5-8293378a86b2	{}
0f9aca0a-d97e-45fa-86f3-e350bb1f5092	route-uploads	3d4fcee7-7b78-42a5-bac5-8293378a86b2/1772644769094-2f23184a-808f-416b-98a7-eb02df6794f0.png	3d4fcee7-7b78-42a5-bac5-8293378a86b2	2026-03-04 17:19:29.554293+00	2026-03-04 17:19:29.554293+00	2026-03-04 17:19:29.554293+00	{"eTag": "\\"105119119d2ead051dd27636cac4bff8\\"", "size": 161407, "mimetype": "image/jpeg", "cacheControl": "max-age=3600", "lastModified": "2026-03-04T17:19:30.000Z", "contentLength": 161407, "httpStatusCode": 200}	060dad3a-8e88-480c-9834-51b7a25e5154	3d4fcee7-7b78-42a5-bac5-8293378a86b2	{}
d29a81b4-81a5-4319-8957-b6778be07d16	route-uploads	3d4fcee7-7b78-42a5-bac5-8293378a86b2/1772721796888-4590397f-a0a6-48af-a5cf-e6190671ac85.png	3d4fcee7-7b78-42a5-bac5-8293378a86b2	2026-03-05 14:43:17.60911+00	2026-03-05 14:43:17.60911+00	2026-03-05 14:43:17.60911+00	{"eTag": "\\"b8216663d919fd050e9e56338bcd0a22\\"", "size": 72253, "mimetype": "image/jpeg", "cacheControl": "max-age=3600", "lastModified": "2026-03-05T14:43:18.000Z", "contentLength": 72253, "httpStatusCode": 200}	09908468-c54e-4161-a583-fa06d4702e12	3d4fcee7-7b78-42a5-bac5-8293378a86b2	{}
644f408b-9f34-41ce-8d3c-a5bafc7a1b82	route-uploads	3d4fcee7-7b78-42a5-bac5-8293378a86b2/1773055190102-aaeda537-3fe4-486c-b4b2-b2671734f6e0.jpg	3d4fcee7-7b78-42a5-bac5-8293378a86b2	2026-03-09 11:19:50.597817+00	2026-03-09 11:19:50.597817+00	2026-03-09 11:19:50.597817+00	{"eTag": "\\"40bb7530c584bb51b8a810aca0ae3e9f\\"", "size": 163981, "mimetype": "image/jpeg", "cacheControl": "max-age=3600", "lastModified": "2026-03-09T11:19:51.000Z", "contentLength": 163981, "httpStatusCode": 200}	6475c6fd-7d2b-4746-b020-4087027d7560	3d4fcee7-7b78-42a5-bac5-8293378a86b2	{}
f365dae1-75ba-4370-ba2e-783575065c7c	route-uploads	3d4fcee7-7b78-42a5-bac5-8293378a86b2/1773055198633-6baebefb-496d-4f7c-b570-16a3ebdd8134.png	3d4fcee7-7b78-42a5-bac5-8293378a86b2	2026-03-09 11:19:58.921361+00	2026-03-09 11:19:58.921361+00	2026-03-09 11:19:58.921361+00	{"eTag": "\\"105119119d2ead051dd27636cac4bff8\\"", "size": 161407, "mimetype": "image/jpeg", "cacheControl": "max-age=3600", "lastModified": "2026-03-09T11:19:59.000Z", "contentLength": 161407, "httpStatusCode": 200}	be41308b-4d58-4534-b1c9-a3d69f724b16	3d4fcee7-7b78-42a5-bac5-8293378a86b2	{}
34e9ce45-ae90-4918-bd4b-445150668c26	route-uploads	3d4fcee7-7b78-42a5-bac5-8293378a86b2/1773066410405-779fa340-334a-4371-9c2a-896f86192a4b.png	3d4fcee7-7b78-42a5-bac5-8293378a86b2	2026-03-09 14:26:51.728654+00	2026-03-09 14:26:51.728654+00	2026-03-09 14:26:51.728654+00	{"eTag": "\\"105119119d2ead051dd27636cac4bff8\\"", "size": 161407, "mimetype": "image/jpeg", "cacheControl": "max-age=3600", "lastModified": "2026-03-09T14:26:52.000Z", "contentLength": 161407, "httpStatusCode": 200}	fd750da3-2520-4791-92f2-823a479d741a	3d4fcee7-7b78-42a5-bac5-8293378a86b2	{}
046d8694-e8ae-49d9-886c-907590537395	Gear Images	Evolv Kids Venga Climbing Shoe.jpg	\N	2026-01-23 20:00:16.334491+00	2026-01-23 20:00:16.334491+00	2026-01-23 20:00:16.334491+00	{"eTag": "\\"46319af7c9d0922f5f83022089ee1a4e-1\\"", "size": 41882, "mimetype": "image/jpeg", "cacheControl": "max-age=3600", "lastModified": "2026-01-23T20:00:16.000Z", "contentLength": 41882, "httpStatusCode": 200}	dce799da-86b5-48c3-bb52-6148d038895b	\N	\N
8a782160-8450-4854-a1b5-9dbf105a1507	route-uploads	e5484882-26c8-430d-9c84-7ce112269fe8/1768426207585-IMG_1816.jpg	e5484882-26c8-430d-9c84-7ce112269fe8	2026-01-14 21:30:08.032151+00	2026-01-14 21:30:08.032151+00	2026-01-14 21:30:08.032151+00	{"eTag": "\\"5347620d403ac0bb4c76cd71a0938d3c\\"", "size": 284626, "mimetype": "image/jpeg", "cacheControl": "max-age=3600", "lastModified": "2026-01-14T21:30:08.000Z", "contentLength": 284626, "httpStatusCode": 200}	96829fc7-581f-4da6-a357-e7267a3b2603	e5484882-26c8-430d-9c84-7ce112269fe8	{}
107c23b0-6b94-4b13-b4d3-022da99c1783	route-uploads	ba637f82-4f6d-43b0-92e0-642463278cd3/1773067883038-d65146df-0996-45ca-af07-0b7eb5820cc9.jpg	ba637f82-4f6d-43b0-92e0-642463278cd3	2026-03-09 14:51:23.399612+00	2026-03-09 14:51:23.399612+00	2026-03-09 14:51:23.399612+00	{"eTag": "\\"b32a7624fc75281bad2a0666a73bfb7c\\"", "size": 909351, "mimetype": "image/jpeg", "cacheControl": "max-age=3600", "lastModified": "2026-03-09T14:51:24.000Z", "contentLength": 909351, "httpStatusCode": 200}	80d3f724-e9ee-4eb1-a390-ae6cb66495d3	ba637f82-4f6d-43b0-92e0-642463278cd3	{}
df602f12-492e-45e5-bb58-27df648da60d	Gear Images	Petzl Sama .jpg	\N	2026-01-23 20:00:16.438761+00	2026-01-23 20:00:16.438761+00	2026-01-23 20:00:16.438761+00	{"eTag": "\\"e97284886bc1f64d2f7f6cfac5ec1600-1\\"", "size": 266902, "mimetype": "image/jpeg", "cacheControl": "max-age=3600", "lastModified": "2026-01-23T20:00:17.000Z", "contentLength": 266902, "httpStatusCode": 200}	87ca0f88-6c6f-4a7e-9292-37e2b17c387b	\N	\N
10dda7fc-48fc-4b5a-8b6d-9501e1a88e88	Gear Images	Cheshire & Merseyside.jpg	\N	2026-02-19 10:53:07.529268+00	2026-02-19 10:53:07.529268+00	2026-02-19 10:53:07.529268+00	{"eTag": "\\"a3a41fc916038618a4c70927d45b309f-1\\"", "size": 40082, "mimetype": "image/jpeg", "cacheControl": "max-age=3600", "lastModified": "2026-02-19T10:53:08.000Z", "contentLength": 40082, "httpStatusCode": 200}	6195a401-4700-432b-a0f8-e8dcbe637a2d	\N	\N
37f23964-748a-47d5-bd15-0ce43ce194da	route-uploads	e5484882-26c8-430d-9c84-7ce112269fe8/1768427061667-IMG_1812.jpg	e5484882-26c8-430d-9c84-7ce112269fe8	2026-01-14 21:44:22.124329+00	2026-01-14 21:44:22.124329+00	2026-01-14 21:44:22.124329+00	{"eTag": "\\"ddbd27a8fd5435c103e880859eb8ee53\\"", "size": 246747, "mimetype": "image/jpeg", "cacheControl": "max-age=3600", "lastModified": "2026-01-14T21:44:23.000Z", "contentLength": 246747, "httpStatusCode": 200}	9fefcc41-ec55-432f-b209-38b0ec51a9c0	e5484882-26c8-430d-9c84-7ce112269fe8	{}
311ebb3e-e6e0-4020-9e65-63db4879a76b	Gear Images	La Sportiva TX Guide .jpg	\N	2026-01-23 20:00:16.443913+00	2026-01-23 20:00:16.443913+00	2026-01-23 20:00:16.443913+00	{"eTag": "\\"79e6793933c29add3f1fcb7d30689695-1\\"", "size": 84830, "mimetype": "image/jpeg", "cacheControl": "max-age=3600", "lastModified": "2026-01-23T20:00:16.000Z", "contentLength": 84830, "httpStatusCode": 200}	390bf578-4a35-4d38-a9f8-f2cc0325517d	\N	\N
58667dd7-144e-4f92-9aa9-68813223fdcd	route-uploads	e5484882-26c8-430d-9c84-7ce112269fe8/1768428053075-IMG_2591.jpg	e5484882-26c8-430d-9c84-7ce112269fe8	2026-01-14 22:00:53.450534+00	2026-01-14 22:00:53.450534+00	2026-01-14 22:00:53.450534+00	{"eTag": "\\"3d7b811e42cc780dec356f684319f072\\"", "size": 276425, "mimetype": "image/jpeg", "cacheControl": "max-age=3600", "lastModified": "2026-01-14T22:00:54.000Z", "contentLength": 276425, "httpStatusCode": 200}	5f8d886a-1ef1-4799-82fc-9ab476f482f9	e5484882-26c8-430d-9c84-7ce112269fe8	{}
39f771ac-a815-4e42-8120-94bce03c1bfc	route-uploads	e5484882-26c8-430d-9c84-7ce112269fe8/1768428124414-IMG_2604.jpg	e5484882-26c8-430d-9c84-7ce112269fe8	2026-01-14 22:02:04.820853+00	2026-01-14 22:02:04.820853+00	2026-01-14 22:02:04.820853+00	{"eTag": "\\"330f9625d72993bb6b1aaa96073f5022\\"", "size": 272440, "mimetype": "image/jpeg", "cacheControl": "max-age=3600", "lastModified": "2026-01-14T22:02:05.000Z", "contentLength": 272440, "httpStatusCode": 200}	c155f9ae-7c87-41f9-a772-029d2d1e98a3	e5484882-26c8-430d-9c84-7ce112269fe8	{}
fb123dc2-a0e1-4091-a1d3-7392476df112	Gear Images	Kalymnos.jpg	\N	2026-02-19 10:53:07.850095+00	2026-02-19 10:53:07.850095+00	2026-02-19 10:53:07.850095+00	{"eTag": "\\"aff4254042d13ff3b8761535d0e7b6e5-1\\"", "size": 261303, "mimetype": "image/jpeg", "cacheControl": "max-age=3600", "lastModified": "2026-02-19T10:53:08.000Z", "contentLength": 261303, "httpStatusCode": 200}	b23b5eee-b95d-4b0c-a6cf-0926e196e776	\N	\N
383f7ef9-8dfc-46ca-b463-6bfdf75f27b8	route-uploads	e5484882-26c8-430d-9c84-7ce112269fe8/1768428310527-IMG_3232.jpg	e5484882-26c8-430d-9c84-7ce112269fe8	2026-01-14 22:05:11.403953+00	2026-01-14 22:05:11.403953+00	2026-01-14 22:05:11.403953+00	{"eTag": "\\"1e28371ffc23db8d0d961f6465232048\\"", "size": 282704, "mimetype": "image/jpeg", "cacheControl": "max-age=3600", "lastModified": "2026-01-14T22:05:12.000Z", "contentLength": 282704, "httpStatusCode": 200}	6536b70f-cbfd-4ac0-af35-c3fbfe3be2ab	e5484882-26c8-430d-9c84-7ce112269fe8	{}
e240f39e-5e32-4fdd-a407-c3852bb07013	route-uploads	c866ca90-e0a9-4e6c-9a5d-8494f064a78a/1773088125862-b20f2f37-4fa8-4d6d-9d42-a3202e101e60.jpg	c866ca90-e0a9-4e6c-9a5d-8494f064a78a	2026-03-09 20:28:46.429455+00	2026-03-09 20:28:46.429455+00	2026-03-09 20:28:46.429455+00	{"eTag": "\\"227df824d14bc76e351a5d9228a52e83\\"", "size": 611534, "mimetype": "image/jpeg", "cacheControl": "max-age=3600", "lastModified": "2026-03-09T20:28:47.000Z", "contentLength": 611534, "httpStatusCode": 200}	939f30bc-f1cd-4f98-8811-19e73dd3cd57	c866ca90-e0a9-4e6c-9a5d-8494f064a78a	{}
dbdf24b1-9ed8-42e5-8e6e-d2fce95ca57f	route-uploads	e5484882-26c8-430d-9c84-7ce112269fe8/1768428563286-IMG_3251.jpg	e5484882-26c8-430d-9c84-7ce112269fe8	2026-01-14 22:09:23.604734+00	2026-01-14 22:09:23.604734+00	2026-01-14 22:09:23.604734+00	{"eTag": "\\"d1b342eb926912ad339683fc4e0f39f2\\"", "size": 299904, "mimetype": "image/jpeg", "cacheControl": "max-age=3600", "lastModified": "2026-01-14T22:09:24.000Z", "contentLength": 299904, "httpStatusCode": 200}	c3cd985c-2eda-42e2-86a5-030bdb165cd3	e5484882-26c8-430d-9c84-7ce112269fe8	{}
7b866ed7-0951-4b5a-a15d-64a42175714f	route-uploads	c866ca90-e0a9-4e6c-9a5d-8494f064a78a/1773088127476-49b335f5-63e8-49a9-b387-07ad36074804.jpg	c866ca90-e0a9-4e6c-9a5d-8494f064a78a	2026-03-09 20:28:47.862615+00	2026-03-09 20:28:47.862615+00	2026-03-09 20:28:47.862615+00	{"eTag": "\\"25b3fa174d63e6bc7d23be8b4c373535\\"", "size": 612299, "mimetype": "image/jpeg", "cacheControl": "max-age=3600", "lastModified": "2026-03-09T20:28:48.000Z", "contentLength": 612299, "httpStatusCode": 200}	e977be6d-fa60-4327-89e2-64eca503b5b0	c866ca90-e0a9-4e6c-9a5d-8494f064a78a	{}
fe60a621-e70a-4f51-8c41-7fac920973e8	route-uploads	c866ca90-e0a9-4e6c-9a5d-8494f064a78a/1773088128694-b95de95a-c911-4371-91b9-b42f37c15b37.jpg	c866ca90-e0a9-4e6c-9a5d-8494f064a78a	2026-03-09 20:28:49.056142+00	2026-03-09 20:28:49.056142+00	2026-03-09 20:28:49.056142+00	{"eTag": "\\"ed5202f627319781299b762da690cad7\\"", "size": 671475, "mimetype": "image/jpeg", "cacheControl": "max-age=3600", "lastModified": "2026-03-09T20:28:50.000Z", "contentLength": 671475, "httpStatusCode": 200}	1c3e0e57-263d-4ab6-a7a5-a3551bbe1cf6	c866ca90-e0a9-4e6c-9a5d-8494f064a78a	{}
fddcc7eb-df5d-4875-bb83-d2fa31076806	route-uploads	c866ca90-e0a9-4e6c-9a5d-8494f064a78a/1773088130146-ffc52ebd-c082-41e6-9008-2828f0c73dc6.jpg	c866ca90-e0a9-4e6c-9a5d-8494f064a78a	2026-03-09 20:28:50.484904+00	2026-03-09 20:28:50.484904+00	2026-03-09 20:28:50.484904+00	{"eTag": "\\"b70c5db7bb43f1e9b289cf90fe2af296\\"", "size": 584596, "mimetype": "image/jpeg", "cacheControl": "max-age=3600", "lastModified": "2026-03-09T20:28:51.000Z", "contentLength": 584596, "httpStatusCode": 200}	c4490adc-4382-4d7e-a201-a04006d05cdd	c866ca90-e0a9-4e6c-9a5d-8494f064a78a	{}
82d839ee-850c-4cfc-9b66-6da22ce3bc75	route-uploads	e5484882-26c8-430d-9c84-7ce112269fe8/1769179888152-IMG_1704.jpg	e5484882-26c8-430d-9c84-7ce112269fe8	2026-01-23 14:51:28.575922+00	2026-01-23 14:51:28.575922+00	2026-01-23 14:51:28.575922+00	{"eTag": "\\"52a6653ab64157f87e7bf5cdc5b0bbfd\\"", "size": 252419, "mimetype": "image/jpeg", "cacheControl": "max-age=3600", "lastModified": "2026-01-23T14:51:29.000Z", "contentLength": 252419, "httpStatusCode": 200}	41df7775-3519-4957-af3d-802152ba7808	e5484882-26c8-430d-9c84-7ce112269fe8	{}
f4403c41-4efe-4fe5-9ed2-f3c284f0078d	route-uploads	e5484882-26c8-430d-9c84-7ce112269fe8/1769180070746-IMG_1737.jpg	e5484882-26c8-430d-9c84-7ce112269fe8	2026-01-23 14:54:31.099119+00	2026-01-23 14:54:31.099119+00	2026-01-23 14:54:31.099119+00	{"eTag": "\\"b7f52df0347de693ca8a91f6d0b4f771\\"", "size": 310500, "mimetype": "image/jpeg", "cacheControl": "max-age=3600", "lastModified": "2026-01-23T14:54:32.000Z", "contentLength": 310500, "httpStatusCode": 200}	f3661710-f9ac-472e-acf8-490bb37bf937	e5484882-26c8-430d-9c84-7ce112269fe8	{}
551e7760-b148-4550-8620-10add9729ed8	route-uploads	e5484882-26c8-430d-9c84-7ce112269fe8/1769180323146-IMG_1838.jpg	e5484882-26c8-430d-9c84-7ce112269fe8	2026-01-23 14:58:43.456011+00	2026-01-23 14:58:43.456011+00	2026-01-23 14:58:43.456011+00	{"eTag": "\\"c2be796861cd58a10b13f2926ddeddf0\\"", "size": 290032, "mimetype": "image/jpeg", "cacheControl": "max-age=3600", "lastModified": "2026-01-23T14:58:44.000Z", "contentLength": 290032, "httpStatusCode": 200}	ef05de6b-a1bb-4680-b74f-fc8242d72fc7	e5484882-26c8-430d-9c84-7ce112269fe8	{}
513be0d9-1682-4792-bc70-37e383608391	Gear Images	Black Diamond Solution.jpg	\N	2026-01-21 15:48:42.290577+00	2026-01-21 15:48:42.290577+00	2026-01-21 15:48:42.290577+00	{"eTag": "\\"54fdd85662c4aa98a0466fc555f03e1f-1\\"", "size": 50895, "mimetype": "image/jpeg", "cacheControl": "max-age=3600", "lastModified": "2026-01-21T15:48:42.000Z", "contentLength": 50895, "httpStatusCode": 200}	48bcc076-4581-4e5f-ae4a-c0c7c288baaa	\N	\N
10584420-2ced-46d1-bd2e-e7886e6fb83f	Gear Images	EDELRID Express Set Bulletproof .jpg	\N	2026-01-21 15:48:42.307684+00	2026-01-21 15:48:42.307684+00	2026-01-21 15:48:42.307684+00	{"eTag": "\\"80ae9d096a4e2713f8b2fdc407d028f5-1\\"", "size": 27803, "mimetype": "image/jpeg", "cacheControl": "max-age=3600", "lastModified": "2026-01-21T15:48:42.000Z", "contentLength": 27803, "httpStatusCode": 200}	7f0637d9-2dba-496f-bfe4-798b3b585e95	\N	\N
f2d50a45-0d6a-4198-b144-e7b4727e3497	Gear Images	PETZL Unisex Adult Meteor Helmet .jpg	\N	2026-01-21 15:48:42.557862+00	2026-01-21 15:48:42.557862+00	2026-01-21 15:48:42.557862+00	{"eTag": "\\"9de3e2306753d14cdc79148b3eb089fe-1\\"", "size": 78587, "mimetype": "image/jpeg", "cacheControl": "max-age=3600", "lastModified": "2026-01-21T15:48:42.000Z", "contentLength": 78587, "httpStatusCode": 200}	41ab350f-e450-411b-9bda-cd3f353e230d	\N	\N
6301d7a9-8d7c-4d24-b5ed-390884a2f5cd	route-uploads	e5484882-26c8-430d-9c84-7ce112269fe8/1769180590352-IMG_3075.jpg	e5484882-26c8-430d-9c84-7ce112269fe8	2026-01-23 15:03:10.698199+00	2026-01-23 15:03:10.698199+00	2026-01-23 15:03:10.698199+00	{"eTag": "\\"d361fb2007bcc4636fc29a9025951e43\\"", "size": 272785, "mimetype": "image/jpeg", "cacheControl": "max-age=3600", "lastModified": "2026-01-23T15:03:11.000Z", "contentLength": 272785, "httpStatusCode": 200}	007bcea9-9cf3-4f6e-8a04-e6ae144bfedd	e5484882-26c8-430d-9c84-7ce112269fe8	{}
8547b084-10a1-4672-8b6e-014102ba030d	Gear Images	Pembroke and Gower Trad .jpg	\N	2026-02-19 10:53:07.554765+00	2026-02-19 10:53:07.554765+00	2026-02-19 10:53:07.554765+00	{"eTag": "\\"d613c1ea53e171c6dade350e775b8356-1\\"", "size": 32818, "mimetype": "image/jpeg", "cacheControl": "max-age=3600", "lastModified": "2026-02-19T10:53:08.000Z", "contentLength": 32818, "httpStatusCode": 200}	fad6beee-c65d-438c-97dd-abb918e1b937	\N	\N
d779693b-6944-4cfa-b1b0-0ee4de0e191e	Gear Images	YY Hangboard.jpg	\N	2026-01-21 15:48:43.478924+00	2026-01-21 15:48:43.478924+00	2026-01-21 15:48:43.478924+00	{"eTag": "\\"7460f5fac60ebc24af12fb38c8ea1307-1\\"", "size": 45482, "mimetype": "image/jpeg", "cacheControl": "max-age=3600", "lastModified": "2026-01-21T15:48:44.000Z", "contentLength": 45482, "httpStatusCode": 200}	40784859-7186-4ac2-821d-e80625fbc28b	\N	\N
25fdb435-ef41-4f71-8a91-0f939ef2568f	Gear Images	Beal 9.8mm Karma Climbing Rope, Red, One Size .jpg	\N	2026-01-21 15:48:43.490721+00	2026-01-21 15:48:43.490721+00	2026-01-21 15:48:43.490721+00	{"eTag": "\\"6a442b1974d7485d4c1b7340bf825368-1\\"", "size": 58657, "mimetype": "image/jpeg", "cacheControl": "max-age=3600", "lastModified": "2026-01-21T15:48:44.000Z", "contentLength": 58657, "httpStatusCode": 200}	dd730060-ead2-48b7-9bc4-a438fc5bb69e	\N	\N
ca509d6f-32c0-4702-bdd3-558a4b7576e8	Gear Images	Two Stones Mug.jpg	\N	2026-01-21 15:48:43.580815+00	2026-01-21 15:48:43.580815+00	2026-01-21 15:48:43.580815+00	{"eTag": "\\"9f38b8e3904c1012a7279a319345feb4-1\\"", "size": 91215, "mimetype": "image/jpeg", "cacheControl": "max-age=3600", "lastModified": "2026-01-21T15:48:44.000Z", "contentLength": 91215, "httpStatusCode": 200}	3f0d3320-47ab-4bb3-8f0e-d0d693624483	\N	\N
cfaa0a9d-eb80-48ec-a364-328ddc8fcbf9	Gear Images	MoKo Chalk Bag, Drawstring Rock Climbing Chalk Bag Bouldering Chalk Bag Bucket.jpg	\N	2026-01-21 15:48:45.214561+00	2026-01-21 15:48:45.214561+00	2026-01-21 15:48:45.214561+00	{"eTag": "\\"dfa562fcce5dd20f61b4020aba6bbf37-1\\"", "size": 210290, "mimetype": "image/jpeg", "cacheControl": "max-age=3600", "lastModified": "2026-01-21T15:48:45.000Z", "contentLength": 210290, "httpStatusCode": 200}	497e421e-8a86-423d-84f4-16ba62975c52	\N	\N
3a58d653-23a9-48a7-8530-7058878cbf38	Gear Images	Black Diamond Camalot C4, 3.jpg	\N	2026-01-21 15:48:45.924279+00	2026-01-21 15:48:45.924279+00	2026-01-21 15:48:45.924279+00	{"eTag": "\\"97e65adddd4ef05890a3254a638afb79-1\\"", "size": 17706, "mimetype": "image/jpeg", "cacheControl": "max-age=3600", "lastModified": "2026-01-21T15:48:46.000Z", "contentLength": 17706, "httpStatusCode": 200}	fea89f58-4b2a-4cce-9e8a-97696062aec4	\N	\N
ca44e1f3-edd2-4717-b806-2bb612740c43	Gear Images	PETZL Unisex Corax Harness For Climbing.jpg	\N	2026-01-21 15:48:45.945934+00	2026-01-21 15:48:45.945934+00	2026-01-21 15:48:45.945934+00	{"eTag": "\\"3c2128812f6d6475d46cd0c51d2896f1-1\\"", "size": 111520, "mimetype": "image/jpeg", "cacheControl": "max-age=3600", "lastModified": "2026-01-21T15:48:46.000Z", "contentLength": 111520, "httpStatusCode": 200}	5e459171-c7c0-4601-ac05-4718e22f11ef	\N	\N
e96c1b17-27d4-40ad-8473-4cee697ac990	Gear Images	CAMP Nano 22.jpg	\N	2026-01-21 15:48:45.96136+00	2026-01-21 15:48:45.96136+00	2026-01-21 15:48:45.96136+00	{"eTag": "\\"6af2d3c674d2fd031c71026088a3d41e-1\\"", "size": 117191, "mimetype": "image/jpeg", "cacheControl": "max-age=3600", "lastModified": "2026-01-21T15:48:46.000Z", "contentLength": 117191, "httpStatusCode": 200}	0c8995ff-1adc-4b70-babb-344a51e8cb91	\N	\N
6108012f-d026-40f5-97b9-cf15192df229	Gear Images	Beastmaker 1000 Series Fingerboard.jpg	\N	2026-01-21 15:48:46.073786+00	2026-01-21 15:48:46.073786+00	2026-01-21 15:48:46.073786+00	{"eTag": "\\"5b42b99af934240296f0bc9917e68c0a-1\\"", "size": 34758, "mimetype": "image/jpeg", "cacheControl": "max-age=3600", "lastModified": "2026-01-21T15:48:46.000Z", "contentLength": 34758, "httpStatusCode": 200}	93f81ecd-4af3-4304-a485-1b15478181c8	\N	\N
51597af4-689e-4f08-8b20-d0cce781c074	Gear Images	Thermos 470ml.jpg	\N	2026-01-21 15:48:46.613166+00	2026-01-21 15:48:46.613166+00	2026-01-21 15:48:46.613166+00	{"eTag": "\\"5d2385eb670a692b82a39c4e657a3573-1\\"", "size": 6749, "mimetype": "image/jpeg", "cacheControl": "max-age=3600", "lastModified": "2026-01-21T15:48:47.000Z", "contentLength": 6749, "httpStatusCode": 200}	0a78507c-d922-4d2f-8fd2-7b72a4ca58e9	\N	\N
7f3e9128-8742-4c45-983b-70007386d48b	Gear Images	petzl Conga 8.0 mm.jpg	\N	2026-01-21 15:48:46.707707+00	2026-01-21 15:48:46.707707+00	2026-01-21 15:48:46.707707+00	{"eTag": "\\"61efabcfc97702916e694ba996d40e62-1\\"", "size": 7824, "mimetype": "image/jpeg", "cacheControl": "max-age=3600", "lastModified": "2026-01-21T15:48:47.000Z", "contentLength": 7824, "httpStatusCode": 200}	b6942d35-4666-4e8e-9106-946528df0395	\N	\N
6332fb3b-3ea3-4b84-b62d-e1c720f6a3e1	Gear Images	Petzl Sirocco Helmet 53-61 cm .jpg	\N	2026-01-21 15:48:42.425112+00	2026-01-21 15:48:42.425112+00	2026-01-21 15:48:42.425112+00	{"eTag": "\\"67ac375b918088d346b4dce2b95d9e47-1\\"", "size": 67328, "mimetype": "image/jpeg", "cacheControl": "max-age=3600", "lastModified": "2026-01-21T15:48:42.000Z", "contentLength": 67328, "httpStatusCode": 200}	c502362d-3f24-4106-a923-b3e00274c04e	\N	\N
ba35e0e6-6d48-4f0c-8edb-1b4cd4b6d385	Gear Images	Rab Cirrus Hut Slippers.jpg	\N	2026-01-21 15:48:45.018397+00	2026-01-21 15:48:45.018397+00	2026-01-21 15:48:45.018397+00	{"eTag": "\\"20063c9e6d770d5e471b9ba889dd7921-1\\"", "size": 83708, "mimetype": "image/jpeg", "cacheControl": "max-age=3600", "lastModified": "2026-01-21T15:48:45.000Z", "contentLength": 83708, "httpStatusCode": 200}	a7254fe6-7415-4c88-84a4-d35178966019	\N	\N
fb686711-d71e-4401-a81f-d8cb9ae5ef02	Gear Images	CONNECT ADJUST - REGULABLE SELF SINGLE.jpg	\N	2026-01-21 15:48:45.859521+00	2026-01-21 15:48:45.859521+00	2026-01-21 15:48:45.859521+00	{"eTag": "\\"94a52cb021a47d46db69adc3768851b5-1\\"", "size": 35004, "mimetype": "image/jpeg", "cacheControl": "max-age=3600", "lastModified": "2026-01-21T15:48:46.000Z", "contentLength": 35004, "httpStatusCode": 200}	af4a5523-a1f0-434f-ab0d-ff2e9915dd75	\N	\N
418dcbdb-cc05-4330-a5b6-283eaa3b23ee	Gear Images	grenade OREO White Protein Bar - High Protein,.jpg	\N	2026-01-21 15:48:47.342372+00	2026-01-21 15:48:47.342372+00	2026-01-21 15:48:47.342372+00	{"eTag": "\\"c10a1b821e91c2067e527f2ececfcf1a-1\\"", "size": 17543, "mimetype": "image/jpeg", "cacheControl": "max-age=3600", "lastModified": "2026-01-21T15:48:47.000Z", "contentLength": 17543, "httpStatusCode": 200}	fba0c4c1-6267-42fc-bc58-8064d8b5f666	\N	\N
1572f1f8-c9bd-450a-ab75-f2ddeaede46b	Gear Images	Firstaid4sport Professional 2oz.jpg	\N	2026-01-21 15:48:48.254616+00	2026-01-21 15:48:48.254616+00	2026-01-21 15:48:48.254616+00	{"eTag": "\\"3940d8df05cbb4770648a5431a60cc29-1\\"", "size": 8640, "mimetype": "image/jpeg", "cacheControl": "max-age=3600", "lastModified": "2026-01-21T15:48:48.000Z", "contentLength": 8640, "httpStatusCode": 200}	d548a8de-4c0c-4e79-8300-0004190166f5	\N	\N
58a27de5-0e3e-4d42-9652-05d403e3352e	route-uploads	e5484882-26c8-430d-9c84-7ce112269fe8/1769180731963-IMG_3085.jpg	e5484882-26c8-430d-9c84-7ce112269fe8	2026-01-23 15:05:32.418941+00	2026-01-23 15:05:32.418941+00	2026-01-23 15:05:32.418941+00	{"eTag": "\\"a48a4bd33130331a764c4922c16f2890\\"", "size": 306011, "mimetype": "image/jpeg", "cacheControl": "max-age=3600", "lastModified": "2026-01-23T15:05:33.000Z", "contentLength": 306011, "httpStatusCode": 200}	33c5997b-e1f9-4f08-ad4b-a9eb395fd13b	e5484882-26c8-430d-9c84-7ce112269fe8	{}
e6382f67-12d1-4093-af5c-cd00c8ada88c	Gear Images	PETZL Cordex Plus Gloves for Adults.jpg	\N	2026-01-21 15:48:49.117234+00	2026-01-21 15:48:49.117234+00	2026-01-21 15:48:49.117234+00	{"eTag": "\\"2e90c9422f18cc09ee0a9acf0fc61e57-1\\"", "size": 133899, "mimetype": "image/jpeg", "cacheControl": "max-age=3600", "lastModified": "2026-01-21T15:48:49.000Z", "contentLength": 133899, "httpStatusCode": 200}	c01054fb-8e62-4de0-818c-63b03e705509	\N	\N
a2e3aedd-92aa-4566-adb4-ae5bb692dfe8	Gear Images	petzl-reverso.jpg	\N	2026-01-21 15:48:49.134764+00	2026-01-21 15:48:49.134764+00	2026-01-21 15:48:49.134764+00	{"eTag": "\\"3366176f75a55fe04f59135e2cd334e3-1\\"", "size": 110085, "mimetype": "image/jpeg", "cacheControl": "max-age=3600", "lastModified": "2026-01-21T15:48:49.000Z", "contentLength": 110085, "httpStatusCode": 200}	1b042016-cae2-4f7b-9371-82c9c4b0cc6e	\N	\N
863bc7cf-8809-4472-b529-738eeba576ae	route-uploads	e5484882-26c8-430d-9c84-7ce112269fe8/1769180872479-IMG_3141.jpg	e5484882-26c8-430d-9c84-7ce112269fe8	2026-01-23 15:07:52.896027+00	2026-01-23 15:07:52.896027+00	2026-01-23 15:07:52.896027+00	{"eTag": "\\"f4570da0fb30500d789c7586642cbf89\\"", "size": 295325, "mimetype": "image/jpeg", "cacheControl": "max-age=3600", "lastModified": "2026-01-23T15:07:53.000Z", "contentLength": 295325, "httpStatusCode": 200}	b2c3f088-5ea8-490f-974e-00ae55fdfd88	e5484882-26c8-430d-9c84-7ce112269fe8	{}
4437db2c-a70b-4c4a-b3fd-96debcb6770a	Gear Images	Black Diamond Half Dome Helmet .jpg	\N	2026-01-21 15:48:42.210867+00	2026-01-21 15:48:42.210867+00	2026-01-21 15:48:42.210867+00	{"eTag": "\\"0b42d39012b55f911f6ed376a4ccfbe8-1\\"", "size": 49134, "mimetype": "image/jpeg", "cacheControl": "max-age=3600", "lastModified": "2026-01-21T15:48:42.000Z", "contentLength": 49134, "httpStatusCode": 200}	f31d428b-0726-49b9-84c6-3d24a4670fb6	\N	\N
33166a70-0e50-4c79-916f-0af1b648575b	route-uploads	e5484882-26c8-430d-9c84-7ce112269fe8/1769180958491-IMG_3244.jpg	e5484882-26c8-430d-9c84-7ce112269fe8	2026-01-23 15:09:18.835345+00	2026-01-23 15:09:18.835345+00	2026-01-23 15:09:18.835345+00	{"eTag": "\\"b3997ad6a8637c03b7bb3eaf3ad28794\\"", "size": 283184, "mimetype": "image/jpeg", "cacheControl": "max-age=3600", "lastModified": "2026-01-23T15:09:19.000Z", "contentLength": 283184, "httpStatusCode": 200}	d7013549-6339-440d-8fca-aa22e4dcbf81	e5484882-26c8-430d-9c84-7ce112269fe8	{}
c0a462e7-5f15-49eb-b711-d4abafcdd0fd	Gear Images	SPORTTAPE 2 Rolls (20m) Zinc Oxide Finger Tape.jpg	\N	2026-01-21 15:48:45.86063+00	2026-01-21 15:48:45.86063+00	2026-01-21 15:48:45.86063+00	{"eTag": "\\"f5c2722b3ecde39e159aeae2bd02fafd-1\\"", "size": 103388, "mimetype": "image/jpeg", "cacheControl": "max-age=3600", "lastModified": "2026-01-21T15:48:46.000Z", "contentLength": 103388, "httpStatusCode": 200}	1f9f4574-f166-477f-a522-1497996338b7	\N	\N
6bcf67d2-ae4b-4a2a-92ae-04981b648ec8	Gear Images	SM'D Carabiner.jpg	\N	2026-01-21 15:48:46.715995+00	2026-01-21 15:48:46.715995+00	2026-01-21 15:48:46.715995+00	{"eTag": "\\"f1e46a00b0f330beaf15909e37817f52-1\\"", "size": 9424, "mimetype": "image/jpeg", "cacheControl": "max-age=3600", "lastModified": "2026-01-21T15:48:47.000Z", "contentLength": 9424, "httpStatusCode": 200}	6ca0c1ab-dc06-411e-b218-e0c15635d78d	\N	\N
c179a00d-1fd0-405d-b206-63ec24112c0c	Gear Images	Grigri 2.jpg	\N	2026-01-21 15:48:46.73184+00	2026-01-21 15:48:46.73184+00	2026-01-21 15:48:46.73184+00	{"eTag": "\\"5fbc97769d02e60000da6b805ce1a365-1\\"", "size": 108909, "mimetype": "image/jpeg", "cacheControl": "max-age=3600", "lastModified": "2026-01-21T15:48:47.000Z", "contentLength": 108909, "httpStatusCode": 200}	33879410-27b7-4a1e-b9f2-85dee669fd2a	\N	\N
7bf40eff-913a-4dda-b3fb-0eae79e5f1e2	Gear Images	130 Pieces First Aid Kit with Hospital Grade Medical Supplies - .jpg	\N	2026-01-21 15:48:47.299926+00	2026-01-21 15:48:47.299926+00	2026-01-21 15:48:47.299926+00	{"eTag": "\\"84b7124918bb5206ca0db99b0a4dd7da-1\\"", "size": 16323, "mimetype": "image/jpeg", "cacheControl": "max-age=3600", "lastModified": "2026-01-21T15:48:47.000Z", "contentLength": 16323, "httpStatusCode": 200}	764cedbe-41a9-40d2-87b8-0e753cfc1885	\N	\N
a64c20e8-cb71-4d8f-b82e-53db7d4c9c06	route-uploads	e5484882-26c8-430d-9c84-7ce112269fe8/1769181434650-IMG_1163.jpg	e5484882-26c8-430d-9c84-7ce112269fe8	2026-01-23 15:17:15.32749+00	2026-01-23 15:17:15.32749+00	2026-01-23 15:17:15.32749+00	{"eTag": "\\"5dba421ec9c742bd8071f2f769ff9418\\"", "size": 313339, "mimetype": "image/jpeg", "cacheControl": "max-age=3600", "lastModified": "2026-01-23T15:17:16.000Z", "contentLength": 313339, "httpStatusCode": 200}	a0a966ee-e1be-465a-85c9-5b5ac1222d16	e5484882-26c8-430d-9c84-7ce112269fe8	{}
4e23d6fa-7db6-4451-a4b1-718fdb480508	Gear Images	PETZL Unisex 9.2 Mm X 30 M.jpg	\N	2026-01-21 15:48:49.074794+00	2026-01-21 15:48:49.074794+00	2026-01-21 15:48:49.074794+00	{"eTag": "\\"f1f24f90e00d16ae5f7f554b26c1831f-1\\"", "size": 86534, "mimetype": "image/jpeg", "cacheControl": "max-age=3600", "lastModified": "2026-01-21T15:48:49.000Z", "contentLength": 86534, "httpStatusCode": 200}	fa9af8f0-e206-4116-aba9-59e11289b568	\N	\N
2523974e-f048-4094-8a8b-54edc3dfe9e7	Gear Images	North Wales.jpg	\N	2026-02-19 10:53:07.556798+00	2026-02-19 10:53:07.556798+00	2026-02-19 10:53:07.556798+00	{"eTag": "\\"72ccc25884f7e5100a76cd904324237b-1\\"", "size": 96590, "mimetype": "image/jpeg", "cacheControl": "max-age=3600", "lastModified": "2026-02-19T10:53:08.000Z", "contentLength": 96590, "httpStatusCode": 200}	85fc8108-459f-4d94-a001-50155fb562c9	\N	\N
76dbe685-08db-4aca-8213-15b010321f04	route-uploads	e5484882-26c8-430d-9c84-7ce112269fe8/1769181721476-IMG_2967.jpg	e5484882-26c8-430d-9c84-7ce112269fe8	2026-01-23 15:22:02.0753+00	2026-01-23 15:22:02.0753+00	2026-01-23 15:22:02.0753+00	{"eTag": "\\"e04018180f04b7e05a648446ddf3eab9\\"", "size": 271755, "mimetype": "image/jpeg", "cacheControl": "max-age=3600", "lastModified": "2026-01-23T15:22:02.000Z", "contentLength": 271755, "httpStatusCode": 200}	a2e646ab-14ad-4278-9e7e-340b61146f08	e5484882-26c8-430d-9c84-7ce112269fe8	{}
9d64575e-84c0-4cc3-a9be-0fdb9b7b2ebd	Gear Images	Mammut 4 Slide Harness Harnesses .jpg	\N	2026-01-21 15:48:42.22001+00	2026-01-21 15:48:42.22001+00	2026-01-21 15:48:42.22001+00	{"eTag": "\\"fdefaecbfa06fb3782e726e225b591ef-1\\"", "size": 57577, "mimetype": "image/jpeg", "cacheControl": "max-age=3600", "lastModified": "2026-01-21T15:48:42.000Z", "contentLength": 57577, "httpStatusCode": 200}	73d5928a-4918-46b9-b032-854d0cd71417	\N	\N
17c99044-ee2b-453b-a567-ec512dcbcb59	route-uploads	e5484882-26c8-430d-9c84-7ce112269fe8/1769181810901-IMG_2968.jpg	e5484882-26c8-430d-9c84-7ce112269fe8	2026-01-23 15:23:31.237256+00	2026-01-23 15:23:31.237256+00	2026-01-23 15:23:31.237256+00	{"eTag": "\\"c40396d55c6f4ae44f88179d0cf78308\\"", "size": 299650, "mimetype": "image/jpeg", "cacheControl": "max-age=3600", "lastModified": "2026-01-23T15:23:32.000Z", "contentLength": 299650, "httpStatusCode": 200}	8ffbdb48-37a1-43e2-97fd-af58165ce74f	e5484882-26c8-430d-9c84-7ce112269fe8	{}
50a3371d-aa4c-4446-9b92-f1cfa7083e41	Gear Images	Stanley 1913 Flip Straw 2.0 Sports Water Bottle with Straw 0.7L.jpg	\N	2026-01-21 15:48:45.023545+00	2026-01-21 15:48:45.023545+00	2026-01-21 15:48:45.023545+00	{"eTag": "\\"679c41db4c9f60273550edbfe11d385c-1\\"", "size": 22405, "mimetype": "image/jpeg", "cacheControl": "max-age=3600", "lastModified": "2026-01-21T15:48:45.000Z", "contentLength": 22405, "httpStatusCode": 200}	291c3d7b-a9be-443c-9004-235c2a8563e6	\N	\N
3297b9b7-7b87-4b67-957a-211f6729c6f2	Gear Images	Gramicci Japan Gramicci Pants - Olive.jpg	\N	2026-01-21 15:48:45.058524+00	2026-01-21 15:48:45.058524+00	2026-01-21 15:48:45.058524+00	{"eTag": "\\"95f667ee76b2c3de45ef9aa28a13ccd1-1\\"", "size": 26252, "mimetype": "image/jpeg", "cacheControl": "max-age=3600", "lastModified": "2026-01-21T15:48:45.000Z", "contentLength": 26252, "httpStatusCode": 200}	57617511-bb32-48d2-bb92-86238b01f3f5	\N	\N
b924b7d4-3f7f-4d45-b8e7-91a2513968cd	Gear Images	THE NORTH FACE Men's Thermoball Traction Snow Boots .jpg	\N	2026-01-21 15:48:45.083927+00	2026-01-21 15:48:45.083927+00	2026-01-21 15:48:45.083927+00	{"eTag": "\\"2f3ee42744ea304e29581ce46bc815cb-1\\"", "size": 64566, "mimetype": "image/jpeg", "cacheControl": "max-age=3600", "lastModified": "2026-01-21T15:48:45.000Z", "contentLength": 64566, "httpStatusCode": 200}	27d54bae-52c9-4c7e-8a17-475d5a96653f	\N	\N
9baef471-8537-4d5d-820b-0138edda0f02	Gear Images	Mammut Smart HMS 2.0 Screwgate Carabiner one size.jpg	\N	2026-01-21 15:48:45.168248+00	2026-01-21 15:48:45.168248+00	2026-01-21 15:48:45.168248+00	{"eTag": "\\"c0a31d64205fdf7c7bb8501e21859eee-1\\"", "size": 105446, "mimetype": "image/jpeg", "cacheControl": "max-age=3600", "lastModified": "2026-01-21T15:48:45.000Z", "contentLength": 105446, "httpStatusCode": 200}	9d81d030-acd9-49b2-9555-0a07186ccd5f	\N	\N
18b803fa-86a3-44e8-8342-c1e48326b1c8	Gear Images	Mammut Tubular Sling 16.0 80cm 80 cm.jpg	\N	2026-01-21 15:48:45.894724+00	2026-01-21 15:48:45.894724+00	2026-01-21 15:48:45.894724+00	{"eTag": "\\"a0c2bb26b7ef9354a79e34ca41bdefc9-1\\"", "size": 89284, "mimetype": "image/jpeg", "cacheControl": "max-age=3600", "lastModified": "2026-01-21T15:48:46.000Z", "contentLength": 89284, "httpStatusCode": 200}	fb42d1ca-f226-411d-8365-6ca8f6ae3b5b	\N	\N
56cf5673-bd23-44a4-8bf1-d57a0a2f4671	route-uploads	e5484882-26c8-430d-9c84-7ce112269fe8/1769182045594-IMG_2969.jpg	e5484882-26c8-430d-9c84-7ce112269fe8	2026-01-23 15:27:26.170589+00	2026-01-23 15:27:26.170589+00	2026-01-23 15:27:26.170589+00	{"eTag": "\\"b84f24788a965d1a7cca3519b7c114dc\\"", "size": 299294, "mimetype": "image/jpeg", "cacheControl": "max-age=3600", "lastModified": "2026-01-23T15:27:27.000Z", "contentLength": 299294, "httpStatusCode": 200}	3f69083c-3ed1-471d-bab2-01c7bc0b559b	e5484882-26c8-430d-9c84-7ce112269fe8	{}
c367bdef-404f-414c-8005-86c3de18979b	Gear Images	etboil Flash 1.0L Portable Fast Boil Stov.jpg	\N	2026-01-21 15:48:46.710817+00	2026-01-21 15:48:46.710817+00	2026-01-21 15:48:46.710817+00	{"eTag": "\\"2c338081acc29eeb231582450b2051b8-1\\"", "size": 178388, "mimetype": "image/jpeg", "cacheControl": "max-age=3600", "lastModified": "2026-01-21T15:48:47.000Z", "contentLength": 178388, "httpStatusCode": 200}	ef70758a-533e-4b51-b4b5-2ac1094f378a	\N	\N
026df2ee-d65c-4026-83fc-419d35011f1e	route-uploads	e5484882-26c8-430d-9c84-7ce112269fe8/1769182139056-IMG_3097.jpg	e5484882-26c8-430d-9c84-7ce112269fe8	2026-01-23 15:28:59.38151+00	2026-01-23 15:28:59.38151+00	2026-01-23 15:28:59.38151+00	{"eTag": "\\"e2f6287789808473624be32cda07b4e3\\"", "size": 312748, "mimetype": "image/jpeg", "cacheControl": "max-age=3600", "lastModified": "2026-01-23T15:29:00.000Z", "contentLength": 312748, "httpStatusCode": 200}	0868183c-eb97-4112-b06e-6e4c15410ad8	e5484882-26c8-430d-9c84-7ce112269fe8	{}
96026ca4-60a3-4574-af85-dc30a6ab925d	route-uploads	e5484882-26c8-430d-9c84-7ce112269fe8/1769182257999-IMG_3355.jpg	e5484882-26c8-430d-9c84-7ce112269fe8	2026-01-23 15:30:58.337812+00	2026-01-23 15:30:58.337812+00	2026-01-23 15:30:58.337812+00	{"eTag": "\\"00fa71f3e0413328e3ce698e052c2a0e\\"", "size": 299009, "mimetype": "image/jpeg", "cacheControl": "max-age=3600", "lastModified": "2026-01-23T15:30:59.000Z", "contentLength": 299009, "httpStatusCode": 200}	5cd9fcea-d264-4355-8c25-8dd2d7d5a34f	e5484882-26c8-430d-9c84-7ce112269fe8	{}
f6886238-4b97-4ff1-b77f-43185fa4e000	Gear Images	Petzl Erwachsene Rucksack Bug.jpg	\N	2026-01-21 15:48:47.38032+00	2026-01-21 15:48:47.38032+00	2026-01-21 15:48:47.38032+00	{"eTag": "\\"2d0be10b60180e9a0de31186da07541d-1\\"", "size": 16615, "mimetype": "image/jpeg", "cacheControl": "max-age=3600", "lastModified": "2026-01-21T15:48:47.000Z", "contentLength": 16615, "httpStatusCode": 200}	051c07d7-ca4f-45fe-8472-c34c83b27e57	\N	\N
31a72bd0-7348-4911-92e8-d8fd29094db7	Gear Images	La Sportiva Boulder Tarantula, Men's Climbing Shoes.jpg	\N	2026-01-21 15:48:48.197207+00	2026-01-21 15:48:48.197207+00	2026-01-21 15:48:48.197207+00	{"eTag": "\\"00dc5c079330ae19440f2dfb752a283c-1\\"", "size": 42377, "mimetype": "image/jpeg", "cacheControl": "max-age=3600", "lastModified": "2026-01-21T15:48:48.000Z", "contentLength": 42377, "httpStatusCode": 200}	30bf9ec4-7eaf-4632-92b0-ea7bf8f68301	\N	\N
633887cb-5ba7-4c58-8ab4-ca859ca0078f	Gear Images	La Sportiva Solution Comp.jpg	\N	2026-01-21 15:48:42.30142+00	2026-01-21 15:48:42.30142+00	2026-01-21 15:48:42.30142+00	{"eTag": "\\"43a2233397306340d2bdc685132b198b-1\\"", "size": 45525, "mimetype": "image/jpeg", "cacheControl": "max-age=3600", "lastModified": "2026-01-21T15:48:42.000Z", "contentLength": 45525, "httpStatusCode": 200}	f62ef3c6-7e73-4034-b9db-18911238aa1e	\N	\N
9ba4a74b-e411-41ce-a8fc-037507b8b333	Gear Images	Mammut Crag Dry Rope 9,5 mm.jpg	\N	2026-01-21 15:48:43.889968+00	2026-01-21 15:48:43.889968+00	2026-01-21 15:48:43.889968+00	{"eTag": "\\"983216dcbdbb73d32a7b76c7aa027d8b-1\\"", "size": 307414, "mimetype": "image/jpeg", "cacheControl": "max-age=3600", "lastModified": "2026-01-21T15:48:44.000Z", "contentLength": 307414, "httpStatusCode": 200}	ab737206-8dd7-45f9-8224-bbe9c106839f	\N	\N
e39e1ffd-3253-4f6d-91e4-86f8ddac59e2	Gear Images	Mini Wooden Climbing Device .jpg	\N	2026-01-21 15:48:44.856804+00	2026-01-21 15:48:44.856804+00	2026-01-21 15:48:44.856804+00	{"eTag": "\\"918bcb8a12d1ad913d8069c6801fb0e0-1\\"", "size": 82129, "mimetype": "image/jpeg", "cacheControl": "max-age=3600", "lastModified": "2026-01-21T15:48:45.000Z", "contentLength": 82129, "httpStatusCode": 200}	59276470-c1b6-4da1-8ca5-80caa581cdd9	\N	\N
9377ebc3-589d-44c5-bdd1-038bdb81fa22	Gear Images	Sheep Rock Climbing Chalk Bag.jpg	\N	2026-01-21 15:48:44.926593+00	2026-01-21 15:48:44.926593+00	2026-01-21 15:48:44.926593+00	{"eTag": "\\"6d3c57deda2a4f8c8ab61e8556953285-1\\"", "size": 193223, "mimetype": "image/jpeg", "cacheControl": "max-age=3600", "lastModified": "2026-01-21T15:48:45.000Z", "contentLength": 193223, "httpStatusCode": 200}	a3db4420-d24d-4d76-8549-0ae214dee9ac	\N	\N
73b54c64-4bb2-4d15-af9d-c3877b4e90c8	route-uploads	e5484882-26c8-430d-9c84-7ce112269fe8/1769182538201-IMG_3354.jpg	e5484882-26c8-430d-9c84-7ce112269fe8	2026-01-23 15:35:39.753292+00	2026-01-23 15:35:39.753292+00	2026-01-23 15:35:39.753292+00	{"eTag": "\\"e763811f729beda072488317311e87e1\\"", "size": 297087, "mimetype": "image/jpeg", "cacheControl": "max-age=3600", "lastModified": "2026-01-23T15:35:40.000Z", "contentLength": 297087, "httpStatusCode": 200}	6e7a22af-c517-4466-bcc4-e8010255828b	e5484882-26c8-430d-9c84-7ce112269fe8	{}
800166ac-56fc-4639-8eb5-5ee4a3dfd361	Gear Images	etevis RT24 Walkie Talkie PMR446 License-free Prof.jpg	\N	2026-01-21 15:48:46.728015+00	2026-01-21 15:48:46.728015+00	2026-01-21 15:48:46.728015+00	{"eTag": "\\"7478f57a51642c51fd67691c11b27ca9-1\\"", "size": 12483, "mimetype": "image/jpeg", "cacheControl": "max-age=3600", "lastModified": "2026-01-21T15:48:47.000Z", "contentLength": 12483, "httpStatusCode": 200}	bc57334f-95a9-4840-83cc-4c67bb31632f	\N	\N
d74d9008-c5a2-4c34-9124-452193c9e22e	Gear Images	NOVU Fitness - Liquid Chalk for Superior Grip - Weightlifting, Climbing, Fitness.jpg	\N	2026-01-21 15:48:48.191653+00	2026-01-21 15:48:48.191653+00	2026-01-21 15:48:48.191653+00	{"eTag": "\\"d8757eb1bb73c732d9aca1f52e27b044-1\\"", "size": 11229, "mimetype": "image/jpeg", "cacheControl": "max-age=3600", "lastModified": "2026-01-21T15:48:48.000Z", "contentLength": 11229, "httpStatusCode": 200}	3ee23214-d93f-49f5-b7b6-e6eedd076b6f	\N	\N
aae7f011-84ca-45f8-be9f-8c66ec7e55ea	Gear Images	La Sportiva Skwama.jpg	\N	2026-01-21 15:48:42.362208+00	2026-01-21 15:48:42.362208+00	2026-01-21 15:48:42.362208+00	{"eTag": "\\"fdf4979057d74d606b496afff26bf35d-1\\"", "size": 40242, "mimetype": "image/jpeg", "cacheControl": "max-age=3600", "lastModified": "2026-01-21T15:48:42.000Z", "contentLength": 40242, "httpStatusCode": 200}	4057c396-7ee8-4019-9277-d971b123c1b0	\N	\N
c8752acb-9719-45a0-a6fa-1290b874486b	Gear Images	EDELRID Climbing Ropes Boa 9,8 .jpg	\N	2026-01-21 15:48:43.52432+00	2026-01-21 15:48:43.52432+00	2026-01-21 15:48:43.52432+00	{"eTag": "\\"6dfdd92bdd459db6f51feb5629da0c84-1\\"", "size": 81946, "mimetype": "image/jpeg", "cacheControl": "max-age=3600", "lastModified": "2026-01-21T15:48:44.000Z", "contentLength": 81946, "httpStatusCode": 200}	1dd48f23-5503-474c-9b3c-237b098e96f0	\N	\N
896f0ac7-9be2-4096-8ddb-25f6f7afb8d7	Gear Images	Hangboard.jpg	\N	2026-01-21 15:48:43.540936+00	2026-01-21 15:48:43.540936+00	2026-01-21 15:48:43.540936+00	{"eTag": "\\"7460f5fac60ebc24af12fb38c8ea1307-1\\"", "size": 45482, "mimetype": "image/jpeg", "cacheControl": "max-age=3600", "lastModified": "2026-01-21T15:48:44.000Z", "contentLength": 45482, "httpStatusCode": 200}	e7d36537-f1e9-4099-af8f-44f9606e8451	\N	\N
f197c433-d593-4cd3-81b5-0bda3625d63a	Gear Images	Mammut Workhorse HMS Screwgate Carabiner.jpg	\N	2026-01-21 15:48:45.924336+00	2026-01-21 15:48:45.924336+00	2026-01-21 15:48:45.924336+00	{"eTag": "\\"e3d2e2ccb7d98e718fb358084abbc96a-1\\"", "size": 175520, "mimetype": "image/jpeg", "cacheControl": "max-age=3600", "lastModified": "2026-01-21T15:48:46.000Z", "contentLength": 175520, "httpStatusCode": 200}	bdcba761-d13b-43a3-b364-2911084b43e3	\N	\N
65f2ab64-6c2f-4614-9448-8f4a2e6a6489	Gear Images	Vertex Vent.jpg	\N	2026-01-21 15:48:46.643156+00	2026-01-21 15:48:46.643156+00	2026-01-21 15:48:46.643156+00	{"eTag": "\\"6a7ed4914bb4a9626dfe8ddb9dd5dddc-1\\"", "size": 14109, "mimetype": "image/jpeg", "cacheControl": "max-age=3600", "lastModified": "2026-01-21T15:48:47.000Z", "contentLength": 14109, "httpStatusCode": 200}	885a1396-f983-4b33-8362-8534e730c8c6	\N	\N
5c123f08-bfdc-41a1-9c3d-c439c35cad16	Gear Images	Clipstick.jpg	\N	2026-01-21 15:48:47.330918+00	2026-01-21 15:48:47.330918+00	2026-01-21 15:48:47.330918+00	{"eTag": "\\"08c9120d953d8aea55360a4e49e854f2-1\\"", "size": 5687, "mimetype": "image/jpeg", "cacheControl": "max-age=3600", "lastModified": "2026-01-21T15:48:47.000Z", "contentLength": 5687, "httpStatusCode": 200}	76cf1e33-3e0a-47df-a857-d77926d83c7a	\N	\N
dcbd3068-37a5-42d5-9280-040eebe090bc	Gear Images	microtraxion.jpg	\N	2026-01-21 15:48:49.279034+00	2026-01-21 15:48:49.279034+00	2026-01-21 15:48:49.279034+00	{"eTag": "\\"5869d7d76b8c1bdaca99fde63940a708-1\\"", "size": 64189, "mimetype": "image/jpeg", "cacheControl": "max-age=3600", "lastModified": "2026-01-21T15:48:49.000Z", "contentLength": 64189, "httpStatusCode": 200}	a4800e96-cff1-42b4-978f-b334d647e010	\N	\N
d4ffa72b-b0c4-48d0-ab09-536405221a57	route-uploads	e5484882-26c8-430d-9c84-7ce112269fe8/1770230681284-968B19E9-6180-47AC-AC0D-513AA5AA2BDA.jpeg	e5484882-26c8-430d-9c84-7ce112269fe8	2026-02-04 18:44:41.638385+00	2026-02-04 18:44:41.638385+00	2026-02-04 18:44:41.638385+00	{"eTag": "\\"b4ca197f85d09d8b0be22321e740a334\\"", "size": 273710, "mimetype": "image/jpeg", "cacheControl": "max-age=3600", "lastModified": "2026-02-04T18:44:42.000Z", "contentLength": 273710, "httpStatusCode": 200}	31a9a9b7-5617-4f00-a98e-f4950ded952f	e5484882-26c8-430d-9c84-7ce112269fe8	{}
970bd76d-7664-4fbe-b501-82cfb846b0b1	Gear Images	La Sportiva Finale.jpg	\N	2026-01-21 15:48:42.599114+00	2026-01-21 15:48:42.599114+00	2026-01-21 15:48:42.599114+00	{"eTag": "\\"43e3b029b2f779e821b23d86852cd7fb-1\\"", "size": 39018, "mimetype": "image/jpeg", "cacheControl": "max-age=3600", "lastModified": "2026-01-21T15:48:42.000Z", "contentLength": 39018, "httpStatusCode": 200}	db65f1e9-3127-4085-a13b-87ad6b105fb9	\N	\N
77440510-24a8-4d06-81ef-c32892ee5d9b	Gear Images	La Sportiva Katana Lace.jpg	\N	2026-01-21 15:48:42.613073+00	2026-01-21 15:48:42.613073+00	2026-01-21 15:48:42.613073+00	{"eTag": "\\"0a3f52589a35e11af00fa04f8169f289-1\\"", "size": 36337, "mimetype": "image/jpeg", "cacheControl": "max-age=3600", "lastModified": "2026-01-21T15:48:42.000Z", "contentLength": 36337, "httpStatusCode": 200}	6d40b71c-d537-4a87-9965-0a341dd65655	\N	\N
fa54faf9-2266-495d-8fd5-a1f10cac4b7e	Gear Images	Black Diamond Quickdraws.jpg	\N	2026-01-21 15:48:43.373487+00	2026-01-21 15:48:43.373487+00	2026-01-21 15:48:43.373487+00	{"eTag": "\\"7426d79c4c60c856182703ff2e7c933b-1\\"", "size": 84376, "mimetype": "image/jpeg", "cacheControl": "max-age=3600", "lastModified": "2026-01-21T15:48:44.000Z", "contentLength": 84376, "httpStatusCode": 200}	8b93544c-cd17-43d2-be99-01aabaa41319	\N	\N
0549a6cf-5164-4b34-a8b4-1bc6f25712ac	Gear Images	Beal Rando Double & Twin & Half Ropes 8 mm x 30 m .jpg	\N	2026-01-21 15:48:43.819229+00	2026-01-21 15:48:43.819229+00	2026-01-21 15:48:43.819229+00	{"eTag": "\\"6fdcef3973e7d1340a5907b3d30b46a3-1\\"", "size": 187081, "mimetype": "image/jpeg", "cacheControl": "max-age=3600", "lastModified": "2026-01-21T15:48:44.000Z", "contentLength": 187081, "httpStatusCode": 200}	2e7a8d8c-9be3-42df-b1c9-6da296a4bfe6	\N	\N
0de05850-cac5-4535-91f2-fb481bc3f718	Gear Images	EDELRID On Sight Climbing Rope 9.8 mm.jpg	\N	2026-01-21 15:48:43.89252+00	2026-01-21 15:48:43.89252+00	2026-01-21 15:48:43.89252+00	{"eTag": "\\"cb998e4739e7ab634da9c2e8c1c06506-1\\"", "size": 198300, "mimetype": "image/jpeg", "cacheControl": "max-age=3600", "lastModified": "2026-01-21T15:48:44.000Z", "contentLength": 198300, "httpStatusCode": 200}	25e93f8a-c04b-4f71-b600-6fbf2a57a420	\N	\N
c99dedd9-d222-4b8f-ba11-9f8e65c3f1ea	Gear Images	Chalk Bag Bucket Bundle.jpg	\N	2026-01-21 15:48:43.959702+00	2026-01-21 15:48:43.959702+00	2026-01-21 15:48:43.959702+00	{"eTag": "\\"764f5011e684f594e1a2b83725dbb7d6-1\\"", "size": 209148, "mimetype": "image/jpeg", "cacheControl": "max-age=3600", "lastModified": "2026-01-21T15:48:44.000Z", "contentLength": 209148, "httpStatusCode": 200}	7548c55d-c0f9-4e49-b0df-b941e244f487	\N	\N
99fc4a85-6384-4487-9999-3aacc7ef90ff	Gear Images	Baguette Evo Climbing hangboard.jpg	\N	2026-01-21 15:48:44.809044+00	2026-01-21 15:48:44.809044+00	2026-01-21 15:48:44.809044+00	{"eTag": "\\"628f00ab86349fa770cc3b583db6e8e7-1\\"", "size": 70192, "mimetype": "image/jpeg", "cacheControl": "max-age=3600", "lastModified": "2026-01-21T15:48:45.000Z", "contentLength": 70192, "httpStatusCode": 200}	dfc38447-92a9-4568-a8fa-1f017f65e635	\N	\N
305ce259-ed60-45e1-ba4d-c33c8eff9d40	Gear Images	BEEMAT Widdop Bouldering Crash Pad.jpg	\N	2026-01-21 15:48:44.992812+00	2026-01-21 15:48:44.992812+00	2026-01-21 15:48:44.992812+00	{"eTag": "\\"5229b689651cd587931629d0f29d9590-1\\"", "size": 32937, "mimetype": "image/jpeg", "cacheControl": "max-age=3600", "lastModified": "2026-01-21T15:48:45.000Z", "contentLength": 32937, "httpStatusCode": 200}	9fc2f831-1602-4689-ac1a-c05b8758b45b	\N	\N
1b141cf0-8da2-4c1d-a71f-cc718329ce7e	Gear Images	DMM Dragon Cam.jpg	\N	2026-01-21 15:48:45.962044+00	2026-01-21 15:48:45.962044+00	2026-01-21 15:48:45.962044+00	{"eTag": "\\"508224956a4f66c97f1a81647e7fcaef-1\\"", "size": 37834, "mimetype": "image/jpeg", "cacheControl": "max-age=3600", "lastModified": "2026-01-21T15:48:46.000Z", "contentLength": 37834, "httpStatusCode": 200}	0420b932-0add-4db0-9732-4980ead6b9c1	\N	\N
a8dd5a57-c60b-47c1-8ebb-ec272ecc4377	Gear Images	Dmm Dragonfly Micro Cams.jpg	\N	2026-01-21 15:48:45.962158+00	2026-01-21 15:48:45.962158+00	2026-01-21 15:48:45.962158+00	{"eTag": "\\"63b224a531aa1ca69acfdadbc9b47d6c-1\\"", "size": 25427, "mimetype": "image/jpeg", "cacheControl": "max-age=3600", "lastModified": "2026-01-21T15:48:46.000Z", "contentLength": 25427, "httpStatusCode": 200}	e5b228d4-cf44-4930-b0b7-3ec9be7d57eb	\N	\N
6c566c15-8795-4de0-89b1-eff3d7a12bf3	Gear Images	Petzl Unisex_Adult Seilrollen Micro Traxion Cable .jpg	\N	2026-01-21 15:48:46.640077+00	2026-01-21 15:48:46.640077+00	2026-01-21 15:48:46.640077+00	{"eTag": "\\"ba307db5833a2265b5eaeb8af713e946-1\\"", "size": 10848, "mimetype": "image/jpeg", "cacheControl": "max-age=3600", "lastModified": "2026-01-21T15:48:47.000Z", "contentLength": 10848, "httpStatusCode": 200}	d591a283-7d82-460e-ac5b-f9c6c773d400	\N	\N
4ddc2c61-5bbe-4b54-82d2-234d3378924c	Gear Images	Thermos 1.2L.jpg	\N	2026-01-21 15:48:46.669861+00	2026-01-21 15:48:46.669861+00	2026-01-21 15:48:46.669861+00	{"eTag": "\\"a0f2a477e243f511592cdcb98871f68f-1\\"", "size": 5466, "mimetype": "image/jpeg", "cacheControl": "max-age=3600", "lastModified": "2026-01-21T15:48:47.000Z", "contentLength": 5466, "httpStatusCode": 200}	f7a54c6c-3f57-47a1-b686-3f213db49346	\N	\N
f308e569-3322-4e9c-9947-89329f47a863	Gear Images	Psychi Rock Climbing Rope Bag.jpg	\N	2026-01-21 15:48:47.456274+00	2026-01-21 15:48:47.456274+00	2026-01-21 15:48:47.456274+00	{"eTag": "\\"0da996ebdc4e2e29faff4f7541571632-1\\"", "size": 10698, "mimetype": "image/jpeg", "cacheControl": "max-age=3600", "lastModified": "2026-01-21T15:48:47.000Z", "contentLength": 10698, "httpStatusCode": 200}	3e42a506-944a-4952-b3af-b1707f45a393	\N	\N
bdbbb9b1-924b-4600-a757-3968ea03042a	Gear Images	Petzl Sitta .jpg	\N	2026-01-23 20:00:15.960302+00	2026-01-23 20:00:15.960302+00	2026-01-23 20:00:15.960302+00	{"eTag": "\\"53dd14235df7bd4de93b5f619fb681c4-1\\"", "size": 48777, "mimetype": "image/jpeg", "cacheControl": "max-age=3600", "lastModified": "2026-01-23T20:00:16.000Z", "contentLength": 48777, "httpStatusCode": 200}	712a6445-ada6-4850-a0f1-7c6fdcbcbee4	\N	\N
21a840ba-0b32-42e7-b1cd-aa7b0d23f167	Gear Images	La Sportiva Skwama - Women's .jpg	\N	2026-01-23 20:00:16.043104+00	2026-01-23 20:00:16.043104+00	2026-01-23 20:00:16.043104+00	{"eTag": "\\"2fd47badfc4530f231c318a008fd4bf1-1\\"", "size": 44416, "mimetype": "image/jpeg", "cacheControl": "max-age=3600", "lastModified": "2026-01-23T20:00:16.000Z", "contentLength": 44416, "httpStatusCode": 200}	89f5908c-bb1e-43f2-8973-fbd275ddb900	\N	\N
791cb063-c95f-4f7a-9266-57cf0cddf312	Gear Images	PETZL, Spirit Express, Light And Multipurpose Postp.jpg	\N	2026-01-21 15:48:46.735198+00	2026-01-21 15:48:46.735198+00	2026-01-21 15:48:46.735198+00	{"eTag": "\\"e6893e895a7397f40d317c28f9dab5e6-1\\"", "size": 26861, "mimetype": "image/jpeg", "cacheControl": "max-age=3600", "lastModified": "2026-01-21T15:48:47.000Z", "contentLength": 26861, "httpStatusCode": 200}	fc94abbc-7eb8-45f4-92a9-94f35a575154	\N	\N
b95c943c-02f3-44b1-b956-e6276c62b681	Gear Images	BG-Climbing-Belay-Glasses-Rock.jpg	\N	2026-01-21 15:48:47.261001+00	2026-01-21 15:48:47.261001+00	2026-01-21 15:48:47.261001+00	{"eTag": "\\"15490e387ca6d4a9446622379fb360bd-1\\"", "size": 23690, "mimetype": "image/jpeg", "cacheControl": "max-age=3600", "lastModified": "2026-01-21T15:48:47.000Z", "contentLength": 23690, "httpStatusCode": 200}	da5a39e5-c5aa-4ab3-a781-d5fd959360dd	\N	\N
f1f68a19-32ff-407c-a7db-529b8e60c3e6	Gear Images	PETZL, Tarp, Rope Holder Towel, Black, One Size, Unisex-Adult.jpg	\N	2026-01-21 15:48:48.29486+00	2026-01-21 15:48:48.29486+00	2026-01-21 15:48:48.29486+00	{"eTag": "\\"20b2a12764cba9c361bd3f9732b019ff-1\\"", "size": 41740, "mimetype": "image/jpeg", "cacheControl": "max-age=3600", "lastModified": "2026-01-21T15:48:48.000Z", "contentLength": 41740, "httpStatusCode": 200}	05936286-f358-48cc-bde0-70227d1d5de1	\N	\N
9b4a8726-6c55-4f70-b7f3-41716b6cd617	Gear Images	BLACK DIAMOND Circuit Crash Pad for Boulder and Rock Climbing.jpg	\N	2026-01-21 15:48:48.308119+00	2026-01-21 15:48:48.308119+00	2026-01-21 15:48:48.308119+00	{"eTag": "\\"cecc05a00a2a9dff6461dff80ede24fd-1\\"", "size": 25851, "mimetype": "image/jpeg", "cacheControl": "max-age=3600", "lastModified": "2026-01-21T15:48:48.000Z", "contentLength": 25851, "httpStatusCode": 200}	93272b61-b441-4852-9d58-64ef716e34ce	\N	\N
bd394f34-a773-4ca9-9379-4a3eea01599b	Gear Images	La Sportiva Boulder X shoe.jpg	\N	2026-01-23 20:00:16.62158+00	2026-01-23 20:00:16.62158+00	2026-01-23 20:00:16.62158+00	{"eTag": "\\"d2326be17110dba886b8ebb9eae47a69-1\\"", "size": 115645, "mimetype": "image/jpeg", "cacheControl": "max-age=3600", "lastModified": "2026-01-23T20:00:17.000Z", "contentLength": 115645, "httpStatusCode": 200}	5db7eaa9-0619-48ff-81d1-48e75399e5a4	\N	\N
5c1ecbbb-b3e0-442f-bdbe-96598a9a0286	Gear Images	PETZL Ouistiti.jpg	\N	2026-01-21 15:48:49.015085+00	2026-01-21 15:48:49.015085+00	2026-01-21 15:48:49.015085+00	{"eTag": "\\"7de8c7154392934c03bda853091499a4-1\\"", "size": 169514, "mimetype": "image/jpeg", "cacheControl": "max-age=3600", "lastModified": "2026-01-21T15:48:49.000Z", "contentLength": 169514, "httpStatusCode": 200}	4df9e5c1-17ca-4812-b6d9-c62e6630b519	\N	\N
95895dad-c219-4678-a869-66fa5944e8f4	Gear Images	PETZL Unisex's I'D L Descender.jpg	\N	2026-01-21 15:48:49.036852+00	2026-01-21 15:48:49.036852+00	2026-01-21 15:48:49.036852+00	{"eTag": "\\"2f96a6a533a4503d9387b4afd15417c4-1\\"", "size": 58580, "mimetype": "image/jpeg", "cacheControl": "max-age=3600", "lastModified": "2026-01-21T15:48:49.000Z", "contentLength": 58580, "httpStatusCode": 200}	9faa022b-0828-4eb2-8de6-95478a14e868	\N	\N
8ba99dad-6933-4391-ae83-417aa6117570	Gear Images	Petzl Macchu .jpg	\N	2026-01-23 20:00:17.367353+00	2026-01-23 20:00:17.367353+00	2026-01-23 20:00:17.367353+00	{"eTag": "\\"33513b05f3a98482618f089a4e07821f-1\\"", "size": 178487, "mimetype": "image/jpeg", "cacheControl": "max-age=3600", "lastModified": "2026-01-23T20:00:18.000Z", "contentLength": 178487, "httpStatusCode": 200}	283429a3-c52b-4177-a723-93fdb5d6023f	\N	\N
eb1d0a64-f637-4d71-a299-142299b52c75	Gear Images	North Wales Rockfax.jpg	\N	2026-02-19 10:53:07.771285+00	2026-02-19 10:53:07.771285+00	2026-02-19 10:53:07.771285+00	{"eTag": "\\"7a43482d9c1d0707845b52fe7052ac34-1\\"", "size": 322441, "mimetype": "image/jpeg", "cacheControl": "max-age=3600", "lastModified": "2026-02-19T10:53:08.000Z", "contentLength": 322441, "httpStatusCode": 200}	83a48779-71b5-482f-a0c8-3b49d8d1540e	\N	\N
593f1178-e028-4146-8c84-f67af05bf86f	Gear Images	Nakd Fruit & Nut Bar Variety Pack - Vegan - .jpg	\N	2026-01-21 15:48:47.396182+00	2026-01-21 15:48:47.396182+00	2026-01-21 15:48:47.396182+00	{"eTag": "\\"f49a196bd61263a6f66b09559511ec27-1\\"", "size": 17601, "mimetype": "image/jpeg", "cacheControl": "max-age=3600", "lastModified": "2026-01-21T15:48:48.000Z", "contentLength": 17601, "httpStatusCode": 200}	37cddc67-1bfd-4121-bc64-9550b04f51a9	\N	\N
5988eeea-78b9-484b-b79d-c497c12e6eab	Gear Images	EVER ADVANCED Camping Chair for Adults Oversized 230KG.jpg	\N	2026-01-21 15:48:47.407343+00	2026-01-21 15:48:47.407343+00	2026-01-21 15:48:47.407343+00	{"eTag": "\\"2bd5f97de403d37e58c4b2aa8310aed9-1\\"", "size": 114006, "mimetype": "image/jpeg", "cacheControl": "max-age=3600", "lastModified": "2026-01-21T15:48:47.000Z", "contentLength": 114006, "httpStatusCode": 200}	72f1d2a4-a373-46bd-b8ad-46fd6f008fa1	\N	\N
505a5df5-3495-4bda-b4f0-9cd19b0fd423	Gear Images	Scarpa Crux Shoe.jpg	\N	2026-01-23 20:00:16.065534+00	2026-01-23 20:00:16.065534+00	2026-01-23 20:00:16.065534+00	{"eTag": "\\"ddcc2efc7c9f9dc77ed9c5bef77efa52-1\\"", "size": 43668, "mimetype": "image/jpeg", "cacheControl": "max-age=3600", "lastModified": "2026-01-23T20:00:16.000Z", "contentLength": 43668, "httpStatusCode": 200}	64a323a0-46b5-4dfc-966e-3fb30cdb3239	\N	\N
4705fd3f-e8a8-4ed4-8463-8116ac9bb46d	Gear Images	aseline Original Pure Petroleum Jell.jpg	\N	2026-01-21 15:48:48.203599+00	2026-01-21 15:48:48.203599+00	2026-01-21 15:48:48.203599+00	{"eTag": "\\"26e49fc1ef0ee8f479672e79ea190eb6-1\\"", "size": 13372, "mimetype": "image/jpeg", "cacheControl": "max-age=3600", "lastModified": "2026-01-21T15:48:48.000Z", "contentLength": 13372, "httpStatusCode": 200}	3e63b290-9948-4429-87ae-30de7706ac4b	\N	\N
c7d33a84-835d-41d3-984f-53ce815b582d	Gear Images	Lake District.jpg	\N	2026-02-19 10:53:07.805732+00	2026-02-19 10:53:07.805732+00	2026-02-19 10:53:07.805732+00	{"eTag": "\\"23721a7937a59cf9d226c45d2020a7fe-1\\"", "size": 259455, "mimetype": "image/jpeg", "cacheControl": "max-age=3600", "lastModified": "2026-02-19T10:53:08.000Z", "contentLength": 259455, "httpStatusCode": 200}	d0360ab8-418c-4eb7-8ce0-7ca69630d5f5	\N	\N
1751f720-1fc1-4d40-ba71-54b7732b596e	Gear Images	CeraVe Moisturising Cream, Face & Body, With 3 essentia.jpg	\N	2026-01-21 15:48:47.38207+00	2026-01-21 15:48:47.38207+00	2026-01-21 15:48:47.38207+00	{"eTag": "\\"b6df270281e03dd629a81ed72ab66815-1\\"", "size": 80261, "mimetype": "image/jpeg", "cacheControl": "max-age=3600", "lastModified": "2026-01-21T15:48:48.000Z", "contentLength": 80261, "httpStatusCode": 200}	cb9e1576-2e94-4d31-98df-3af8e9a5d9cd	\N	\N
06ea8242-56f0-4900-8420-f6b5c74545d3	Gear Images	La Roche-Posay Anthelios UVMune 400 Ultra-Light Invisible .jpg	\N	2026-01-21 15:48:48.200502+00	2026-01-21 15:48:48.200502+00	2026-01-21 15:48:48.200502+00	{"eTag": "\\"551ec35bc5fe936f693c84a3cbea2e82-1\\"", "size": 79777, "mimetype": "image/jpeg", "cacheControl": "max-age=3600", "lastModified": "2026-01-21T15:48:48.000Z", "contentLength": 79777, "httpStatusCode": 200}	a06b4bca-235f-4721-b0e4-294962248fb2	\N	\N
2c51ab88-529d-415b-a318-d1927ff53a54	Gear Images	TACVASEN Men's Hoodies UPF 50+ Sun Protection Performance.jpg	\N	2026-01-21 15:48:48.213184+00	2026-01-21 15:48:48.213184+00	2026-01-21 15:48:48.213184+00	{"eTag": "\\"e55adac8e09f1cbc3a0e829dd0576174-1\\"", "size": 13166, "mimetype": "image/jpeg", "cacheControl": "max-age=3600", "lastModified": "2026-01-21T15:48:48.000Z", "contentLength": 13166, "httpStatusCode": 200}	ec9b9c69-2f5c-4556-8bab-e29eb4570a2f	\N	\N
1501ff37-f954-4cb3-b024-ee0122922ab7	Gear Images	Madu Rock Climbing Brush.jpg	\N	2026-01-21 15:48:48.222218+00	2026-01-21 15:48:48.222218+00	2026-01-21 15:48:48.222218+00	{"eTag": "\\"d03c5196f3761efdd07face536b59708-1\\"", "size": 5521, "mimetype": "image/jpeg", "cacheControl": "max-age=3600", "lastModified": "2026-01-21T15:48:48.000Z", "contentLength": 5521, "httpStatusCode": 200}	465453ec-389c-4132-bdd8-638c7e8aa71f	\N	\N
8d5f1aa5-973a-4382-943b-1f1cdd366b60	Gear Images	Scarpa Instinct VS.jpg	\N	2026-01-23 20:00:16.227643+00	2026-01-23 20:00:16.227643+00	2026-01-23 20:00:16.227643+00	{"eTag": "\\"f05117ca7b0c3aa4cb388d16fcf71103-1\\"", "size": 33151, "mimetype": "image/jpeg", "cacheControl": "max-age=3600", "lastModified": "2026-01-23T20:00:16.000Z", "contentLength": 33151, "httpStatusCode": 200}	770ec343-23c9-4857-8f26-75cb1429da65	\N	\N
eeadcbc7-dc91-4e07-ad47-e67931fb69c1	Gear Images	Nature Valley Protein Peanut & Chocolate Gluten Free C.jpg	\N	2026-01-21 15:48:47.620157+00	2026-01-21 15:48:47.620157+00	2026-01-21 15:48:47.620157+00	{"eTag": "\\"ddf3b13289c7aae16ca800f9fc94a1ff-1\\"", "size": 20718, "mimetype": "image/jpeg", "cacheControl": "max-age=3600", "lastModified": "2026-01-21T15:48:47.000Z", "contentLength": 20718, "httpStatusCode": 200}	0a4bd0cc-421d-490a-abc5-bfe944143607	\N	\N
37af0b45-f49a-4b17-9804-5a83a3a76003	Gear Images	A SPORTIVA TX4 Evo GTX - Men's Approach Shoes.jpg	\N	2026-01-21 15:48:48.194036+00	2026-01-21 15:48:48.194036+00	2026-01-21 15:48:48.194036+00	{"eTag": "\\"73fddf97e94e4dd1b894ccf23e09841f-1\\"", "size": 16622, "mimetype": "image/jpeg", "cacheControl": "max-age=3600", "lastModified": "2026-01-21T15:48:48.000Z", "contentLength": 16622, "httpStatusCode": 200}	c4fcdb68-e0c3-4e51-a52b-7a0546f886e4	\N	\N
98893010-089a-4625-8f4e-aec5e438a669	Gear Images	La Sportiva Katana Lace - Women's .jpg	\N	2026-01-23 20:00:16.303348+00	2026-01-23 20:00:16.303348+00	2026-01-23 20:00:16.303348+00	{"eTag": "\\"bc63af1450873368af220f6fe5a00ca9-1\\"", "size": 49538, "mimetype": "image/jpeg", "cacheControl": "max-age=3600", "lastModified": "2026-01-23T20:00:16.000Z", "contentLength": 49538, "httpStatusCode": 200}	5e551a65-e537-4611-90ee-b1a5f6ae45d4	\N	\N
5b28f5f3-5ffa-475d-9c9d-249c7e2d7e4c	Gear Images	petzl-verso.jpg	\N	2026-01-21 15:48:49.287542+00	2026-01-21 15:48:49.287542+00	2026-01-21 15:48:49.287542+00	{"eTag": "\\"9947def3a05b45a95bcb63a7f90df7af-1\\"", "size": 76670, "mimetype": "image/jpeg", "cacheControl": "max-age=3600", "lastModified": "2026-01-21T15:48:49.000Z", "contentLength": 76670, "httpStatusCode": 200}	77fa345a-763c-4097-aab2-ac5623e0c9d3	\N	\N
dd0a77f4-6f56-472f-bdf5-ae0b18e67ad4	Gear Images	PETZL Neox Belay Device.jpg	\N	2026-01-23 20:00:16.346687+00	2026-01-23 20:00:16.346687+00	2026-01-23 20:00:16.346687+00	{"eTag": "\\"384330c5e01590311e9cb8002cd445fa-1\\"", "size": 66153, "mimetype": "image/jpeg", "cacheControl": "max-age=3600", "lastModified": "2026-01-23T20:00:16.000Z", "contentLength": 66153, "httpStatusCode": 200}	95088128-f284-4150-9784-991e6b908566	\N	\N
a44154a4-702f-43c1-b107-1c17c5b0c3fd	Gear Images	France_ Ariege.jpg	\N	2026-02-19 10:53:07.883348+00	2026-02-19 10:53:07.883348+00	2026-02-19 10:53:07.883348+00	{"eTag": "\\"a61fa87d6a716d7b773c93bf41b7f66a-1\\"", "size": 383987, "mimetype": "image/jpeg", "cacheControl": "max-age=3600", "lastModified": "2026-02-19T10:53:08.000Z", "contentLength": 383987, "httpStatusCode": 200}	449ebe59-a682-432d-b19a-d3572b25cac9	\N	\N
b04f9fba-ffb9-4985-b0bd-af3c84c9197a	Gear Images	El Chorro.jpg	\N	2026-02-19 10:53:07.885342+00	2026-02-19 10:53:07.885342+00	2026-02-19 10:53:07.885342+00	{"eTag": "\\"fa02756a41ee6742a33272efe3e92c33-1\\"", "size": 220363, "mimetype": "image/jpeg", "cacheControl": "max-age=3600", "lastModified": "2026-02-19T10:53:08.000Z", "contentLength": 220363, "httpStatusCode": 200}	15b5e21c-0b1f-4552-9e2f-868637e89dbb	\N	\N
48fba751-bb2b-4e4f-b578-daa5eb21fbcb	Gear Images	The Dolomites.jpg	\N	2026-02-19 10:53:07.890846+00	2026-02-19 10:53:07.890846+00	2026-02-19 10:53:07.890846+00	{"eTag": "\\"f2dad0e7a79c269211677774cdbf19df-1\\"", "size": 365878, "mimetype": "image/jpeg", "cacheControl": "max-age=3600", "lastModified": "2026-02-19T10:53:08.000Z", "contentLength": 365878, "httpStatusCode": 200}	4ff0c766-7c5d-4faf-9c38-98f8547454bd	\N	\N
7a370751-8907-48b9-b3f0-5f0f65d935dd	Gear Images	Lake District Bouldering.jpg	\N	2026-02-19 10:53:07.908789+00	2026-02-19 10:53:07.908789+00	2026-02-19 10:53:07.908789+00	{"eTag": "\\"b361bc3ab41aad28c402f2f65b42301b-1\\"", "size": 448639, "mimetype": "image/jpeg", "cacheControl": "max-age=3600", "lastModified": "2026-02-19T10:53:08.000Z", "contentLength": 448639, "httpStatusCode": 200}	5870e5e8-a8b4-43c9-9bcd-3015573f708e	\N	\N
7df8c182-4d2d-4d96-b8c1-34a22fc945f0	route-uploads	e5484882-26c8-430d-9c84-7ce112269fe8/1771540804851-A5458504-E717-4853-9052-7FD5999B3A54.jpeg	e5484882-26c8-430d-9c84-7ce112269fe8	2026-02-19 22:40:05.361131+00	2026-02-19 22:40:05.361131+00	2026-02-19 22:40:05.361131+00	{"eTag": "\\"5e304134695e3e0509b38acd4e1dfd03\\"", "size": 242446, "mimetype": "image/jpeg", "cacheControl": "max-age=3600", "lastModified": "2026-02-19T22:40:06.000Z", "contentLength": 242446, "httpStatusCode": 200}	7acd769a-c764-4f68-9f19-e0072a5a388d	e5484882-26c8-430d-9c84-7ce112269fe8	{}
0011bf6a-9fae-4764-95bb-367062035e7f	route-uploads	e5484882-26c8-430d-9c84-7ce112269fe8/1771540829781-2026AB5D-87DD-4B8F-A708-1A707E5557C0.jpeg	e5484882-26c8-430d-9c84-7ce112269fe8	2026-02-19 22:40:30.2772+00	2026-02-19 22:40:30.2772+00	2026-02-19 22:40:30.2772+00	{"eTag": "\\"4b1dd70ac16e34fdd56b499b563f448b\\"", "size": 265674, "mimetype": "image/jpeg", "cacheControl": "max-age=3600", "lastModified": "2026-02-19T22:40:31.000Z", "contentLength": 265674, "httpStatusCode": 200}	769a8a8e-48f8-4706-b60e-83adf8745c55	e5484882-26c8-430d-9c84-7ce112269fe8	{}
7efcfd54-2722-4d29-b0fb-856bec72868f	route-uploads	fcf46093-2632-4f87-a560-c520ad9877eb/1771593100190-1000015951.jpg	fcf46093-2632-4f87-a560-c520ad9877eb	2026-02-20 13:11:40.89632+00	2026-02-20 13:11:40.89632+00	2026-02-20 13:11:40.89632+00	{"eTag": "\\"4b440b7036e6f3ee191f35b33fdb13f0\\"", "size": 302815, "mimetype": "image/jpeg", "cacheControl": "max-age=3600", "lastModified": "2026-02-20T13:11:41.000Z", "contentLength": 302815, "httpStatusCode": 200}	019bbec1-8bcc-4389-b570-3815019ee675	fcf46093-2632-4f87-a560-c520ad9877eb	{}
015afc75-ec8d-4970-b038-629f8d912720	route-uploads	fcf46093-2632-4f87-a560-c520ad9877eb/1771602339785-1000026184.jpg	fcf46093-2632-4f87-a560-c520ad9877eb	2026-02-20 15:45:42.617205+00	2026-02-20 15:45:42.617205+00	2026-02-20 15:45:42.617205+00	{"eTag": "\\"d37dd4584ffe27ffe21e56d0a8c61e28\\"", "size": 4747373, "mimetype": "image/jpeg", "cacheControl": "max-age=3600", "lastModified": "2026-02-20T15:45:43.000Z", "contentLength": 4747373, "httpStatusCode": 200}	099ad959-6342-4d3c-ab4d-648e6c7d4ecf	fcf46093-2632-4f87-a560-c520ad9877eb	{}
\.


--
-- Data for Name: s3_multipart_uploads; Type: TABLE DATA; Schema: storage; Owner: supabase_storage_admin
--

COPY "storage"."s3_multipart_uploads" ("id", "in_progress_size", "upload_signature", "bucket_id", "key", "version", "owner_id", "created_at", "user_metadata") FROM stdin;
\.


--
-- Data for Name: s3_multipart_uploads_parts; Type: TABLE DATA; Schema: storage; Owner: supabase_storage_admin
--

COPY "storage"."s3_multipart_uploads_parts" ("id", "upload_id", "size", "part_number", "bucket_id", "key", "etag", "owner_id", "version", "created_at") FROM stdin;
\.


--
-- Data for Name: vector_indexes; Type: TABLE DATA; Schema: storage; Owner: supabase_storage_admin
--

COPY "storage"."vector_indexes" ("id", "name", "bucket_id", "data_type", "dimension", "distance_metric", "metadata_configuration", "created_at", "updated_at") FROM stdin;
\.


--
-- Name: refresh_tokens_id_seq; Type: SEQUENCE SET; Schema: auth; Owner: supabase_auth_admin
--

SELECT pg_catalog.setval('"auth"."refresh_tokens_id_seq"', 942, true);


--
-- PostgreSQL database dump complete
--

-- \unrestrict 3aMAU4XYZNNWtCVyKj7b6Cp4FRMd5hTvCTKoki5TcXHOYVAXVaRhm1bzxX7njqv

RESET ALL;
